path,split,label,class_id,width,height,status
data\isl_alphabet_digits\train\0\Output Image -201.jpg,train,0,26,400,400,accepted
data\isl_alphabet_digits\train\0\Sign 0 (494).jpeg,train,0,26,400,400,accepted
data\isl_alphabet_digits\train\0\Output Image -352.jpg,train,0,26,400,400,accepted
data\isl_alphabet_digits\train\0\Output Image -291.jpg,train,0,26,400,400,accepted
data\isl_alphabet_digits\train\0\Sign 0 (200).jpeg,train,0,26,400,400,accepted
data\isl_alphabet_digits\train\0\Sign 0 (480).jpeg,train,0,26,400,400,accepted
data\isl_alphabet_digits\train\0\Sign 0 (439).jpeg,train,0,26,400,400,accepted
data\isl_alphabet_digits\train\0\Sign 0 (307).jpeg,train,0,26,400,400,accepted
data\isl_alphabet_digits\train\0\Output Image -87.jpg,train,0,26,400,400,accepted
data\isl_alphabet_digits\train\0\Output Image -329.jpg,train,0,26,400,400,accepted
data\isl_alphabet_digits\train\0\Sign 0 (207).jpeg,train,0,26,400,400,accepted
data\isl_alphabet_digits\train\0\Sign 0 (152).jpeg,train,0,26,400,400,accepted
data\isl_alphabet_digits\train\0\Output Image -226.jpg,train,0,26,400,400,accepted
data\isl_alphabet_digits\train\0\Sign 0 (220).jpeg,train,0,26,400,400,accepted
data\isl_alphabet_digits\train\0\Output Image -81.jpg,train,0,26,400,400,accepted
data\isl_alphabet_digits\train\0\Sign 0 (356).jpeg,train,0,26,400,400,accepted
data\isl_alphabet_digits\train\0\Output Image -396.jpg,train,0,26,400,400,accepted
data\isl_alphabet_digits\train\0\Output Image -482.jpg,train,0,26,400,400,accepted
data\isl_alphabet_digits\train\0\Output Image -185.jpg,train,0,26,400,400,accepted
data\isl_alphabet_digits\train\0\Sign 0 (43).jpeg,train,0,26,400,400,accepted
data\isl_alphabet_digits\train\0\Sign 0 (381).jpeg,train,0,26,400,400,accepted
data\isl_alphabet_digits\train\0\Output Image -124.jpg,train,0,26,400,400,accepted
data\isl_alphabet_digits\train\0\Output Image -237.jpg,train,0,26,400,400,accepted
data\isl_alphabet_digits\train\0\Output Image -42.jpg,train,0,26,400,400,accepted
data\isl_alphabet_digits\train\0\Sign 0 (11).jpeg,train,0,26,400,400,accepted
data\isl_alphabet_digits\train\0\Sign 0 (376).jpeg,train,0,26,400,400,accepted
data\isl_alphabet_digits\train\0\Sign 0 (323).jpeg,train,0,26,400,400,accepted
data\isl_alphabet_digits\train\0\Sign 0 (348).jpeg,train,0,26,400,400,accepted
data\isl_alphabet_digits\train\0\Sign 0 (446).jpeg,train,0,26,400,400,accepted
data\isl_alphabet_digits\train\0\Sign 0 (425).jpeg,train,0,26,400,400,accepted
data\isl_alphabet_digits\train\0\Output Image -434.jpg,train,0,26,400,400,accepted
data\isl_alphabet_digits\train\0\Output Image -465.jpg,train,0,26,400,400,accepted
data\isl_alphabet_digits\train\0\Output Image -103.jpg,train,0,26,400,400,accepted
data\isl_alphabet_digits\train\0\Output Image -412.jpg,train,0,26,400,400,accepted
data\isl_alphabet_digits\train\0\Sign 0 (495).jpeg,train,0,26,400,400,accepted
data\isl_alphabet_digits\train\0\Sign 0 (124).jpeg,train,0,26,400,400,accepted
data\isl_alphabet_digits\train\0\Sign 0 (139).jpeg,train,0,26,400,400,accepted
data\isl_alphabet_digits\train\0\Output Image -301.jpg,train,0,26,400,400,accepted
data\isl_alphabet_digits\train\0\Output Image -52.jpg,train,0,26,400,400,accepted
data\isl_alphabet_digits\train\0\Sign 0 (129).jpeg,train,0,26,400,400,accepted
data\isl_alphabet_digits\train\0\Sign 0 (326).jpeg,train,0,26,400,400,accepted
data\isl_alphabet_digits\train\0\Output Image -381.jpg,train,0,26,400,400,accepted
data\isl_alphabet_digits\train\0\Sign 0 (190).jpeg,train,0,26,400,400,accepted
data\isl_alphabet_digits\train\0\Sign 0 (477).jpeg,train,0,26,400,400,accepted
data\isl_alphabet_digits\train\0\Output Image -184.jpg,train,0,26,400,400,accepted
data\isl_alphabet_digits\train\0\Sign 0 (405).jpeg,train,0,26,400,400,accepted
data\isl_alphabet_digits\train\0\Sign 0 (442).jpeg,train,0,26,400,400,accepted
data\isl_alphabet_digits\train\0\Output Image -420.jpg,train,0,26,400,400,accepted
data\isl_alphabet_digits\train\0\Output Image -259.jpg,train,0,26,400,400,accepted
data\isl_alphabet_digits\train\0\Sign 0 (278).jpeg,train,0,26,400,400,accepted
data\isl_alphabet_digits\train\0\Output Image -295.jpg,train,0,26,400,400,accepted
data\isl_alphabet_digits\train\0\Sign 0 (39).jpeg,train,0,26,400,400,accepted
data\isl_alphabet_digits\train\0\Sign 0 (144).jpeg,train,0,26,400,400,accepted
data\isl_alphabet_digits\train\0\Sign 0 (136).jpeg,train,0,26,400,400,accepted
data\isl_alphabet_digits\train\0\Sign 0 (456).jpeg,train,0,26,400,400,accepted
data\isl_alphabet_digits\train\0\Output Image -398.jpg,train,0,26,400,400,accepted
data\isl_alphabet_digits\train\0\Output Image -382.jpg,train,0,26,400,400,accepted
data\isl_alphabet_digits\train\0\Output Image -374.jpg,train,0,26,400,400,accepted
data\isl_alphabet_digits\train\0\Sign 0 (149).jpeg,train,0,26,400,400,accepted
data\isl_alphabet_digits\train\0\Sign 0 (13).jpeg,train,0,26,400,400,accepted
data\isl_alphabet_digits\train\0\Output Image -230.jpg,train,0,26,400,400,accepted
data\isl_alphabet_digits\train\0\Output Image -120.jpg,train,0,26,400,400,accepted
data\isl_alphabet_digits\train\0\Output Image -334.jpg,train,0,26,400,400,accepted
data\isl_alphabet_digits\train\0\Output Image -5.jpg,train,0,26,400,400,accepted
data\isl_alphabet_digits\train\0\Sign 0 (73).jpeg,train,0,26,400,400,accepted
data\isl_alphabet_digits\train\0\Output Image -379.jpg,train,0,26,400,400,accepted
data\isl_alphabet_digits\train\0\Output Image -484.jpg,train,0,26,400,400,accepted
data\isl_alphabet_digits\train\0\Output Image -147.jpg,train,0,26,400,400,accepted
data\isl_alphabet_digits\train\0\Sign 0 (333).jpeg,train,0,26,400,400,accepted
data\isl_alphabet_digits\train\0\Output Image -212.jpg,train,0,26,400,400,accepted
data\isl_alphabet_digits\train\0\Output Image -177.jpg,train,0,26,400,400,accepted
data\isl_alphabet_digits\train\0\Sign 0 (106).jpeg,train,0,26,400,400,accepted
data\isl_alphabet_digits\train\0\Output Image -388.jpg,train,0,26,400,400,accepted
data\isl_alphabet_digits\train\0\Output Image -12.jpg,train,0,26,400,400,accepted
data\isl_alphabet_digits\train\0\Output Image -144.jpg,train,0,26,400,400,accepted
data\isl_alphabet_digits\train\0\Output Image -491.jpg,train,0,26,400,400,accepted
data\isl_alphabet_digits\train\0\Output Image -347.jpg,train,0,26,400,400,accepted
data\isl_alphabet_digits\train\0\Sign 0 (77).jpeg,train,0,26,400,400,accepted
data\isl_alphabet_digits\train\0\Output Image -278.jpg,train,0,26,400,400,accepted
data\isl_alphabet_digits\train\0\Output Image -34.jpg,train,0,26,400,400,accepted
data\isl_alphabet_digits\train\0\Sign 0 (337).jpeg,train,0,26,400,400,accepted
data\isl_alphabet_digits\train\0\Output Image -498.jpg,train,0,26,400,400,accepted
data\isl_alphabet_digits\train\0\Sign 0 (257).jpeg,train,0,26,400,400,accepted
data\isl_alphabet_digits\train\0\Output Image -369.jpg,train,0,26,400,400,accepted
data\isl_alphabet_digits\train\0\Sign 0 (398).jpeg,train,0,26,400,400,accepted
data\isl_alphabet_digits\train\0\Sign 0 (107).jpeg,train,0,26,400,400,accepted
data\isl_alphabet_digits\train\0\Output Image -475.jpg,train,0,26,400,400,accepted
data\isl_alphabet_digits\train\0\Sign 0 (153).jpeg,train,0,26,400,400,accepted
data\isl_alphabet_digits\train\0\Output Image -459.jpg,train,0,26,400,400,accepted
data\isl_alphabet_digits\train\0\Sign 0 (367).jpeg,train,0,26,400,400,accepted
data\isl_alphabet_digits\train\0\Output Image -399.jpg,train,0,26,400,400,accepted
data\isl_alphabet_digits\train\0\Sign 0 (249).jpeg,train,0,26,400,400,accepted
data\isl_alphabet_digits\train\0\Sign 0 (362).jpeg,train,0,26,400,400,accepted
data\isl_alphabet_digits\train\0\Sign 0 (184).jpeg,train,0,26,400,400,accepted
data\isl_alphabet_digits\train\0\Sign 0 (458).jpeg,train,0,26,400,400,accepted
data\isl_alphabet_digits\train\0\Output Image -68.jpg,train,0,26,400,400,accepted
data\isl_alphabet_digits\train\0\Sign 0 (420).jpeg,train,0,26,400,400,accepted
data\isl_alphabet_digits\train\0\Sign 0 (23).jpeg,train,0,26,400,400,accepted
data\isl_alphabet_digits\train\0\Sign 0 (472).jpeg,train,0,26,400,400,accepted
data\isl_alphabet_digits\train\0\Output Image -65.jpg,train,0,26,400,400,accepted
data\isl_alphabet_digits\train\0\Output Image -162.jpg,train,0,26,400,400,accepted
data\isl_alphabet_digits\train\0\Output Image -274.jpg,train,0,26,400,400,accepted
data\isl_alphabet_digits\train\0\Sign 0 (280).jpeg,train,0,26,400,400,accepted
data\isl_alphabet_digits\train\0\Sign 0 (85).jpeg,train,0,26,400,400,accepted
data\isl_alphabet_digits\train\0\Output Image -297.jpg,train,0,26,400,400,accepted
data\isl_alphabet_digits\train\0\Sign 0 (80).jpeg,train,0,26,400,400,accepted
data\isl_alphabet_digits\train\0\Output Image -122.jpg,train,0,26,400,400,accepted
data\isl_alphabet_digits\train\0\Sign 0 (336).jpeg,train,0,26,400,400,accepted
data\isl_alphabet_digits\train\0\Output Image -72.jpg,train,0,26,400,400,accepted
data\isl_alphabet_digits\train\0\Output Image -61.jpg,train,0,26,400,400,accepted
data\isl_alphabet_digits\train\0\Output Image -392.jpg,train,0,26,400,400,accepted
data\isl_alphabet_digits\train\0\Sign 0 (441).jpeg,train,0,26,400,400,accepted
data\isl_alphabet_digits\train\0\Output Image -455.jpg,train,0,26,400,400,accepted
data\isl_alphabet_digits\train\0\Sign 0 (468).jpeg,train,0,26,400,400,accepted
data\isl_alphabet_digits\train\0\Output Image -78.jpg,train,0,26,400,400,accepted
data\isl_alphabet_digits\train\0\Sign 0 (61).jpeg,train,0,26,400,400,accepted
data\isl_alphabet_digits\train\0\Output Image -403.jpg,train,0,26,400,400,accepted
data\isl_alphabet_digits\train\0\Output Image -469.jpg,train,0,26,400,400,accepted
data\isl_alphabet_digits\train\0\Sign 0 (383).jpeg,train,0,26,400,400,accepted
data\isl_alphabet_digits\train\0\Output Image -461.jpg,train,0,26,400,400,accepted
data\isl_alphabet_digits\train\0\Sign 0 (133).jpeg,train,0,26,400,400,accepted
data\isl_alphabet_digits\train\0\Output Image -387.jpg,train,0,26,400,400,accepted
data\isl_alphabet_digits\train\0\Output Image -303.jpg,train,0,26,400,400,accepted
data\isl_alphabet_digits\train\0\Sign 0 (71).jpeg,train,0,26,400,400,accepted
data\isl_alphabet_digits\train\0\Output Image -175.jpg,train,0,26,400,400,accepted
data\isl_alphabet_digits\train\0\Sign 0 (57).jpeg,train,0,26,400,400,accepted
data\isl_alphabet_digits\train\0\Sign 0 (295).jpeg,train,0,26,400,400,accepted
data\isl_alphabet_digits\train\0\Sign 0 (117).jpeg,train,0,26,400,400,accepted
data\isl_alphabet_digits\train\0\Sign 0 (94).jpeg,train,0,26,400,400,accepted
data\isl_alphabet_digits\train\0\Sign 0 (435).jpeg,train,0,26,400,400,accepted
data\isl_alphabet_digits\train\0\Sign 0 (113).jpeg,train,0,26,400,400,accepted
data\isl_alphabet_digits\train\0\Output Image -150.jpg,train,0,26,400,400,accepted
data\isl_alphabet_digits\train\0\Output Image -92.jpg,train,0,26,400,400,accepted
data\isl_alphabet_digits\train\0\Output Image -377.jpg,train,0,26,400,400,accepted
data\isl_alphabet_digits\train\0\Sign 0 (173).jpeg,train,0,26,400,400,accepted
data\isl_alphabet_digits\train\0\Sign 0 (308).jpeg,train,0,26,400,400,accepted
data\isl_alphabet_digits\train\0\Output Image -477.jpg,train,0,26,400,400,accepted
data\isl_alphabet_digits\train\0\Output Image -307.jpg,train,0,26,400,400,accepted
data\isl_alphabet_digits\train\0\Output Image -196.jpg,train,0,26,400,400,accepted
data\isl_alphabet_digits\train\0\Sign 0 (482).jpeg,train,0,26,400,400,accepted
data\isl_alphabet_digits\train\0\Output Image -289.jpg,train,0,26,400,400,accepted
data\isl_alphabet_digits\train\0\Output Image -84.jpg,train,0,26,400,400,accepted
data\isl_alphabet_digits\train\0\Output Image -250.jpg,train,0,26,400,400,accepted
data\isl_alphabet_digits\train\0\Sign 0 (481).jpeg,train,0,26,400,400,accepted
data\isl_alphabet_digits\train\0\Output Image -326.jpg,train,0,26,400,400,accepted
data\isl_alphabet_digits\train\0\Output Image -449.jpg,train,0,26,400,400,accepted
data\isl_alphabet_digits\train\0\Output Image -476.jpg,train,0,26,400,400,accepted
data\isl_alphabet_digits\train\0\Sign 0 (385).jpeg,train,0,26,400,400,accepted
data\isl_alphabet_digits\train\0\Output Image -23.jpg,train,0,26,400,400,accepted
data\isl_alphabet_digits\train\0\Sign 0 (371).jpeg,train,0,26,400,400,accepted
data\isl_alphabet_digits\train\0\Output Image -43.jpg,train,0,26,400,400,accepted
data\isl_alphabet_digits\train\0\Output Image -422.jpg,train,0,26,400,400,accepted
data\isl_alphabet_digits\train\0\Output Image -135.jpg,train,0,26,400,400,accepted
data\isl_alphabet_digits\train\0\Sign 0 (463).jpeg,train,0,26,400,400,accepted
data\isl_alphabet_digits\train\0\Output Image -210.jpg,train,0,26,400,400,accepted
data\isl_alphabet_digits\train\0\Output Image -6.jpg,train,0,26,400,400,accepted
data\isl_alphabet_digits\train\0\Sign 0 (66).jpeg,train,0,26,400,400,accepted
data\isl_alphabet_digits\train\0\Output Image -320.jpg,train,0,26,400,400,accepted
data\isl_alphabet_digits\train\0\Sign 0 (87).jpeg,train,0,26,400,400,accepted
data\isl_alphabet_digits\train\0\Sign 0 (146).jpeg,train,0,26,400,400,accepted
data\isl_alphabet_digits\train\0\Output Image -470.jpg,train,0,26,400,400,accepted
data\isl_alphabet_digits\train\0\Sign 0 (98).jpeg,train,0,26,400,400,accepted
data\isl_alphabet_digits\train\0\Sign 0 (309).jpeg,train,0,26,400,400,accepted
data\isl_alphabet_digits\train\0\Output Image -401.jpg,train,0,26,400,400,accepted
data\isl_alphabet_digits\train\0\Sign 0 (50).jpeg,train,0,26,400,400,accepted
data\isl_alphabet_digits\train\0\Output Image -29.jpg,train,0,26,400,400,accepted
data\isl_alphabet_digits\train\0\Sign 0 (431).jpeg,train,0,26,400,400,accepted
data\isl_alphabet_digits\train\0\Output Image -342.jpg,train,0,26,400,400,accepted
data\isl_alphabet_digits\train\0\Output Image -115.jpg,train,0,26,400,400,accepted
data\isl_alphabet_digits\train\0\Sign 0 (162).jpeg,train,0,26,400,400,accepted
data\isl_alphabet_digits\train\0\Sign 0 (432).jpeg,train,0,26,400,400,accepted
data\isl_alphabet_digits\train\0\Output Image -273.jpg,train,0,26,400,400,accepted
data\isl_alphabet_digits\train\0\Sign 0 (262).jpeg,train,0,26,400,400,accepted
data\isl_alphabet_digits\train\0\Sign 0 (320).jpeg,train,0,26,400,400,accepted
data\isl_alphabet_digits\train\0\Sign 0 (374).jpeg,train,0,26,400,400,accepted
data\isl_alphabet_digits\train\0\Sign 0 (91).jpeg,train,0,26,400,400,accepted
data\isl_alphabet_digits\train\0\Sign 0 (445).jpeg,train,0,26,400,400,accepted
data\isl_alphabet_digits\train\0\Output Image -110.jpg,train,0,26,400,400,accepted
data\isl_alphabet_digits\train\0\Output Image -224.jpg,train,0,26,400,400,accepted
data\isl_alphabet_digits\train\0\Output Image -199.jpg,train,0,26,400,400,accepted
data\isl_alphabet_digits\train\0\Sign 0 (277).jpeg,train,0,26,400,400,accepted
data\isl_alphabet_digits\train\0\Sign 0 (103).jpeg,train,0,26,400,400,accepted
data\isl_alphabet_digits\train\0\Output Image -351.jpg,train,0,26,400,400,accepted
data\isl_alphabet_digits\train\0\Sign 0 (279).jpeg,train,0,26,400,400,accepted
data\isl_alphabet_digits\train\0\Output Image -386.jpg,train,0,26,400,400,accepted
data\isl_alphabet_digits\train\0\Output Image -473.jpg,train,0,26,400,400,accepted
data\isl_alphabet_digits\train\0\Sign 0 (72).jpeg,train,0,26,400,400,accepted
data\isl_alphabet_digits\train\0\Output Image -264.jpg,train,0,26,400,400,accepted
data\isl_alphabet_digits\train\0\Output Image -430.jpg,train,0,26,400,400,accepted
data\isl_alphabet_digits\train\0\Sign 0 (24).jpeg,train,0,26,400,400,accepted
data\isl_alphabet_digits\train\0\Sign 0 (454).jpeg,train,0,26,400,400,accepted
data\isl_alphabet_digits\train\0\Sign 0 (197).jpeg,train,0,26,400,400,accepted
data\isl_alphabet_digits\train\0\Output Image -127.jpg,train,0,26,400,400,accepted
data\isl_alphabet_digits\train\0\Sign 0 (222).jpeg,train,0,26,400,400,accepted
data\isl_alphabet_digits\train\0\Sign 0 (116).jpeg,train,0,26,400,400,accepted
data\isl_alphabet_digits\train\0\Sign 0 (395).jpeg,train,0,26,400,400,accepted
data\isl_alphabet_digits\train\0\Sign 0 (316).jpeg,train,0,26,400,400,accepted
data\isl_alphabet_digits\train\0\Sign 0 (141).jpeg,train,0,26,400,400,accepted
data\isl_alphabet_digits\train\0\Sign 0 (313).jpeg,train,0,26,400,400,accepted
data\isl_alphabet_digits\train\0\Sign 0 (438).jpeg,train,0,26,400,400,accepted
data\isl_alphabet_digits\train\0\Sign 0 (461).jpeg,train,0,26,400,400,accepted
data\isl_alphabet_digits\train\0\Output Image -26.jpg,train,0,26,400,400,accepted
data\isl_alphabet_digits\train\0\Sign 0 (45).jpeg,train,0,26,400,400,accepted
data\isl_alphabet_digits\train\0\Sign 0 (78).jpeg,train,0,26,400,400,accepted
data\isl_alphabet_digits\train\0\Sign 0 (263).jpeg,train,0,26,400,400,accepted
data\isl_alphabet_digits\train\0\Output Image -361.jpg,train,0,26,400,400,accepted
data\isl_alphabet_digits\train\0\Sign 0 (198).jpeg,train,0,26,400,400,accepted
data\isl_alphabet_digits\train\0\Output Image -219.jpg,train,0,26,400,400,accepted
data\isl_alphabet_digits\train\0\Output Image -254.jpg,train,0,26,400,400,accepted
data\isl_alphabet_digits\train\0\Output Image -457.jpg,train,0,26,400,400,accepted
data\isl_alphabet_digits\train\0\Output Image -384.jpg,train,0,26,400,400,accepted
data\isl_alphabet_digits\train\0\Output Image -139.jpg,train,0,26,400,400,accepted
data\isl_alphabet_digits\train\0\Sign 0 (92).jpeg,train,0,26,400,400,accepted
data\isl_alphabet_digits\train\0\Sign 0 (424).jpeg,train,0,26,400,400,accepted
data\isl_alphabet_digits\train\0\Sign 0 (167).jpeg,train,0,26,400,400,accepted
data\isl_alphabet_digits\train\0\Output Image -187.jpg,train,0,26,400,400,accepted
data\isl_alphabet_digits\train\0\Sign 0 (399).jpeg,train,0,26,400,400,accepted
data\isl_alphabet_digits\train\0\Output Image -332.jpg,train,0,26,400,400,accepted
data\isl_alphabet_digits\train\0\Sign 0 (334).jpeg,train,0,26,400,400,accepted
data\isl_alphabet_digits\train\0\Sign 0 (400).jpeg,train,0,26,400,400,accepted
data\isl_alphabet_digits\train\0\Output Image -22.jpg,train,0,26,400,400,accepted
data\isl_alphabet_digits\train\0\Output Image -408.jpg,train,0,26,400,400,accepted
data\isl_alphabet_digits\train\0\Sign 0 (437).jpeg,train,0,26,400,400,accepted
data\isl_alphabet_digits\train\0\Sign 0 (67).jpeg,train,0,26,400,400,accepted
data\isl_alphabet_digits\train\0\Sign 0 (327).jpeg,train,0,26,400,400,accepted
data\isl_alphabet_digits\train\0\Output Image -106.jpg,train,0,26,400,400,accepted
data\isl_alphabet_digits\train\0\Output Image -157.jpg,train,0,26,400,400,accepted
data\isl_alphabet_digits\train\0\Output Image -47.jpg,train,0,26,400,400,accepted
data\isl_alphabet_digits\train\0\Output Image -67.jpg,train,0,26,400,400,accepted
data\isl_alphabet_digits\train\0\Output Image -220.jpg,train,0,26,400,400,accepted
data\isl_alphabet_digits\train\0\Output Image -214.jpg,train,0,26,400,400,accepted
data\isl_alphabet_digits\train\0\Sign 0 (364).jpeg,train,0,26,400,400,accepted
data\isl_alphabet_digits\train\0\Sign 0 (490).jpeg,train,0,26,400,400,accepted
data\isl_alphabet_digits\train\0\Sign 0 (265).jpeg,train,0,26,400,400,accepted
data\isl_alphabet_digits\train\0\Sign 0 (368).jpeg,train,0,26,400,400,accepted
data\isl_alphabet_digits\train\0\Output Image -49.jpg,train,0,26,400,400,accepted
data\isl_alphabet_digits\train\0\Sign 0 (421).jpeg,train,0,26,400,400,accepted
data\isl_alphabet_digits\train\0\Sign 0 (252).jpeg,train,0,26,400,400,accepted
data\isl_alphabet_digits\train\0\Output Image -363.jpg,train,0,26,400,400,accepted
data\isl_alphabet_digits\train\0\Sign 0 (32).jpeg,train,0,26,400,400,accepted
data\isl_alphabet_digits\train\0\Sign 0 (68).jpeg,train,0,26,400,400,accepted
data\isl_alphabet_digits\train\0\Sign 0 (492).jpeg,train,0,26,400,400,accepted
data\isl_alphabet_digits\train\0\Output Image -417.jpg,train,0,26,400,400,accepted
data\isl_alphabet_digits\train\0\Output Image -89.jpg,train,0,26,400,400,accepted
data\isl_alphabet_digits\train\0\Sign 0 (328).jpeg,train,0,26,400,400,accepted
data\isl_alphabet_digits\train\0\Output Image -394.jpg,train,0,26,400,400,accepted
data\isl_alphabet_digits\train\0\Output Image -114.jpg,train,0,26,400,400,accepted
data\isl_alphabet_digits\train\0\Sign 0 (284).jpeg,train,0,26,400,400,accepted
data\isl_alphabet_digits\train\0\Output Image -446.jpg,train,0,26,400,400,accepted
data\isl_alphabet_digits\train\0\Output Image -20.jpg,train,0,26,400,400,accepted
data\isl_alphabet_digits\train\0\Output Image -340.jpg,train,0,26,400,400,accepted
data\isl_alphabet_digits\train\0\Sign 0 (237).jpeg,train,0,26,400,400,accepted
data\isl_alphabet_digits\train\0\Output Image -343.jpg,train,0,26,400,400,accepted
data\isl_alphabet_digits\train\0\Sign 0 (137).jpeg,train,0,26,400,400,accepted
data\isl_alphabet_digits\train\0\Sign 0 (491).jpeg,train,0,26,400,400,accepted
data\isl_alphabet_digits\train\0\Output Image -234.jpg,train,0,26,400,400,accepted
data\isl_alphabet_digits\train\0\Sign 0 (53).jpeg,train,0,26,400,400,accepted
data\isl_alphabet_digits\train\0\Output Image -94.jpg,train,0,26,400,400,accepted
data\isl_alphabet_digits\train\0\Sign 0 (372).jpeg,train,0,26,400,400,accepted
data\isl_alphabet_digits\train\0\Output Image -486.jpg,train,0,26,400,400,accepted
data\isl_alphabet_digits\train\0\Output Image -410.jpg,train,0,26,400,400,accepted
data\isl_alphabet_digits\train\0\Output Image -432.jpg,train,0,26,400,400,accepted
data\isl_alphabet_digits\train\0\Output Image -14.jpg,train,0,26,400,400,accepted
data\isl_alphabet_digits\train\0\Output Image -25.jpg,train,0,26,400,400,accepted
data\isl_alphabet_digits\train\0\Sign 0 (41).jpeg,train,0,26,400,400,accepted
data\isl_alphabet_digits\train\0\Sign 0 (247).jpeg,train,0,26,400,400,accepted
data\isl_alphabet_digits\train\0\Output Image -494.jpg,train,0,26,400,400,accepted
data\isl_alphabet_digits\train\0\Output Image -336.jpg,train,0,26,400,400,accepted
data\isl_alphabet_digits\train\0\Output Image -423.jpg,train,0,26,400,400,accepted
data\isl_alphabet_digits\train\0\Output Image -302.jpg,train,0,26,400,400,accepted
data\isl_alphabet_digits\train\0\Sign 0 (347).jpeg,train,0,26,400,400,accepted
data\isl_alphabet_digits\train\0\Output Image -474.jpg,train,0,26,400,400,accepted
data\isl_alphabet_digits\train\0\Output Image -183.jpg,train,0,26,400,400,accepted
data\isl_alphabet_digits\train\0\Output Image -317.jpg,train,0,26,400,400,accepted
data\isl_alphabet_digits\train\0\Output Image -168.jpg,train,0,26,400,400,accepted
data\isl_alphabet_digits\train\0\Sign 0 (123).jpeg,train,0,26,400,400,accepted
data\isl_alphabet_digits\train\0\Output Image -463.jpg,train,0,26,400,400,accepted
data\isl_alphabet_digits\train\0\Output Image -341.jpg,train,0,26,400,400,accepted
data\isl_alphabet_digits\train\0\Sign 0 (217).jpeg,train,0,26,400,400,accepted
data\isl_alphabet_digits\train\0\Sign 0 (234).jpeg,train,0,26,400,400,accepted
data\isl_alphabet_digits\train\0\Output Image -364.jpg,train,0,26,400,400,accepted
data\isl_alphabet_digits\train\0\Sign 0 (240).jpeg,train,0,26,400,400,accepted
data\isl_alphabet_digits\train\0\Output Image -117.jpg,train,0,26,400,400,accepted
data\isl_alphabet_digits\train\0\Sign 0 (306).jpeg,train,0,26,400,400,accepted
data\isl_alphabet_digits\train\0\Sign 0 (396).jpeg,train,0,26,400,400,accepted
data\isl_alphabet_digits\train\0\Output Image -166.jpg,train,0,26,400,400,accepted
data\isl_alphabet_digits\train\0\Sign 0 (147).jpeg,train,0,26,400,400,accepted
data\isl_alphabet_digits\train\0\Sign 0 (199).jpeg,train,0,26,400,400,accepted
data\isl_alphabet_digits\train\0\Output Image -262.jpg,train,0,26,400,400,accepted
data\isl_alphabet_digits\train\0\Output Image -154.jpg,train,0,26,400,400,accepted
data\isl_alphabet_digits\train\0\Output Image -180.jpg,train,0,26,400,400,accepted
data\isl_alphabet_digits\train\0\Output Image -372.jpg,train,0,26,400,400,accepted
data\isl_alphabet_digits\train\0\Output Image -101.jpg,train,0,26,400,400,accepted
data\isl_alphabet_digits\train\0\Output Image -471.jpg,train,0,26,400,400,accepted
data\isl_alphabet_digits\train\0\Sign 0 (299).jpeg,train,0,26,400,400,accepted
data\isl_alphabet_digits\train\0\Output Image -478.jpg,train,0,26,400,400,accepted
data\isl_alphabet_digits\train\0\Sign 0 (76).jpeg,train,0,26,400,400,accepted
data\isl_alphabet_digits\train\0\Output Image -427.jpg,train,0,26,400,400,accepted
data\isl_alphabet_digits\train\0\Sign 0 (289).jpeg,train,0,26,400,400,accepted
data\isl_alphabet_digits\train\0\Output Image -105.jpg,train,0,26,400,400,accepted
data\isl_alphabet_digits\train\0\Sign 0 (412).jpeg,train,0,26,400,400,accepted
data\isl_alphabet_digits\train\0\Sign 0 (342).jpeg,train,0,26,400,400,accepted
data\isl_alphabet_digits\train\0\Output Image -160.jpg,train,0,26,400,400,accepted
data\isl_alphabet_digits\train\0\Sign 0 (422).jpeg,train,0,26,400,400,accepted
data\isl_alphabet_digits\train\0\Output Image -82.jpg,train,0,26,400,400,accepted
data\isl_alphabet_digits\train\0\Output Image -24.jpg,train,0,26,400,400,accepted
data\isl_alphabet_digits\train\0\Sign 0 (35).jpeg,train,0,26,400,400,accepted
data\isl_alphabet_digits\train\0\Output Image -10.jpg,train,0,26,400,400,accepted
data\isl_alphabet_digits\train\0\Sign 0 (82).jpeg,train,0,26,400,400,accepted
data\isl_alphabet_digits\train\0\Output Image -140.jpg,train,0,26,400,400,accepted
data\isl_alphabet_digits\train\0\Sign 0 (282).jpeg,train,0,26,400,400,accepted
data\isl_alphabet_digits\train\0\Sign 0 (341).jpeg,train,0,26,400,400,accepted
data\isl_alphabet_digits\train\0\Output Image -451.jpg,train,0,26,400,400,accepted
data\isl_alphabet_digits\train\0\Output Image -209.jpg,train,0,26,400,400,accepted
data\isl_alphabet_digits\train\0\Output Image -481.jpg,train,0,26,400,400,accepted
data\isl_alphabet_digits\train\0\Output Image -18.jpg,train,0,26,400,400,accepted
data\isl_alphabet_digits\train\0\Output Image -247.jpg,train,0,26,400,400,accepted
data\isl_alphabet_digits\train\0\Sign 0 (171).jpeg,train,0,26,400,400,accepted
data\isl_alphabet_digits\train\0\Output Image -3.jpg,train,0,26,400,400,accepted
data\isl_alphabet_digits\train\0\Output Image -453.jpg,train,0,26,400,400,accepted
data\isl_alphabet_digits\train\0\Sign 0 (483).jpeg,train,0,26,400,400,accepted
data\isl_alphabet_digits\train\0\Sign 0 (83).jpeg,train,0,26,400,400,accepted
data\isl_alphabet_digits\train\0\Sign 0 (79).jpeg,train,0,26,400,400,accepted
data\isl_alphabet_digits\train\0\Output Image -350.jpg,train,0,26,400,400,accepted
data\isl_alphabet_digits\train\0\Output Image -265.jpg,train,0,26,400,400,accepted
data\isl_alphabet_digits\train\0\Sign 0 (4).jpeg,train,0,26,400,400,accepted
data\isl_alphabet_digits\train\0\Output Image -393.jpg,train,0,26,400,400,accepted
data\isl_alphabet_digits\train\0\Sign 0 (464).jpeg,train,0,26,400,400,accepted
data\isl_alphabet_digits\train\0\Output Image -279.jpg,train,0,26,400,400,accepted
data\isl_alphabet_digits\train\0\Sign 0 (254).jpeg,train,0,26,400,400,accepted
data\isl_alphabet_digits\train\0\Sign 0 (213).jpeg,train,0,26,400,400,accepted
data\isl_alphabet_digits\train\0\Sign 0 (426).jpeg,train,0,26,400,400,accepted
data\isl_alphabet_digits\train\0\Sign 0 (332).jpeg,train,0,26,400,400,accepted
data\isl_alphabet_digits\train\0\Output Image -126.jpg,train,0,26,400,400,accepted
data\isl_alphabet_digits\train\0\Sign 0 (394).jpeg,train,0,26,400,400,accepted
data\isl_alphabet_digits\train\0\Sign 0 (440).jpeg,train,0,26,400,400,accepted
data\isl_alphabet_digits\train\0\Output Image -76.jpg,train,0,26,400,400,accepted
data\isl_alphabet_digits\train\0\Sign 0 (293).jpeg,train,0,26,400,400,accepted
data\isl_alphabet_digits\train\0\Sign 0 (311).jpeg,train,0,26,400,400,accepted
data\isl_alphabet_digits\train\0\Output Image -236.jpg,train,0,26,400,400,accepted
data\isl_alphabet_digits\train\0\Output Image -380.jpg,train,0,26,400,400,accepted
data\isl_alphabet_digits\train\0\Sign 0 (5).jpeg,train,0,26,400,400,accepted
data\isl_alphabet_digits\train\0\Sign 0 (498).jpeg,train,0,26,400,400,accepted
data\isl_alphabet_digits\train\0\Output Image -123.jpg,train,0,26,400,400,accepted
data\isl_alphabet_digits\train\0\Sign 0 (428).jpeg,train,0,26,400,400,accepted
data\isl_alphabet_digits\train\0\Output Image -194.jpg,train,0,26,400,400,accepted
data\isl_alphabet_digits\train\0\Sign 0 (258).jpeg,train,0,26,400,400,accepted
data\isl_alphabet_digits\train\0\Output Image -282.jpg,train,0,26,400,400,accepted
data\isl_alphabet_digits\train\0\Sign 0 (114).jpeg,train,0,26,400,400,accepted
data\isl_alphabet_digits\train\0\Output Image -35.jpg,train,0,26,400,400,accepted
data\isl_alphabet_digits\train\0\Output Image -438.jpg,train,0,26,400,400,accepted
data\isl_alphabet_digits\train\0\Output Image -290.jpg,train,0,26,400,400,accepted
data\isl_alphabet_digits\train\0\Output Image -195.jpg,train,0,26,400,400,accepted
data\isl_alphabet_digits\train\0\Sign 0 (393).jpeg,train,0,26,400,400,accepted
data\isl_alphabet_digits\train\0\Sign 0 (457).jpeg,train,0,26,400,400,accepted
data\isl_alphabet_digits\train\0\Output Image -338.jpg,train,0,26,400,400,accepted
data\isl_alphabet_digits\train\0\Sign 0 (484).jpeg,train,0,26,400,400,accepted
data\isl_alphabet_digits\train\0\Output Image -48.jpg,train,0,26,400,400,accepted
data\isl_alphabet_digits\train\0\Output Image -57.jpg,train,0,26,400,400,accepted
data\isl_alphabet_digits\train\0\Output Image -284.jpg,train,0,26,400,400,accepted
data\isl_alphabet_digits\train\0\Sign 0 (34).jpeg,train,0,26,400,400,accepted
data\isl_alphabet_digits\train\0\Sign 0 (214).jpeg,train,0,26,400,400,accepted
data\isl_alphabet_digits\train\0\Sign 0 (465).jpeg,train,0,26,400,400,accepted
data\isl_alphabet_digits\train\0\Sign 0 (60).jpeg,train,0,26,400,400,accepted
data\isl_alphabet_digits\train\0\Output Image -367.jpg,train,0,26,400,400,accepted
data\isl_alphabet_digits\train\0\Sign 0 (235).jpeg,train,0,26,400,400,accepted
data\isl_alphabet_digits\train\0\Output Image -376.jpg,train,0,26,400,400,accepted
data\isl_alphabet_digits\train\0\Sign 0 (315).jpeg,train,0,26,400,400,accepted
data\isl_alphabet_digits\train\0\Output Image -448.jpg,train,0,26,400,400,accepted
data\isl_alphabet_digits\train\0\Sign 0 (218).jpeg,train,0,26,400,400,accepted
data\isl_alphabet_digits\train\0\Sign 0 (232).jpeg,train,0,26,400,400,accepted
data\isl_alphabet_digits\train\0\Output Image -218.jpg,train,0,26,400,400,accepted
data\isl_alphabet_digits\train\0\Output Image -368.jpg,train,0,26,400,400,accepted
data\isl_alphabet_digits\train\0\Sign 0 (330).jpeg,train,0,26,400,400,accepted
data\isl_alphabet_digits\train\0\Output Image -294.jpg,train,0,26,400,400,accepted
data\isl_alphabet_digits\train\0\Sign 0 (485).jpeg,train,0,26,400,400,accepted
data\isl_alphabet_digits\train\0\Output Image -472.jpg,train,0,26,400,400,accepted
data\isl_alphabet_digits\train\0\Sign 0 (261).jpeg,train,0,26,400,400,accepted
data\isl_alphabet_digits\train\0\Sign 0 (74).jpeg,train,0,26,400,400,accepted
data\isl_alphabet_digits\train\0\Sign 0 (500).jpeg,train,0,26,400,400,accepted
data\isl_alphabet_digits\train\0\Sign 0 (47).jpeg,train,0,26,400,400,accepted
data\isl_alphabet_digits\train\0\Sign 0 (345).jpeg,train,0,26,400,400,accepted
data\isl_alphabet_digits\train\0\Output Image -11.jpg,train,0,26,400,400,accepted
data\isl_alphabet_digits\train\0\Sign 0 (52).jpeg,train,0,26,400,400,accepted
data\isl_alphabet_digits\train\0\Sign 0 (205).jpeg,train,0,26,400,400,accepted
data\isl_alphabet_digits\train\0\Sign 0 (112).jpeg,train,0,26,400,400,accepted
data\isl_alphabet_digits\train\0\Sign 0 (346).jpeg,train,0,26,400,400,accepted
data\isl_alphabet_digits\train\0\Sign 0 (203).jpeg,train,0,26,400,400,accepted
data\isl_alphabet_digits\train\0\Output Image -74.jpg,train,0,26,400,400,accepted
data\isl_alphabet_digits\train\0\Sign 0 (244).jpeg,train,0,26,400,400,accepted
data\isl_alphabet_digits\train\0\Output Image -137.jpg,train,0,26,400,400,accepted
data\isl_alphabet_digits\train\0\Sign 0 (59).jpeg,train,0,26,400,400,accepted
data\isl_alphabet_digits\train\0\Sign 0 (447).jpeg,train,0,26,400,400,accepted
data\isl_alphabet_digits\train\0\Sign 0 (343).jpeg,train,0,26,400,400,accepted
data\isl_alphabet_digits\train\0\Sign 0 (418).jpeg,train,0,26,400,400,accepted
data\isl_alphabet_digits\train\0\Sign 0 (317).jpeg,train,0,26,400,400,accepted
data\isl_alphabet_digits\train\0\Sign 0 (157).jpeg,train,0,26,400,400,accepted
data\isl_alphabet_digits\train\0\Output Image -151.jpg,train,0,26,400,400,accepted
data\isl_alphabet_digits\train\0\Output Image -50.jpg,train,0,26,400,400,accepted
data\isl_alphabet_digits\train\0\Sign 0 (476).jpeg,train,0,26,400,400,accepted
data\isl_alphabet_digits\train\0\Output Image -171.jpg,train,0,26,400,400,accepted
data\isl_alphabet_digits\train\0\Sign 0 (319).jpeg,train,0,26,400,400,accepted
data\isl_alphabet_digits\train\0\Sign 0 (120).jpeg,train,0,26,400,400,accepted
data\isl_alphabet_digits\train\0\Sign 0 (321).jpeg,train,0,26,400,400,accepted
data\isl_alphabet_digits\train\0\Sign 0 (290).jpeg,train,0,26,400,400,accepted
data\isl_alphabet_digits\train\0\Output Image -73.jpg,train,0,26,400,400,accepted
data\isl_alphabet_digits\train\0\Output Image -493.jpg,train,0,26,400,400,accepted
data\isl_alphabet_digits\train\0\Output Image -500.jpg,train,0,26,400,400,accepted
data\isl_alphabet_digits\train\0\Sign 0 (185).jpeg,train,0,26,400,400,accepted
data\isl_alphabet_digits\train\0\Output Image -100.jpg,train,0,26,400,400,accepted
data\isl_alphabet_digits\train\0\Sign 0 (429).jpeg,train,0,26,400,400,accepted
data\isl_alphabet_digits\train\0\Output Image -167.jpg,train,0,26,400,400,accepted
data\isl_alphabet_digits\train\0\Sign 0 (119).jpeg,train,0,26,400,400,accepted
data\isl_alphabet_digits\train\0\Sign 0 (411).jpeg,train,0,26,400,400,accepted
data\isl_alphabet_digits\train\0\Sign 0 (187).jpeg,train,0,26,400,400,accepted
data\isl_alphabet_digits\train\0\Sign 0 (48).jpeg,train,0,26,400,400,accepted
data\isl_alphabet_digits\train\0\Sign 0 (140).jpeg,train,0,26,400,400,accepted
data\isl_alphabet_digits\train\0\Output Image -442.jpg,train,0,26,400,400,accepted
data\isl_alphabet_digits\train\0\Output Image -428.jpg,train,0,26,400,400,accepted
data\isl_alphabet_digits\train\0\Sign 0 (419).jpeg,train,0,26,400,400,accepted
data\isl_alphabet_digits\train\0\Output Image -419.jpg,train,0,26,400,400,accepted
data\isl_alphabet_digits\train\0\Sign 0 (487).jpeg,train,0,26,400,400,accepted
data\isl_alphabet_digits\train\0\Sign 0 (414).jpeg,train,0,26,400,400,accepted
data\isl_alphabet_digits\train\0\Sign 0 (361).jpeg,train,0,26,400,400,accepted
data\isl_alphabet_digits\train\0\Output Image -464.jpg,train,0,26,400,400,accepted
data\isl_alphabet_digits\train\0\Output Image -327.jpg,train,0,26,400,400,accepted
data\isl_alphabet_digits\train\0\Sign 0 (259).jpeg,train,0,26,400,400,accepted
data\isl_alphabet_digits\train\0\Sign 0 (455).jpeg,train,0,26,400,400,accepted
data\isl_alphabet_digits\train\0\Sign 0 (176).jpeg,train,0,26,400,400,accepted
data\isl_alphabet_digits\train\0\Output Image -404.jpg,train,0,26,400,400,accepted
data\isl_alphabet_digits\train\0\Output Image -261.jpg,train,0,26,400,400,accepted
data\isl_alphabet_digits\train\0\Sign 0 (10).jpeg,train,0,26,400,400,accepted
data\isl_alphabet_digits\train\0\Sign 0 (122).jpeg,train,0,26,400,400,accepted
data\isl_alphabet_digits\train\0\Output Image -415.jpg,train,0,26,400,400,accepted
data\isl_alphabet_digits\train\0\Output Image -102.jpg,train,0,26,400,400,accepted
data\isl_alphabet_digits\train\0\Output Image -345.jpg,train,0,26,400,400,accepted
data\isl_alphabet_digits\train\0\Output Image -39.jpg,train,0,26,400,400,accepted
data\isl_alphabet_digits\train\0\Sign 0 (150).jpeg,train,0,26,400,400,accepted
data\isl_alphabet_digits\train\0\Sign 0 (126).jpeg,train,0,26,400,400,accepted
data\isl_alphabet_digits\train\0\Output Image -245.jpg,train,0,26,400,400,accepted
data\isl_alphabet_digits\train\0\Output Image -353.jpg,train,0,26,400,400,accepted
data\isl_alphabet_digits\train\0\Output Image -452.jpg,train,0,26,400,400,accepted
data\isl_alphabet_digits\train\0\Sign 0 (391).jpeg,train,0,26,400,400,accepted
data\isl_alphabet_digits\train\0\Output Image -142.jpg,train,0,26,400,400,accepted
data\isl_alphabet_digits\train\0\Output Image -116.jpg,train,0,26,400,400,accepted
data\isl_alphabet_digits\train\0\Sign 0 (453).jpeg,train,0,26,400,400,accepted
data\isl_alphabet_digits\train\0\Sign 0 (478).jpeg,train,0,26,400,400,accepted
data\isl_alphabet_digits\train\0\Output Image -499.jpg,train,0,26,400,400,accepted
data\isl_alphabet_digits\train\0\Output Image -454.jpg,train,0,26,400,400,accepted
data\isl_alphabet_digits\train\0\Output Image -495.jpg,train,0,26,400,400,accepted
data\isl_alphabet_digits\train\0\Sign 0 (224).jpeg,train,0,26,400,400,accepted
data\isl_alphabet_digits\train\0\Sign 0 (44).jpeg,train,0,26,400,400,accepted
data\isl_alphabet_digits\train\0\Sign 0 (274).jpeg,train,0,26,400,400,accepted
data\isl_alphabet_digits\train\0\Sign 0 (264).jpeg,train,0,26,400,400,accepted
data\isl_alphabet_digits\train\0\Sign 0 (192).jpeg,train,0,26,400,400,accepted
data\isl_alphabet_digits\train\0\Output Image -15.jpg,train,0,26,400,400,accepted
data\isl_alphabet_digits\train\0\Sign 0 (56).jpeg,train,0,26,400,400,accepted
data\isl_alphabet_digits\train\0\Sign 0 (160).jpeg,train,0,26,400,400,accepted
data\isl_alphabet_digits\train\0\Output Image -138.jpg,train,0,26,400,400,accepted
data\isl_alphabet_digits\train\0\Output Image -235.jpg,train,0,26,400,400,accepted
data\isl_alphabet_digits\train\0\Output Image -179.jpg,train,0,26,400,400,accepted
data\isl_alphabet_digits\train\0\Sign 0 (178).jpeg,train,0,26,400,400,accepted
data\isl_alphabet_digits\train\0\Output Image -13.jpg,train,0,26,400,400,accepted
data\isl_alphabet_digits\train\0\Sign 0 (16).jpeg,train,0,26,400,400,accepted
data\isl_alphabet_digits\train\0\Sign 0 (467).jpeg,train,0,26,400,400,accepted
data\isl_alphabet_digits\train\0\Output Image -444.jpg,train,0,26,400,400,accepted
data\isl_alphabet_digits\train\0\Sign 0 (415).jpeg,train,0,26,400,400,accepted
data\isl_alphabet_digits\train\0\Sign 0 (96).jpeg,train,0,26,400,400,accepted
data\isl_alphabet_digits\train\0\Sign 0 (469).jpeg,train,0,26,400,400,accepted
data\isl_alphabet_digits\train\0\Output Image -40.jpg,train,0,26,400,400,accepted
data\isl_alphabet_digits\train\0\Output Image -492.jpg,train,0,26,400,400,accepted
data\isl_alphabet_digits\train\0\Sign 0 (462).jpeg,train,0,26,400,400,accepted
data\isl_alphabet_digits\train\0\Output Image -414.jpg,train,0,26,400,400,accepted
data\isl_alphabet_digits\train\0\Sign 0 (443).jpeg,train,0,26,400,400,accepted
data\isl_alphabet_digits\train\0\Sign 0 (288).jpeg,train,0,26,400,400,accepted
data\isl_alphabet_digits\train\0\Sign 0 (486).jpeg,train,0,26,400,400,accepted
data\isl_alphabet_digits\train\0\Sign 0 (410).jpeg,train,0,26,400,400,accepted
data\isl_alphabet_digits\train\0\Output Image -104.jpg,train,0,26,400,400,accepted
data\isl_alphabet_digits\train\0\Output Image -447.jpg,train,0,26,400,400,accepted
data\isl_alphabet_digits\train\0\Output Image -359.jpg,train,0,26,400,400,accepted
data\isl_alphabet_digits\train\0\Sign 0 (275).jpeg,train,0,26,400,400,accepted
data\isl_alphabet_digits\train\0\Sign 0 (324).jpeg,train,0,26,400,400,accepted
data\isl_alphabet_digits\train\0\Sign 0 (248).jpeg,train,0,26,400,400,accepted
data\isl_alphabet_digits\train\0\Output Image -131.jpg,train,0,26,400,400,accepted
data\isl_alphabet_digits\train\0\Sign 0 (138).jpeg,train,0,26,400,400,accepted
data\isl_alphabet_digits\train\0\Output Image -133.jpg,train,0,26,400,400,accepted
data\isl_alphabet_digits\train\0\Sign 0 (314).jpeg,train,0,26,400,400,accepted
data\isl_alphabet_digits\train\0\Output Image -163.jpg,train,0,26,400,400,accepted
data\isl_alphabet_digits\train\0\Output Image -200.jpg,train,0,26,400,400,accepted
data\isl_alphabet_digits\train\0\Output Image -203.jpg,train,0,26,400,400,accepted
data\isl_alphabet_digits\train\0\Sign 0 (392).jpeg,train,0,26,400,400,accepted
data\isl_alphabet_digits\train\0\Sign 0 (229).jpeg,train,0,26,400,400,accepted
data\isl_alphabet_digits\train\0\Sign 0 (408).jpeg,train,0,26,400,400,accepted
data\isl_alphabet_digits\train\0\Output Image -192.jpg,train,0,26,400,400,accepted
data\isl_alphabet_digits\train\0\Output Image -231.jpg,train,0,26,400,400,accepted
data\isl_alphabet_digits\train\0\Sign 0 (42).jpeg,train,0,26,400,400,accepted
data\isl_alphabet_digits\train\0\Sign 0 (448).jpeg,train,0,26,400,400,accepted
data\isl_alphabet_digits\train\0\Output Image -197.jpg,train,0,26,400,400,accepted
data\isl_alphabet_digits\train\0\Sign 0 (102).jpeg,train,0,26,400,400,accepted
data\isl_alphabet_digits\train\0\Sign 0 (14).jpeg,train,0,26,400,400,accepted
data\isl_alphabet_digits\train\0\Output Image -400.jpg,train,0,26,400,400,accepted
data\isl_alphabet_digits\train\0\Sign 0 (6).jpeg,train,0,26,400,400,accepted
data\isl_alphabet_digits\train\0\Output Image -161.jpg,train,0,26,400,400,accepted
data\isl_alphabet_digits\train\0\Output Image -458.jpg,train,0,26,400,400,accepted
data\isl_alphabet_digits\train\0\Output Image -322.jpg,train,0,26,400,400,accepted
data\isl_alphabet_digits\train\0\Sign 0 (286).jpeg,train,0,26,400,400,accepted
data\isl_alphabet_digits\train\0\Sign 0 (459).jpeg,train,0,26,400,400,accepted
data\isl_alphabet_digits\train\0\Sign 0 (470).jpeg,train,0,26,400,400,accepted
data\isl_alphabet_digits\train\0\Output Image -437.jpg,train,0,26,400,400,accepted
data\isl_alphabet_digits\train\0\Sign 0 (338).jpeg,train,0,26,400,400,accepted
data\isl_alphabet_digits\train\0\Output Image -311.jpg,train,0,26,400,400,accepted
data\isl_alphabet_digits\train\0\Sign 0 (379).jpeg,train,0,26,400,400,accepted
data\isl_alphabet_digits\train\0\Output Image -233.jpg,train,0,26,400,400,accepted
data\isl_alphabet_digits\train\0\Sign 0 (344).jpeg,train,0,26,400,400,accepted
data\isl_alphabet_digits\train\0\Sign 0 (40).jpeg,train,0,26,400,400,accepted
data\isl_alphabet_digits\train\0\Output Image -44.jpg,train,0,26,400,400,accepted
data\isl_alphabet_digits\train\0\Output Image -64.jpg,train,0,26,400,400,accepted
data\isl_alphabet_digits\train\0\Sign 0 (196).jpeg,train,0,26,400,400,accepted
data\isl_alphabet_digits\train\0\Sign 0 (142).jpeg,train,0,26,400,400,accepted
data\isl_alphabet_digits\train\0\Output Image -424.jpg,train,0,26,400,400,accepted
data\isl_alphabet_digits\train\0\Sign 0 (245).jpeg,train,0,26,400,400,accepted
data\isl_alphabet_digits\train\0\Sign 0 (89).jpeg,train,0,26,400,400,accepted
data\isl_alphabet_digits\train\0\Sign 0 (375).jpeg,train,0,26,400,400,accepted
data\isl_alphabet_digits\train\0\Output Image -321.jpg,train,0,26,400,400,accepted
data\isl_alphabet_digits\train\0\Output Image -356.jpg,train,0,26,400,400,accepted
data\isl_alphabet_digits\train\0\Sign 0 (325).jpeg,train,0,26,400,400,accepted
data\isl_alphabet_digits\train\0\Sign 0 (195).jpeg,train,0,26,400,400,accepted
data\isl_alphabet_digits\train\0\Output Image -216.jpg,train,0,26,400,400,accepted
data\isl_alphabet_digits\train\0\Output Image -232.jpg,train,0,26,400,400,accepted
data\isl_alphabet_digits\train\0\Output Image -389.jpg,train,0,26,400,400,accepted
data\isl_alphabet_digits\train\0\Output Image -21.jpg,train,0,26,400,400,accepted
data\isl_alphabet_digits\train\0\Output Image -178.jpg,train,0,26,400,400,accepted
data\isl_alphabet_digits\train\0\Output Image -267.jpg,train,0,26,400,400,accepted
data\isl_alphabet_digits\train\0\Sign 0 (164).jpeg,train,0,26,400,400,accepted
data\isl_alphabet_digits\train\0\Sign 0 (450).jpeg,train,0,26,400,400,accepted
data\isl_alphabet_digits\train\0\Output Image -292.jpg,train,0,26,400,400,accepted
data\isl_alphabet_digits\train\0\Output Image -362.jpg,train,0,26,400,400,accepted
data\isl_alphabet_digits\train\0\Sign 0 (357).jpeg,train,0,26,400,400,accepted
data\isl_alphabet_digits\train\0\Sign 0 (434).jpeg,train,0,26,400,400,accepted
data\isl_alphabet_digits\train\0\Output Image -286.jpg,train,0,26,400,400,accepted
data\isl_alphabet_digits\train\0\Sign 0 (291).jpeg,train,0,26,400,400,accepted
data\isl_alphabet_digits\train\0\Output Image -190.jpg,train,0,26,400,400,accepted
data\isl_alphabet_digits\train\0\Output Image -31.jpg,train,0,26,400,400,accepted
data\isl_alphabet_digits\train\0\Sign 0 (423).jpeg,train,0,26,400,400,accepted
data\isl_alphabet_digits\train\0\Output Image -149.jpg,train,0,26,400,400,accepted
data\isl_alphabet_digits\train\0\Output Image -349.jpg,train,0,26,400,400,accepted
data\isl_alphabet_digits\train\0\Sign 0 (75).jpeg,train,0,26,400,400,accepted
data\isl_alphabet_digits\train\0\Sign 0 (100).jpeg,train,0,26,400,400,accepted
data\isl_alphabet_digits\train\0\Output Image -45.jpg,train,0,26,400,400,accepted
data\isl_alphabet_digits\train\0\Sign 0 (303).jpeg,train,0,26,400,400,accepted
data\isl_alphabet_digits\train\0\Output Image -323.jpg,train,0,26,400,400,accepted
data\isl_alphabet_digits\train\0\Output Image -439.jpg,train,0,26,400,400,accepted
data\isl_alphabet_digits\train\0\Sign 0 (352).jpeg,train,0,26,400,400,accepted
data\isl_alphabet_digits\train\0\Output Image -181.jpg,train,0,26,400,400,accepted
data\isl_alphabet_digits\train\0\Output Image -315.jpg,train,0,26,400,400,accepted
data\isl_alphabet_digits\train\0\Output Image -309.jpg,train,0,26,400,400,accepted
data\isl_alphabet_digits\train\0\Sign 0 (305).jpeg,train,0,26,400,400,accepted
data\isl_alphabet_digits\train\0\Sign 0 (377).jpeg,train,0,26,400,400,accepted
data\isl_alphabet_digits\train\0\Output Image -77.jpg,train,0,26,400,400,accepted
data\isl_alphabet_digits\train\0\Sign 0 (115).jpeg,train,0,26,400,400,accepted
data\isl_alphabet_digits\train\0\Output Image -258.jpg,train,0,26,400,400,accepted
data\isl_alphabet_digits\train\0\Sign 0 (154).jpeg,train,0,26,400,400,accepted
data\isl_alphabet_digits\train\0\Output Image -36.jpg,train,0,26,400,400,accepted
data\isl_alphabet_digits\train\0\Output Image -136.jpg,train,0,26,400,400,accepted
data\isl_alphabet_digits\train\0\Sign 0 (189).jpeg,train,0,26,400,400,accepted
data\isl_alphabet_digits\train\0\Sign 0 (389).jpeg,train,0,26,400,400,accepted
data\isl_alphabet_digits\train\0\Output Image -450.jpg,train,0,26,400,400,accepted
data\isl_alphabet_digits\train\0\Output Image -316.jpg,train,0,26,400,400,accepted
data\isl_alphabet_digits\train\0\Sign 0 (322).jpeg,train,0,26,400,400,accepted
data\isl_alphabet_digits\train\0\Output Image -407.jpg,train,0,26,400,400,accepted
data\isl_alphabet_digits\train\0\Sign 0 (273).jpeg,train,0,26,400,400,accepted
data\isl_alphabet_digits\train\0\Output Image -62.jpg,train,0,26,400,400,accepted
data\isl_alphabet_digits\train\0\Output Image -395.jpg,train,0,26,400,400,accepted
data\isl_alphabet_digits\train\0\Output Image -304.jpg,train,0,26,400,400,accepted
data\isl_alphabet_digits\train\0\Output Image -479.jpg,train,0,26,400,400,accepted
data\isl_alphabet_digits\train\0\Sign 0 (388).jpeg,train,0,26,400,400,accepted
data\isl_alphabet_digits\train\0\Sign 0 (230).jpeg,train,0,26,400,400,accepted
data\isl_alphabet_digits\train\0\Sign 0 (474).jpeg,train,0,26,400,400,accepted
data\isl_alphabet_digits\train\0\Sign 0 (88).jpeg,train,0,26,400,400,accepted
data\isl_alphabet_digits\train\0\Sign 0 (168).jpeg,train,0,26,400,400,accepted
data\isl_alphabet_digits\train\0\Sign 0 (216).jpeg,train,0,26,400,400,accepted
data\isl_alphabet_digits\train\0\Sign 0 (161).jpeg,train,0,26,400,400,accepted
data\isl_alphabet_digits\train\0\Output Image -164.jpg,train,0,26,400,400,accepted
data\isl_alphabet_digits\train\0\Output Image -1.jpg,train,0,26,400,400,accepted
data\isl_alphabet_digits\train\0\Output Image -346.jpg,train,0,26,400,400,accepted
data\isl_alphabet_digits\train\0\Sign 0 (488).jpeg,train,0,26,400,400,accepted
data\isl_alphabet_digits\train\0\Output Image -121.jpg,train,0,26,400,400,accepted
data\isl_alphabet_digits\train\0\Output Image -496.jpg,train,0,26,400,400,accepted
data\isl_alphabet_digits\val\0\Sign 0 (212).jpeg,val,0,26,400,400,accepted
data\isl_alphabet_digits\val\0\Sign 0 (329).jpeg,val,0,26,400,400,accepted
data\isl_alphabet_digits\val\0\Sign 0 (93).jpeg,val,0,26,400,400,accepted
data\isl_alphabet_digits\val\0\Output Image -308.jpg,val,0,26,400,400,accepted
data\isl_alphabet_digits\val\0\Sign 0 (382).jpeg,val,0,26,400,400,accepted
data\isl_alphabet_digits\val\0\Output Image -173.jpg,val,0,26,400,400,accepted
data\isl_alphabet_digits\val\0\Output Image -305.jpg,val,0,26,400,400,accepted
data\isl_alphabet_digits\val\0\Output Image -299.jpg,val,0,26,400,400,accepted
data\isl_alphabet_digits\val\0\Sign 0 (26).jpeg,val,0,26,400,400,accepted
data\isl_alphabet_digits\val\0\Output Image -344.jpg,val,0,26,400,400,accepted
data\isl_alphabet_digits\val\0\Sign 0 (353).jpeg,val,0,26,400,400,accepted
data\isl_alphabet_digits\val\0\Output Image -409.jpg,val,0,26,400,400,accepted
data\isl_alphabet_digits\val\0\Sign 0 (417).jpeg,val,0,26,400,400,accepted
data\isl_alphabet_digits\val\0\Sign 0 (378).jpeg,val,0,26,400,400,accepted
data\isl_alphabet_digits\val\0\Output Image -222.jpg,val,0,26,400,400,accepted
data\isl_alphabet_digits\val\0\Output Image -324.jpg,val,0,26,400,400,accepted
data\isl_alphabet_digits\val\0\Sign 0 (466).jpeg,val,0,26,400,400,accepted
data\isl_alphabet_digits\val\0\Output Image -440.jpg,val,0,26,400,400,accepted
data\isl_alphabet_digits\val\0\Sign 0 (179).jpeg,val,0,26,400,400,accepted
data\isl_alphabet_digits\val\0\Output Image -441.jpg,val,0,26,400,400,accepted
data\isl_alphabet_digits\val\0\Sign 0 (166).jpeg,val,0,26,400,400,accepted
data\isl_alphabet_digits\val\0\Sign 0 (181).jpeg,val,0,26,400,400,accepted
data\isl_alphabet_digits\val\0\Sign 0 (105).jpeg,val,0,26,400,400,accepted
data\isl_alphabet_digits\val\0\Output Image -63.jpg,val,0,26,400,400,accepted
data\isl_alphabet_digits\val\0\Output Image -330.jpg,val,0,26,400,400,accepted
data\isl_alphabet_digits\val\0\Sign 0 (370).jpeg,val,0,26,400,400,accepted
data\isl_alphabet_digits\val\0\Output Image -277.jpg,val,0,26,400,400,accepted
data\isl_alphabet_digits\val\0\Output Image -318.jpg,val,0,26,400,400,accepted
data\isl_alphabet_digits\val\0\Sign 0 (121).jpeg,val,0,26,400,400,accepted
data\isl_alphabet_digits\val\0\Sign 0 (473).jpeg,val,0,26,400,400,accepted
data\isl_alphabet_digits\val\0\Output Image -85.jpg,val,0,26,400,400,accepted
data\isl_alphabet_digits\val\0\Sign 0 (366).jpeg,val,0,26,400,400,accepted
data\isl_alphabet_digits\val\0\Sign 0 (387).jpeg,val,0,26,400,400,accepted
data\isl_alphabet_digits\val\0\Sign 0 (246).jpeg,val,0,26,400,400,accepted
data\isl_alphabet_digits\val\0\Output Image -146.jpg,val,0,26,400,400,accepted
data\isl_alphabet_digits\val\0\Output Image -229.jpg,val,0,26,400,400,accepted
data\isl_alphabet_digits\val\0\Output Image -129.jpg,val,0,26,400,400,accepted
data\isl_alphabet_digits\val\0\Output Image -375.jpg,val,0,26,400,400,accepted
data\isl_alphabet_digits\val\0\Output Image -418.jpg,val,0,26,400,400,accepted
data\isl_alphabet_digits\val\0\Sign 0 (449).jpeg,val,0,26,400,400,accepted
data\isl_alphabet_digits\val\0\Sign 0 (340).jpeg,val,0,26,400,400,accepted
data\isl_alphabet_digits\val\0\Output Image -46.jpg,val,0,26,400,400,accepted
data\isl_alphabet_digits\val\0\Output Image -436.jpg,val,0,26,400,400,accepted
data\isl_alphabet_digits\val\0\Output Image -113.jpg,val,0,26,400,400,accepted
data\isl_alphabet_digits\val\0\Output Image -337.jpg,val,0,26,400,400,accepted
data\isl_alphabet_digits\val\0\Output Image -240.jpg,val,0,26,400,400,accepted
data\isl_alphabet_digits\val\0\Output Image -426.jpg,val,0,26,400,400,accepted
data\isl_alphabet_digits\val\0\Sign 0 (304).jpeg,val,0,26,400,400,accepted
data\isl_alphabet_digits\val\0\Output Image -270.jpg,val,0,26,400,400,accepted
data\isl_alphabet_digits\val\0\Output Image -176.jpg,val,0,26,400,400,accepted
data\isl_alphabet_digits\val\0\Sign 0 (255).jpeg,val,0,26,400,400,accepted
data\isl_alphabet_digits\val\0\Sign 0 (250).jpeg,val,0,26,400,400,accepted
data\isl_alphabet_digits\val\0\Output Image -248.jpg,val,0,26,400,400,accepted
data\isl_alphabet_digits\val\0\Sign 0 (18).jpeg,val,0,26,400,400,accepted
data\isl_alphabet_digits\val\0\Output Image -189.jpg,val,0,26,400,400,accepted
data\isl_alphabet_digits\val\0\Sign 0 (20).jpeg,val,0,26,400,400,accepted
data\isl_alphabet_digits\val\0\Output Image -485.jpg,val,0,26,400,400,accepted
data\isl_alphabet_digits\val\0\Output Image -435.jpg,val,0,26,400,400,accepted
data\isl_alphabet_digits\val\0\Sign 0 (380).jpeg,val,0,26,400,400,accepted
data\isl_alphabet_digits\val\0\Sign 0 (165).jpeg,val,0,26,400,400,accepted
data\isl_alphabet_digits\val\0\Sign 0 (38).jpeg,val,0,26,400,400,accepted
data\isl_alphabet_digits\val\0\Sign 0 (444).jpeg,val,0,26,400,400,accepted
data\isl_alphabet_digits\val\0\Sign 0 (497).jpeg,val,0,26,400,400,accepted
data\isl_alphabet_digits\val\0\Output Image -391.jpg,val,0,26,400,400,accepted
data\isl_alphabet_digits\val\0\Sign 0 (12).jpeg,val,0,26,400,400,accepted
data\isl_alphabet_digits\val\0\Output Image -193.jpg,val,0,26,400,400,accepted
data\isl_alphabet_digits\val\0\Sign 0 (46).jpeg,val,0,26,400,400,accepted
data\isl_alphabet_digits\val\0\Output Image -328.jpg,val,0,26,400,400,accepted
data\isl_alphabet_digits\val\0\Sign 0 (1).jpeg,val,0,26,400,400,accepted
data\isl_alphabet_digits\val\0\Output Image -246.jpg,val,0,26,400,400,accepted
data\isl_alphabet_digits\val\0\Output Image -257.jpg,val,0,26,400,400,accepted
data\isl_alphabet_digits\val\0\Sign 0 (3).jpeg,val,0,26,400,400,accepted
data\isl_alphabet_digits\val\0\Sign 0 (58).jpeg,val,0,26,400,400,accepted
data\isl_alphabet_digits\val\0\Output Image -41.jpg,val,0,26,400,400,accepted
data\isl_alphabet_digits\val\0\Output Image -70.jpg,val,0,26,400,400,accepted
data\isl_alphabet_digits\val\0\Output Image -490.jpg,val,0,26,400,400,accepted
data\isl_alphabet_digits\val\0\Output Image -383.jpg,val,0,26,400,400,accepted
data\isl_alphabet_digits\val\0\Output Image -98.jpg,val,0,26,400,400,accepted
data\isl_alphabet_digits\val\0\Sign 0 (436).jpeg,val,0,26,400,400,accepted
data\isl_alphabet_digits\val\0\Output Image -355.jpg,val,0,26,400,400,accepted
data\isl_alphabet_digits\val\0\Sign 0 (226).jpeg,val,0,26,400,400,accepted
data\isl_alphabet_digits\val\0\Output Image -215.jpg,val,0,26,400,400,accepted
data\isl_alphabet_digits\val\0\Sign 0 (318).jpeg,val,0,26,400,400,accepted
data\isl_alphabet_digits\val\0\Output Image -207.jpg,val,0,26,400,400,accepted
data\isl_alphabet_digits\val\0\Output Image -421.jpg,val,0,26,400,400,accepted
data\isl_alphabet_digits\val\0\Sign 0 (101).jpeg,val,0,26,400,400,accepted
data\isl_alphabet_digits\val\0\Output Image -468.jpg,val,0,26,400,400,accepted
data\isl_alphabet_digits\val\0\Sign 0 (294).jpeg,val,0,26,400,400,accepted
data\isl_alphabet_digits\val\0\Output Image -125.jpg,val,0,26,400,400,accepted
data\isl_alphabet_digits\val\0\Output Image -59.jpg,val,0,26,400,400,accepted
data\isl_alphabet_digits\val\0\Output Image -96.jpg,val,0,26,400,400,accepted
data\isl_alphabet_digits\val\0\Output Image -54.jpg,val,0,26,400,400,accepted
data\isl_alphabet_digits\val\0\Output Image -371.jpg,val,0,26,400,400,accepted
data\isl_alphabet_digits\val\0\Output Image -460.jpg,val,0,26,400,400,accepted
data\isl_alphabet_digits\val\0\Output Image -488.jpg,val,0,26,400,400,accepted
data\isl_alphabet_digits\val\0\Sign 0 (236).jpeg,val,0,26,400,400,accepted
data\isl_alphabet_digits\val\0\Sign 0 (110).jpeg,val,0,26,400,400,accepted
data\isl_alphabet_digits\val\0\Output Image -276.jpg,val,0,26,400,400,accepted
data\isl_alphabet_digits\val\0\Sign 0 (390).jpeg,val,0,26,400,400,accepted
data\isl_alphabet_digits\val\0\Output Image -244.jpg,val,0,26,400,400,accepted
data\isl_alphabet_digits\val\0\Output Image -165.jpg,val,0,26,400,400,accepted
data\isl_alphabet_digits\val\0\Output Image -406.jpg,val,0,26,400,400,accepted
data\isl_alphabet_digits\val\0\Sign 0 (65).jpeg,val,0,26,400,400,accepted
data\isl_alphabet_digits\val\0\Sign 0 (70).jpeg,val,0,26,400,400,accepted
data\isl_alphabet_digits\val\0\Sign 0 (175).jpeg,val,0,26,400,400,accepted
data\isl_alphabet_digits\val\0\Output Image -325.jpg,val,0,26,400,400,accepted
data\isl_alphabet_digits\val\0\Output Image -56.jpg,val,0,26,400,400,accepted
data\isl_alphabet_digits\val\0\Output Image -58.jpg,val,0,26,400,400,accepted
data\isl_alphabet_digits\val\0\Output Image -357.jpg,val,0,26,400,400,accepted
data\isl_alphabet_digits\val\0\Sign 0 (29).jpeg,val,0,26,400,400,accepted
data\isl_alphabet_digits\val\0\Sign 0 (231).jpeg,val,0,26,400,400,accepted
data\isl_alphabet_digits\val\0\Sign 0 (151).jpeg,val,0,26,400,400,accepted
data\isl_alphabet_digits\val\0\Sign 0 (209).jpeg,val,0,26,400,400,accepted
data\isl_alphabet_digits\val\0\Output Image -198.jpg,val,0,26,400,400,accepted
data\isl_alphabet_digits\val\0\Output Image -217.jpg,val,0,26,400,400,accepted
data\isl_alphabet_digits\val\0\Sign 0 (267).jpeg,val,0,26,400,400,accepted
data\isl_alphabet_digits\val\0\Output Image -445.jpg,val,0,26,400,400,accepted
data\isl_alphabet_digits\val\0\Output Image -480.jpg,val,0,26,400,400,accepted
data\isl_alphabet_digits\val\0\Sign 0 (84).jpeg,val,0,26,400,400,accepted
data\isl_alphabet_digits\val\0\Output Image -313.jpg,val,0,26,400,400,accepted
data\isl_alphabet_digits\val\0\Output Image -119.jpg,val,0,26,400,400,accepted
data\isl_alphabet_digits\val\0\Output Image -314.jpg,val,0,26,400,400,accepted
data\isl_alphabet_digits\val\0\Sign 0 (401).jpeg,val,0,26,400,400,accepted
data\isl_alphabet_digits\val\0\Output Image -255.jpg,val,0,26,400,400,accepted
data\isl_alphabet_digits\val\0\Output Image -71.jpg,val,0,26,400,400,accepted
data\isl_alphabet_digits\val\0\Sign 0 (386).jpeg,val,0,26,400,400,accepted
data\isl_alphabet_digits\test\0\Output Image -88.jpg,test,0,26,400,400,accepted
data\isl_alphabet_digits\test\0\Sign 0 (404).jpeg,test,0,26,400,400,accepted
data\isl_alphabet_digits\test\0\Sign 0 (276).jpeg,test,0,26,400,400,accepted
data\isl_alphabet_digits\test\0\Output Image -152.jpg,test,0,26,400,400,accepted
data\isl_alphabet_digits\test\0\Output Image -373.jpg,test,0,26,400,400,accepted
data\isl_alphabet_digits\test\0\Sign 0 (81).jpeg,test,0,26,400,400,accepted
data\isl_alphabet_digits\test\0\Output Image -205.jpg,test,0,26,400,400,accepted
data\isl_alphabet_digits\test\0\Output Image -385.jpg,test,0,26,400,400,accepted
data\isl_alphabet_digits\test\0\Sign 0 (351).jpeg,test,0,26,400,400,accepted
data\isl_alphabet_digits\test\0\Sign 0 (451).jpeg,test,0,26,400,400,accepted
data\isl_alphabet_digits\test\0\Output Image -293.jpg,test,0,26,400,400,accepted
data\isl_alphabet_digits\test\0\Sign 0 (350).jpeg,test,0,26,400,400,accepted
data\isl_alphabet_digits\test\0\Sign 0 (177).jpeg,test,0,26,400,400,accepted
data\isl_alphabet_digits\test\0\Sign 0 (407).jpeg,test,0,26,400,400,accepted
data\isl_alphabet_digits\test\0\Sign 0 (86).jpeg,test,0,26,400,400,accepted
data\isl_alphabet_digits\test\0\Sign 0 (452).jpeg,test,0,26,400,400,accepted
data\isl_alphabet_digits\test\0\Output Image -79.jpg,test,0,26,400,400,accepted
data\isl_alphabet_digits\test\0\Sign 0 (37).jpeg,test,0,26,400,400,accepted
data\isl_alphabet_digits\test\0\Sign 0 (163).jpeg,test,0,26,400,400,accepted
data\isl_alphabet_digits\test\0\Sign 0 (460).jpeg,test,0,26,400,400,accepted
data\isl_alphabet_digits\test\0\Output Image -413.jpg,test,0,26,400,400,accepted
data\isl_alphabet_digits\test\0\Sign 0 (359).jpeg,test,0,26,400,400,accepted
data\isl_alphabet_digits\test\0\Output Image -280.jpg,test,0,26,400,400,accepted
data\isl_alphabet_digits\test\0\Output Image -416.jpg,test,0,26,400,400,accepted
data\isl_alphabet_digits\test\0\Output Image -370.jpg,test,0,26,400,400,accepted
data\isl_alphabet_digits\test\0\Sign 0 (409).jpeg,test,0,26,400,400,accepted
data\isl_alphabet_digits\test\0\Sign 0 (63).jpeg,test,0,26,400,400,accepted
data\isl_alphabet_digits\test\0\Output Image -16.jpg,test,0,26,400,400,accepted
data\isl_alphabet_digits\test\0\Sign 0 (302).jpeg,test,0,26,400,400,accepted
data\isl_alphabet_digits\test\0\Output Image -91.jpg,test,0,26,400,400,accepted
data\isl_alphabet_digits\test\0\Output Image -249.jpg,test,0,26,400,400,accepted
data\isl_alphabet_digits\test\0\Sign 0 (31).jpeg,test,0,26,400,400,accepted
data\isl_alphabet_digits\test\0\Output Image -93.jpg,test,0,26,400,400,accepted
data\isl_alphabet_digits\test\0\Output Image -339.jpg,test,0,26,400,400,accepted
data\isl_alphabet_digits\test\0\Sign 0 (183).jpeg,test,0,26,400,400,accepted
data\isl_alphabet_digits\test\0\Output Image -378.jpg,test,0,26,400,400,accepted
data\isl_alphabet_digits\test\0\Output Image -411.jpg,test,0,26,400,400,accepted
data\isl_alphabet_digits\test\0\Output Image -66.jpg,test,0,26,400,400,accepted
data\isl_alphabet_digits\test\0\Sign 0 (406).jpeg,test,0,26,400,400,accepted
data\isl_alphabet_digits\test\0\Output Image -4.jpg,test,0,26,400,400,accepted
data\isl_alphabet_digits\test\0\Sign 0 (349).jpeg,test,0,26,400,400,accepted
data\isl_alphabet_digits\test\0\Sign 0 (49).jpeg,test,0,26,400,400,accepted
data\isl_alphabet_digits\test\0\Sign 0 (54).jpeg,test,0,26,400,400,accepted
data\isl_alphabet_digits\test\0\Sign 0 (301).jpeg,test,0,26,400,400,accepted
data\isl_alphabet_digits\test\0\Sign 0 (499).jpeg,test,0,26,400,400,accepted
data\isl_alphabet_digits\test\0\Output Image -366.jpg,test,0,26,400,400,accepted
data\isl_alphabet_digits\test\0\Output Image -148.jpg,test,0,26,400,400,accepted
data\isl_alphabet_digits\test\0\Output Image -53.jpg,test,0,26,400,400,accepted
data\isl_alphabet_digits\test\0\Output Image -497.jpg,test,0,26,400,400,accepted
data\isl_alphabet_digits\test\0\Sign 0 (219).jpeg,test,0,26,400,400,accepted
data\isl_alphabet_digits\test\0\Output Image -75.jpg,test,0,26,400,400,accepted
data\isl_alphabet_digits\test\0\Sign 0 (194).jpeg,test,0,26,400,400,accepted
data\isl_alphabet_digits\test\0\Sign 0 (427).jpeg,test,0,26,400,400,accepted
data\isl_alphabet_digits\test\0\Sign 0 (369).jpeg,test,0,26,400,400,accepted
data\isl_alphabet_digits\test\0\Output Image -390.jpg,test,0,26,400,400,accepted
data\isl_alphabet_digits\test\0\Sign 0 (15).jpeg,test,0,26,400,400,accepted
data\isl_alphabet_digits\test\0\Sign 0 (180).jpeg,test,0,26,400,400,accepted
data\isl_alphabet_digits\test\0\Output Image -431.jpg,test,0,26,400,400,accepted
data\isl_alphabet_digits\test\0\Sign 0 (331).jpeg,test,0,26,400,400,accepted
data\isl_alphabet_digits\test\0\Output Image -306.jpg,test,0,26,400,400,accepted
data\isl_alphabet_digits\test\0\Sign 0 (496).jpeg,test,0,26,400,400,accepted
data\isl_alphabet_digits\test\0\Output Image -348.jpg,test,0,26,400,400,accepted
data\isl_alphabet_digits\test\0\Output Image -358.jpg,test,0,26,400,400,accepted
data\isl_alphabet_digits\test\0\Sign 0 (430).jpeg,test,0,26,400,400,accepted
data\isl_alphabet_digits\test\0\Output Image -275.jpg,test,0,26,400,400,accepted
data\isl_alphabet_digits\test\0\Sign 0 (193).jpeg,test,0,26,400,400,accepted
data\isl_alphabet_digits\test\0\Sign 0 (62).jpeg,test,0,26,400,400,accepted
data\isl_alphabet_digits\test\0\Sign 0 (25).jpeg,test,0,26,400,400,accepted
data\isl_alphabet_digits\test\0\Output Image -252.jpg,test,0,26,400,400,accepted
data\isl_alphabet_digits\test\0\Output Image -153.jpg,test,0,26,400,400,accepted
data\isl_alphabet_digits\test\0\Output Image -456.jpg,test,0,26,400,400,accepted
data\isl_alphabet_digits\test\0\Sign 0 (148).jpeg,test,0,26,400,400,accepted
data\isl_alphabet_digits\test\0\Sign 0 (403).jpeg,test,0,26,400,400,accepted
data\isl_alphabet_digits\test\0\Output Image -333.jpg,test,0,26,400,400,accepted
data\isl_alphabet_digits\test\0\Sign 0 (479).jpeg,test,0,26,400,400,accepted
data\isl_alphabet_digits\test\0\Sign 0 (493).jpeg,test,0,26,400,400,accepted
data\isl_alphabet_digits\test\0\Sign 0 (215).jpeg,test,0,26,400,400,accepted
data\isl_alphabet_digits\test\0\Sign 0 (64).jpeg,test,0,26,400,400,accepted
data\isl_alphabet_digits\test\0\Sign 0 (21).jpeg,test,0,26,400,400,accepted
data\isl_alphabet_digits\test\0\Output Image -86.jpg,test,0,26,400,400,accepted
data\isl_alphabet_digits\test\0\Sign 0 (471).jpeg,test,0,26,400,400,accepted
data\isl_alphabet_digits\test\0\Output Image -487.jpg,test,0,26,400,400,accepted
data\isl_alphabet_digits\test\0\Sign 0 (355).jpeg,test,0,26,400,400,accepted
data\isl_alphabet_digits\test\0\Sign 0 (292).jpeg,test,0,26,400,400,accepted
data\isl_alphabet_digits\test\0\Output Image -60.jpg,test,0,26,400,400,accepted
data\isl_alphabet_digits\test\0\Sign 0 (475).jpeg,test,0,26,400,400,accepted
data\isl_alphabet_digits\test\0\Output Image -80.jpg,test,0,26,400,400,accepted
data\isl_alphabet_digits\test\0\Output Image -425.jpg,test,0,26,400,400,accepted
data\isl_alphabet_digits\test\0\Sign 0 (297).jpeg,test,0,26,400,400,accepted
data\isl_alphabet_digits\test\0\Output Image -483.jpg,test,0,26,400,400,accepted
data\isl_alphabet_digits\test\0\Sign 0 (104).jpeg,test,0,26,400,400,accepted
data\isl_alphabet_digits\test\0\Sign 0 (416).jpeg,test,0,26,400,400,accepted
data\isl_alphabet_digits\test\0\Output Image -319.jpg,test,0,26,400,400,accepted
data\isl_alphabet_digits\test\0\Output Image -141.jpg,test,0,26,400,400,accepted
data\isl_alphabet_digits\test\0\Sign 0 (36).jpeg,test,0,26,400,400,accepted
data\isl_alphabet_digits\test\0\Output Image -107.jpg,test,0,26,400,400,accepted
data\isl_alphabet_digits\test\0\Output Image -83.jpg,test,0,26,400,400,accepted
data\isl_alphabet_digits\test\0\Output Image -429.jpg,test,0,26,400,400,accepted
data\isl_alphabet_digits\test\0\Output Image -38.jpg,test,0,26,400,400,accepted
data\isl_alphabet_digits\test\0\Output Image -443.jpg,test,0,26,400,400,accepted
data\isl_alphabet_digits\test\0\Sign 0 (339).jpeg,test,0,26,400,400,accepted
data\isl_alphabet_digits\test\0\Output Image -288.jpg,test,0,26,400,400,accepted
data\isl_alphabet_digits\test\0\Sign 0 (127).jpeg,test,0,26,400,400,accepted
data\isl_alphabet_digits\test\0\Output Image -331.jpg,test,0,26,400,400,accepted
data\isl_alphabet_digits\test\0\Output Image -213.jpg,test,0,26,400,400,accepted
data\isl_alphabet_digits\test\0\Sign 0 (373).jpeg,test,0,26,400,400,accepted
data\isl_alphabet_digits\test\0\Sign 0 (358).jpeg,test,0,26,400,400,accepted
data\isl_alphabet_digits\test\0\Sign 0 (210).jpeg,test,0,26,400,400,accepted
data\isl_alphabet_digits\test\0\Sign 0 (131).jpeg,test,0,26,400,400,accepted
data\isl_alphabet_digits\test\0\Sign 0 (135).jpeg,test,0,26,400,400,accepted
data\isl_alphabet_digits\test\0\Output Image -112.jpg,test,0,26,400,400,accepted
data\isl_alphabet_digits\test\0\Output Image -32.jpg,test,0,26,400,400,accepted
data\isl_alphabet_digits\test\0\Sign 0 (201).jpeg,test,0,26,400,400,accepted
data\isl_alphabet_digits\test\0\Output Image -263.jpg,test,0,26,400,400,accepted
data\isl_alphabet_digits\test\0\Output Image -466.jpg,test,0,26,400,400,accepted
data\isl_alphabet_digits\test\0\Output Image -405.jpg,test,0,26,400,400,accepted
data\isl_alphabet_digits\test\0\Sign 0 (22).jpeg,test,0,26,400,400,accepted
data\isl_alphabet_digits\test\0\Output Image -462.jpg,test,0,26,400,400,accepted
data\isl_alphabet_digits\test\0\Sign 0 (270).jpeg,test,0,26,400,400,accepted
data\isl_alphabet_digits\test\0\Sign 0 (363).jpeg,test,0,26,400,400,accepted
data\isl_alphabet_digits\test\0\Sign 0 (384).jpeg,test,0,26,400,400,accepted
data\isl_alphabet_digits\test\0\Sign 0 (413).jpeg,test,0,26,400,400,accepted
data\isl_alphabet_digits\test\0\Output Image -467.jpg,test,0,26,400,400,accepted
data\isl_alphabet_digits\test\0\Sign 0 (125).jpeg,test,0,26,400,400,accepted
data\isl_alphabet_digits\test\0\Sign 0 (233).jpeg,test,0,26,400,400,accepted
data\isl_alphabet_digits\test\0\Output Image -37.jpg,test,0,26,400,400,accepted
data\isl_alphabet_digits\train\1\Output Image -10.jpg,train,1,27,400,400,accepted
data\isl_alphabet_digits\train\1\Sign 1 (304).jpeg,train,1,27,400,400,accepted
data\isl_alphabet_digits\train\1\Output Image -35.jpg,train,1,27,400,400,accepted
data\isl_alphabet_digits\train\1\Sign 1 (474).jpeg,train,1,27,400,400,accepted
data\isl_alphabet_digits\train\1\Output Image -266.jpg,train,1,27,400,400,accepted
data\isl_alphabet_digits\train\1\Output Image -234.jpg,train,1,27,400,400,accepted
data\isl_alphabet_digits\train\1\Sign 1 (28).jpeg,train,1,27,400,400,accepted
data\isl_alphabet_digits\train\1\Output Image -240.jpg,train,1,27,400,400,accepted
data\isl_alphabet_digits\train\1\Output Image -398.jpg,train,1,27,400,400,accepted
data\isl_alphabet_digits\train\1\Sign 1 (309).jpeg,train,1,27,400,400,accepted
data\isl_alphabet_digits\train\1\Output Image -95.jpg,train,1,27,400,400,accepted
data\isl_alphabet_digits\train\1\Sign 1 (366).jpeg,train,1,27,400,400,accepted
data\isl_alphabet_digits\train\1\Output Image -442.jpg,train,1,27,400,400,accepted
data\isl_alphabet_digits\train\1\Sign 1 (156).jpeg,train,1,27,400,400,accepted
data\isl_alphabet_digits\train\1\Sign 1 (419).jpeg,train,1,27,400,400,accepted
data\isl_alphabet_digits\train\1\Sign 1 (346).jpeg,train,1,27,400,400,accepted
data\isl_alphabet_digits\train\1\Output Image -357.jpg,train,1,27,400,400,accepted
data\isl_alphabet_digits\train\1\Output Image -364.jpg,train,1,27,400,400,accepted
data\isl_alphabet_digits\train\1\Output Image -463.jpg,train,1,27,400,400,accepted
data\isl_alphabet_digits\train\1\Output Image -419.jpg,train,1,27,400,400,accepted
data\isl_alphabet_digits\train\1\Output Image -310.jpg,train,1,27,400,400,accepted
data\isl_alphabet_digits\train\1\Output Image -264.jpg,train,1,27,400,400,accepted
data\isl_alphabet_digits\train\1\Output Image -277.jpg,train,1,27,400,400,accepted
data\isl_alphabet_digits\train\1\Sign 1 (175).jpeg,train,1,27,400,400,accepted
data\isl_alphabet_digits\train\1\Sign 1 (489).jpeg,train,1,27,400,400,accepted
data\isl_alphabet_digits\train\1\Output Image -220.jpg,train,1,27,400,400,accepted
data\isl_alphabet_digits\train\1\Output Image -62.jpg,train,1,27,400,400,accepted
data\isl_alphabet_digits\train\1\Output Image -263.jpg,train,1,27,400,400,accepted
data\isl_alphabet_digits\train\1\Sign 1 (1).jpeg,train,1,27,400,400,accepted
data\isl_alphabet_digits\train\1\Output Image -342.jpg,train,1,27,400,400,accepted
data\isl_alphabet_digits\train\1\Sign 1 (279).jpeg,train,1,27,400,400,accepted
data\isl_alphabet_digits\train\1\Sign 1 (25).jpeg,train,1,27,400,400,accepted
data\isl_alphabet_digits\train\1\Output Image -17.jpg,train,1,27,400,400,accepted
data\isl_alphabet_digits\train\1\Output Image -251.jpg,train,1,27,400,400,accepted
data\isl_alphabet_digits\train\1\Output Image -479.jpg,train,1,27,400,400,accepted
data\isl_alphabet_digits\train\1\Output Image -215.jpg,train,1,27,400,400,accepted
data\isl_alphabet_digits\train\1\Sign 1 (181).jpeg,train,1,27,400,400,accepted
data\isl_alphabet_digits\train\1\Sign 1 (41).jpeg,train,1,27,400,400,accepted
data\isl_alphabet_digits\train\1\Output Image -464.jpg,train,1,27,400,400,accepted
data\isl_alphabet_digits\train\1\Sign 1 (145).jpeg,train,1,27,400,400,accepted
data\isl_alphabet_digits\train\1\Output Image -383.jpg,train,1,27,400,400,accepted
data\isl_alphabet_digits\train\1\Sign 1 (356).jpeg,train,1,27,400,400,accepted
data\isl_alphabet_digits\train\1\Sign 1 (495).jpeg,train,1,27,400,400,accepted
data\isl_alphabet_digits\train\1\Output Image -52.jpg,train,1,27,400,400,accepted
data\isl_alphabet_digits\train\1\Sign 1 (42).jpeg,train,1,27,400,400,accepted
data\isl_alphabet_digits\train\1\Output Image -349.jpg,train,1,27,400,400,accepted
data\isl_alphabet_digits\train\1\Output Image -324.jpg,train,1,27,400,400,accepted
data\isl_alphabet_digits\train\1\Sign 1 (172).jpeg,train,1,27,400,400,accepted
data\isl_alphabet_digits\train\1\Sign 1 (367).jpeg,train,1,27,400,400,accepted
data\isl_alphabet_digits\train\1\Output Image -114.jpg,train,1,27,400,400,accepted
data\isl_alphabet_digits\train\1\Output Image -78.jpg,train,1,27,400,400,accepted
data\isl_alphabet_digits\train\1\Sign 1 (280).jpeg,train,1,27,400,400,accepted
data\isl_alphabet_digits\train\1\Output Image -366.jpg,train,1,27,400,400,accepted
data\isl_alphabet_digits\train\1\Output Image -195.jpg,train,1,27,400,400,accepted
data\isl_alphabet_digits\train\1\Sign 1 (211).jpeg,train,1,27,400,400,accepted
data\isl_alphabet_digits\train\1\Output Image -296.jpg,train,1,27,400,400,accepted
data\isl_alphabet_digits\train\1\Output Image -132.jpg,train,1,27,400,400,accepted
data\isl_alphabet_digits\train\1\Sign 1 (186).jpeg,train,1,27,400,400,accepted
data\isl_alphabet_digits\train\1\Sign 1 (71).jpeg,train,1,27,400,400,accepted
data\isl_alphabet_digits\train\1\Output Image -18.jpg,train,1,27,400,400,accepted
data\isl_alphabet_digits\train\1\Output Image -257.jpg,train,1,27,400,400,accepted
data\isl_alphabet_digits\train\1\Sign 1 (160).jpeg,train,1,27,400,400,accepted
data\isl_alphabet_digits\train\1\Output Image -8.jpg,train,1,27,400,400,accepted
data\isl_alphabet_digits\train\1\Sign 1 (428).jpeg,train,1,27,400,400,accepted
data\isl_alphabet_digits\train\1\Output Image -76.jpg,train,1,27,400,400,accepted
data\isl_alphabet_digits\train\1\Sign 1 (46).jpeg,train,1,27,400,400,accepted
data\isl_alphabet_digits\train\1\Sign 1 (137).jpeg,train,1,27,400,400,accepted
data\isl_alphabet_digits\train\1\Sign 1 (104).jpeg,train,1,27,400,400,accepted
data\isl_alphabet_digits\train\1\Sign 1 (24).jpeg,train,1,27,400,400,accepted
data\isl_alphabet_digits\train\1\Output Image -339.jpg,train,1,27,400,400,accepted
data\isl_alphabet_digits\train\1\Sign 1 (258).jpeg,train,1,27,400,400,accepted
data\isl_alphabet_digits\train\1\Sign 1 (412).jpeg,train,1,27,400,400,accepted
data\isl_alphabet_digits\train\1\Output Image -155.jpg,train,1,27,400,400,accepted
data\isl_alphabet_digits\train\1\Sign 1 (34).jpeg,train,1,27,400,400,accepted
data\isl_alphabet_digits\train\1\Output Image -488.jpg,train,1,27,400,400,accepted
data\isl_alphabet_digits\train\1\Output Image -446.jpg,train,1,27,400,400,accepted
data\isl_alphabet_digits\train\1\Output Image -161.jpg,train,1,27,400,400,accepted
data\isl_alphabet_digits\train\1\Sign 1 (460).jpeg,train,1,27,400,400,accepted
data\isl_alphabet_digits\train\1\Output Image -290.jpg,train,1,27,400,400,accepted
data\isl_alphabet_digits\train\1\Output Image -318.jpg,train,1,27,400,400,accepted
data\isl_alphabet_digits\train\1\Sign 1 (188).jpeg,train,1,27,400,400,accepted
data\isl_alphabet_digits\train\1\Sign 1 (362).jpeg,train,1,27,400,400,accepted
data\isl_alphabet_digits\train\1\Output Image -56.jpg,train,1,27,400,400,accepted
data\isl_alphabet_digits\train\1\Sign 1 (291).jpeg,train,1,27,400,400,accepted
data\isl_alphabet_digits\train\1\Sign 1 (285).jpeg,train,1,27,400,400,accepted
data\isl_alphabet_digits\train\1\Sign 1 (45).jpeg,train,1,27,400,400,accepted
data\isl_alphabet_digits\train\1\Sign 1 (439).jpeg,train,1,27,400,400,accepted
data\isl_alphabet_digits\train\1\Output Image -406.jpg,train,1,27,400,400,accepted
data\isl_alphabet_digits\train\1\Sign 1 (286).jpeg,train,1,27,400,400,accepted
data\isl_alphabet_digits\train\1\Sign 1 (223).jpeg,train,1,27,400,400,accepted
data\isl_alphabet_digits\train\1\Sign 1 (193).jpeg,train,1,27,400,400,accepted
data\isl_alphabet_digits\train\1\Output Image -4.jpg,train,1,27,400,400,accepted
data\isl_alphabet_digits\train\1\Sign 1 (295).jpeg,train,1,27,400,400,accepted
data\isl_alphabet_digits\train\1\Sign 1 (425).jpeg,train,1,27,400,400,accepted
data\isl_alphabet_digits\train\1\Sign 1 (120).jpeg,train,1,27,400,400,accepted
data\isl_alphabet_digits\train\1\Sign 1 (447).jpeg,train,1,27,400,400,accepted
data\isl_alphabet_digits\train\1\Output Image -40.jpg,train,1,27,400,400,accepted
data\isl_alphabet_digits\train\1\Sign 1 (359).jpeg,train,1,27,400,400,accepted
data\isl_alphabet_digits\train\1\Sign 1 (257).jpeg,train,1,27,400,400,accepted
data\isl_alphabet_digits\train\1\Sign 1 (184).jpeg,train,1,27,400,400,accepted
data\isl_alphabet_digits\train\1\Output Image -216.jpg,train,1,27,400,400,accepted
data\isl_alphabet_digits\train\1\Sign 1 (26).jpeg,train,1,27,400,400,accepted
data\isl_alphabet_digits\train\1\Output Image -225.jpg,train,1,27,400,400,accepted
data\isl_alphabet_digits\train\1\Output Image -458.jpg,train,1,27,400,400,accepted
data\isl_alphabet_digits\train\1\Sign 1 (480).jpeg,train,1,27,400,400,accepted
data\isl_alphabet_digits\train\1\Output Image -229.jpg,train,1,27,400,400,accepted
data\isl_alphabet_digits\train\1\Sign 1 (301).jpeg,train,1,27,400,400,accepted
data\isl_alphabet_digits\train\1\Output Image -154.jpg,train,1,27,400,400,accepted
data\isl_alphabet_digits\train\1\Sign 1 (219).jpeg,train,1,27,400,400,accepted
data\isl_alphabet_digits\train\1\Sign 1 (449).jpeg,train,1,27,400,400,accepted
data\isl_alphabet_digits\train\1\Output Image -217.jpg,train,1,27,400,400,accepted
data\isl_alphabet_digits\train\1\Sign 1 (92).jpeg,train,1,27,400,400,accepted
data\isl_alphabet_digits\train\1\Output Image -218.jpg,train,1,27,400,400,accepted
data\isl_alphabet_digits\train\1\Sign 1 (490).jpeg,train,1,27,400,400,accepted
data\isl_alphabet_digits\train\1\Sign 1 (338).jpeg,train,1,27,400,400,accepted
data\isl_alphabet_digits\train\1\Output Image -203.jpg,train,1,27,400,400,accepted
data\isl_alphabet_digits\train\1\Output Image -336.jpg,train,1,27,400,400,accepted
data\isl_alphabet_digits\train\1\Sign 1 (60).jpeg,train,1,27,400,400,accepted
data\isl_alphabet_digits\train\1\Output Image -182.jpg,train,1,27,400,400,accepted
data\isl_alphabet_digits\train\1\Output Image -219.jpg,train,1,27,400,400,accepted
data\isl_alphabet_digits\train\1\Sign 1 (222).jpeg,train,1,27,400,400,accepted
data\isl_alphabet_digits\train\1\Output Image -326.jpg,train,1,27,400,400,accepted
data\isl_alphabet_digits\train\1\Output Image -105.jpg,train,1,27,400,400,accepted
data\isl_alphabet_digits\train\1\Sign 1 (337).jpeg,train,1,27,400,400,accepted
data\isl_alphabet_digits\train\1\Output Image -172.jpg,train,1,27,400,400,accepted
data\isl_alphabet_digits\train\1\Output Image -281.jpg,train,1,27,400,400,accepted
data\isl_alphabet_digits\train\1\Sign 1 (218).jpeg,train,1,27,400,400,accepted
data\isl_alphabet_digits\train\1\Sign 1 (389).jpeg,train,1,27,400,400,accepted
data\isl_alphabet_digits\train\1\Sign 1 (66).jpeg,train,1,27,400,400,accepted
data\isl_alphabet_digits\train\1\Sign 1 (114).jpeg,train,1,27,400,400,accepted
data\isl_alphabet_digits\train\1\Sign 1 (20).jpeg,train,1,27,400,400,accepted
data\isl_alphabet_digits\train\1\Sign 1 (133).jpeg,train,1,27,400,400,accepted
data\isl_alphabet_digits\train\1\Sign 1 (267).jpeg,train,1,27,400,400,accepted
data\isl_alphabet_digits\train\1\Output Image -66.jpg,train,1,27,400,400,accepted
data\isl_alphabet_digits\train\1\Output Image -487.jpg,train,1,27,400,400,accepted
data\isl_alphabet_digits\train\1\Output Image -328.jpg,train,1,27,400,400,accepted
data\isl_alphabet_digits\train\1\Output Image -120.jpg,train,1,27,400,400,accepted
data\isl_alphabet_digits\train\1\Sign 1 (14).jpeg,train,1,27,400,400,accepted
data\isl_alphabet_digits\train\1\Output Image -125.jpg,train,1,27,400,400,accepted
data\isl_alphabet_digits\train\1\Sign 1 (134).jpeg,train,1,27,400,400,accepted
data\isl_alphabet_digits\train\1\Output Image -99.jpg,train,1,27,400,400,accepted
data\isl_alphabet_digits\train\1\Output Image -345.jpg,train,1,27,400,400,accepted
data\isl_alphabet_digits\train\1\Output Image -411.jpg,train,1,27,400,400,accepted
data\isl_alphabet_digits\train\1\Output Image -346.jpg,train,1,27,400,400,accepted
data\isl_alphabet_digits\train\1\Output Image -152.jpg,train,1,27,400,400,accepted
data\isl_alphabet_digits\train\1\Sign 1 (153).jpeg,train,1,27,400,400,accepted
data\isl_alphabet_digits\train\1\Sign 1 (426).jpeg,train,1,27,400,400,accepted
data\isl_alphabet_digits\train\1\Output Image -280.jpg,train,1,27,400,400,accepted
data\isl_alphabet_digits\train\1\Sign 1 (459).jpeg,train,1,27,400,400,accepted
data\isl_alphabet_digits\train\1\Sign 1 (455).jpeg,train,1,27,400,400,accepted
data\isl_alphabet_digits\train\1\Sign 1 (74).jpeg,train,1,27,400,400,accepted
data\isl_alphabet_digits\train\1\Sign 1 (458).jpeg,train,1,27,400,400,accepted
data\isl_alphabet_digits\train\1\Output Image -431.jpg,train,1,27,400,400,accepted
data\isl_alphabet_digits\train\1\Output Image -77.jpg,train,1,27,400,400,accepted
data\isl_alphabet_digits\train\1\Sign 1 (268).jpeg,train,1,27,400,400,accepted
data\isl_alphabet_digits\train\1\Output Image -386.jpg,train,1,27,400,400,accepted
data\isl_alphabet_digits\train\1\Sign 1 (176).jpeg,train,1,27,400,400,accepted
data\isl_alphabet_digits\train\1\Sign 1 (30).jpeg,train,1,27,400,400,accepted
data\isl_alphabet_digits\train\1\Sign 1 (177).jpeg,train,1,27,400,400,accepted
data\isl_alphabet_digits\train\1\Sign 1 (329).jpeg,train,1,27,400,400,accepted
data\isl_alphabet_digits\train\1\Sign 1 (313).jpeg,train,1,27,400,400,accepted
data\isl_alphabet_digits\train\1\Output Image -414.jpg,train,1,27,400,400,accepted
data\isl_alphabet_digits\train\1\Sign 1 (427).jpeg,train,1,27,400,400,accepted
data\isl_alphabet_digits\train\1\Output Image -21.jpg,train,1,27,400,400,accepted
data\isl_alphabet_digits\train\1\Output Image -453.jpg,train,1,27,400,400,accepted
data\isl_alphabet_digits\train\1\Output Image -175.jpg,train,1,27,400,400,accepted
data\isl_alphabet_digits\train\1\Output Image -272.jpg,train,1,27,400,400,accepted
data\isl_alphabet_digits\train\1\Sign 1 (123).jpeg,train,1,27,400,400,accepted
data\isl_alphabet_digits\train\1\Output Image -82.jpg,train,1,27,400,400,accepted
data\isl_alphabet_digits\train\1\Sign 1 (440).jpeg,train,1,27,400,400,accepted
data\isl_alphabet_digits\train\1\Output Image -270.jpg,train,1,27,400,400,accepted
data\isl_alphabet_digits\train\1\Sign 1 (376).jpeg,train,1,27,400,400,accepted
data\isl_alphabet_digits\train\1\Output Image -306.jpg,train,1,27,400,400,accepted
data\isl_alphabet_digits\train\1\Output Image -369.jpg,train,1,27,400,400,accepted
data\isl_alphabet_digits\train\1\Output Image -45.jpg,train,1,27,400,400,accepted
data\isl_alphabet_digits\train\1\Sign 1 (103).jpeg,train,1,27,400,400,accepted
data\isl_alphabet_digits\train\1\Sign 1 (263).jpeg,train,1,27,400,400,accepted
data\isl_alphabet_digits\train\1\Output Image -80.jpg,train,1,27,400,400,accepted
data\isl_alphabet_digits\train\1\Output Image -103.jpg,train,1,27,400,400,accepted
data\isl_alphabet_digits\train\1\Sign 1 (316).jpeg,train,1,27,400,400,accepted
data\isl_alphabet_digits\train\1\Sign 1 (246).jpeg,train,1,27,400,400,accepted
data\isl_alphabet_digits\train\1\Sign 1 (446).jpeg,train,1,27,400,400,accepted
data\isl_alphabet_digits\train\1\Sign 1 (192).jpeg,train,1,27,400,400,accepted
data\isl_alphabet_digits\train\1\Output Image -189.jpg,train,1,27,400,400,accepted
data\isl_alphabet_digits\train\1\Output Image -168.jpg,train,1,27,400,400,accepted
data\isl_alphabet_digits\train\1\Sign 1 (88).jpeg,train,1,27,400,400,accepted
data\isl_alphabet_digits\train\1\Output Image -183.jpg,train,1,27,400,400,accepted
data\isl_alphabet_digits\train\1\Sign 1 (99).jpeg,train,1,27,400,400,accepted
data\isl_alphabet_digits\train\1\Output Image -130.jpg,train,1,27,400,400,accepted
data\isl_alphabet_digits\train\1\Sign 1 (102).jpeg,train,1,27,400,400,accepted
data\isl_alphabet_digits\train\1\Output Image -242.jpg,train,1,27,400,400,accepted
data\isl_alphabet_digits\train\1\Output Image -447.jpg,train,1,27,400,400,accepted
data\isl_alphabet_digits\train\1\Output Image -185.jpg,train,1,27,400,400,accepted
data\isl_alphabet_digits\train\1\Sign 1 (3).jpeg,train,1,27,400,400,accepted
data\isl_alphabet_digits\train\1\Sign 1 (115).jpeg,train,1,27,400,400,accepted
data\isl_alphabet_digits\train\1\Output Image -441.jpg,train,1,27,400,400,accepted
data\isl_alphabet_digits\train\1\Sign 1 (253).jpeg,train,1,27,400,400,accepted
data\isl_alphabet_digits\train\1\Sign 1 (72).jpeg,train,1,27,400,400,accepted
data\isl_alphabet_digits\train\1\Sign 1 (470).jpeg,train,1,27,400,400,accepted
data\isl_alphabet_digits\train\1\Sign 1 (357).jpeg,train,1,27,400,400,accepted
data\isl_alphabet_digits\train\1\Output Image -289.jpg,train,1,27,400,400,accepted
data\isl_alphabet_digits\train\1\Output Image -160.jpg,train,1,27,400,400,accepted
data\isl_alphabet_digits\train\1\Output Image -236.jpg,train,1,27,400,400,accepted
data\isl_alphabet_digits\train\1\Sign 1 (421).jpeg,train,1,27,400,400,accepted
data\isl_alphabet_digits\train\1\Output Image -248.jpg,train,1,27,400,400,accepted
data\isl_alphabet_digits\train\1\Output Image -96.jpg,train,1,27,400,400,accepted
data\isl_alphabet_digits\train\1\Output Image -69.jpg,train,1,27,400,400,accepted
data\isl_alphabet_digits\train\1\Output Image -39.jpg,train,1,27,400,400,accepted
data\isl_alphabet_digits\train\1\Sign 1 (485).jpeg,train,1,27,400,400,accepted
data\isl_alphabet_digits\train\1\Sign 1 (38).jpeg,train,1,27,400,400,accepted
data\isl_alphabet_digits\train\1\Output Image -434.jpg,train,1,27,400,400,accepted
data\isl_alphabet_digits\train\1\Sign 1 (473).jpeg,train,1,27,400,400,accepted
data\isl_alphabet_digits\train\1\Sign 1 (158).jpeg,train,1,27,400,400,accepted
data\isl_alphabet_digits\train\1\Sign 1 (414).jpeg,train,1,27,400,400,accepted
data\isl_alphabet_digits\train\1\Output Image -121.jpg,train,1,27,400,400,accepted
data\isl_alphabet_digits\train\1\Output Image -70.jpg,train,1,27,400,400,accepted
data\isl_alphabet_digits\train\1\Output Image -47.jpg,train,1,27,400,400,accepted
data\isl_alphabet_digits\train\1\Output Image -129.jpg,train,1,27,400,400,accepted
data\isl_alphabet_digits\train\1\Output Image -313.jpg,train,1,27,400,400,accepted
data\isl_alphabet_digits\train\1\Output Image -321.jpg,train,1,27,400,400,accepted
data\isl_alphabet_digits\train\1\Sign 1 (43).jpeg,train,1,27,400,400,accepted
data\isl_alphabet_digits\train\1\Sign 1 (237).jpeg,train,1,27,400,400,accepted
data\isl_alphabet_digits\train\1\Output Image -440.jpg,train,1,27,400,400,accepted
data\isl_alphabet_digits\train\1\Output Image -335.jpg,train,1,27,400,400,accepted
data\isl_alphabet_digits\train\1\Sign 1 (109).jpeg,train,1,27,400,400,accepted
data\isl_alphabet_digits\train\1\Sign 1 (39).jpeg,train,1,27,400,400,accepted
data\isl_alphabet_digits\train\1\Sign 1 (493).jpeg,train,1,27,400,400,accepted
data\isl_alphabet_digits\train\1\Output Image -145.jpg,train,1,27,400,400,accepted
data\isl_alphabet_digits\train\1\Output Image -252.jpg,train,1,27,400,400,accepted
data\isl_alphabet_digits\train\1\Sign 1 (235).jpeg,train,1,27,400,400,accepted
data\isl_alphabet_digits\train\1\Output Image -142.jpg,train,1,27,400,400,accepted
data\isl_alphabet_digits\train\1\Output Image -385.jpg,train,1,27,400,400,accepted
data\isl_alphabet_digits\train\1\Output Image -356.jpg,train,1,27,400,400,accepted
data\isl_alphabet_digits\train\1\Sign 1 (124).jpeg,train,1,27,400,400,accepted
data\isl_alphabet_digits\train\1\Sign 1 (438).jpeg,train,1,27,400,400,accepted
data\isl_alphabet_digits\train\1\Sign 1 (179).jpeg,train,1,27,400,400,accepted
data\isl_alphabet_digits\train\1\Output Image -373.jpg,train,1,27,400,400,accepted
data\isl_alphabet_digits\train\1\Sign 1 (217).jpeg,train,1,27,400,400,accepted
data\isl_alphabet_digits\train\1\Sign 1 (327).jpeg,train,1,27,400,400,accepted
data\isl_alphabet_digits\train\1\Sign 1 (360).jpeg,train,1,27,400,400,accepted
data\isl_alphabet_digits\train\1\Sign 1 (322).jpeg,train,1,27,400,400,accepted
data\isl_alphabet_digits\train\1\Output Image -322.jpg,train,1,27,400,400,accepted
data\isl_alphabet_digits\train\1\Sign 1 (321).jpeg,train,1,27,400,400,accepted
data\isl_alphabet_digits\train\1\Sign 1 (98).jpeg,train,1,27,400,400,accepted
data\isl_alphabet_digits\train\1\Output Image -405.jpg,train,1,27,400,400,accepted
data\isl_alphabet_digits\train\1\Output Image -368.jpg,train,1,27,400,400,accepted
data\isl_alphabet_digits\train\1\Output Image -397.jpg,train,1,27,400,400,accepted
data\isl_alphabet_digits\train\1\Output Image -228.jpg,train,1,27,400,400,accepted
data\isl_alphabet_digits\train\1\Output Image -485.jpg,train,1,27,400,400,accepted
data\isl_alphabet_digits\train\1\Sign 1 (117).jpeg,train,1,27,400,400,accepted
data\isl_alphabet_digits\train\1\Sign 1 (254).jpeg,train,1,27,400,400,accepted
data\isl_alphabet_digits\train\1\Output Image -489.jpg,train,1,27,400,400,accepted
data\isl_alphabet_digits\train\1\Output Image -83.jpg,train,1,27,400,400,accepted
data\isl_alphabet_digits\train\1\Output Image -253.jpg,train,1,27,400,400,accepted
data\isl_alphabet_digits\train\1\Output Image -323.jpg,train,1,27,400,400,accepted
data\isl_alphabet_digits\train\1\Output Image -75.jpg,train,1,27,400,400,accepted
data\isl_alphabet_digits\train\1\Sign 1 (461).jpeg,train,1,27,400,400,accepted
data\isl_alphabet_digits\train\1\Sign 1 (386).jpeg,train,1,27,400,400,accepted
data\isl_alphabet_digits\train\1\Sign 1 (415).jpeg,train,1,27,400,400,accepted
data\isl_alphabet_digits\train\1\Output Image -90.jpg,train,1,27,400,400,accepted
data\isl_alphabet_digits\train\1\Output Image -255.jpg,train,1,27,400,400,accepted
data\isl_alphabet_digits\train\1\Output Image -448.jpg,train,1,27,400,400,accepted
data\isl_alphabet_digits\train\1\Output Image -239.jpg,train,1,27,400,400,accepted
data\isl_alphabet_digits\train\1\Sign 1 (6).jpeg,train,1,27,400,400,accepted
data\isl_alphabet_digits\train\1\Output Image -113.jpg,train,1,27,400,400,accepted
data\isl_alphabet_digits\train\1\Output Image -32.jpg,train,1,27,400,400,accepted
data\isl_alphabet_digits\train\1\Output Image -222.jpg,train,1,27,400,400,accepted
data\isl_alphabet_digits\train\1\Output Image -30.jpg,train,1,27,400,400,accepted
data\isl_alphabet_digits\train\1\Sign 1 (434).jpeg,train,1,27,400,400,accepted
data\isl_alphabet_digits\train\1\Output Image -415.jpg,train,1,27,400,400,accepted
data\isl_alphabet_digits\train\1\Sign 1 (488).jpeg,train,1,27,400,400,accepted
data\isl_alphabet_digits\train\1\Sign 1 (431).jpeg,train,1,27,400,400,accepted
data\isl_alphabet_digits\train\1\Output Image -467.jpg,train,1,27,400,400,accepted
data\isl_alphabet_digits\train\1\Output Image -136.jpg,train,1,27,400,400,accepted
data\isl_alphabet_digits\train\1\Sign 1 (101).jpeg,train,1,27,400,400,accepted
data\isl_alphabet_digits\train\1\Sign 1 (49).jpeg,train,1,27,400,400,accepted
data\isl_alphabet_digits\train\1\Output Image -329.jpg,train,1,27,400,400,accepted
data\isl_alphabet_digits\train\1\Output Image -471.jpg,train,1,27,400,400,accepted
data\isl_alphabet_digits\train\1\Output Image -276.jpg,train,1,27,400,400,accepted
data\isl_alphabet_digits\train\1\Output Image -124.jpg,train,1,27,400,400,accepted
data\isl_alphabet_digits\train\1\Output Image -122.jpg,train,1,27,400,400,accepted
data\isl_alphabet_digits\train\1\Sign 1 (221).jpeg,train,1,27,400,400,accepted
data\isl_alphabet_digits\train\1\Output Image -126.jpg,train,1,27,400,400,accepted
data\isl_alphabet_digits\train\1\Sign 1 (297).jpeg,train,1,27,400,400,accepted
data\isl_alphabet_digits\train\1\Sign 1 (202).jpeg,train,1,27,400,400,accepted
data\isl_alphabet_digits\train\1\Sign 1 (227).jpeg,train,1,27,400,400,accepted
data\isl_alphabet_digits\train\1\Output Image -435.jpg,train,1,27,400,400,accepted
data\isl_alphabet_digits\train\1\Output Image -262.jpg,train,1,27,400,400,accepted
data\isl_alphabet_digits\train\1\Sign 1 (423).jpeg,train,1,27,400,400,accepted
data\isl_alphabet_digits\train\1\Output Image -140.jpg,train,1,27,400,400,accepted
data\isl_alphabet_digits\train\1\Sign 1 (429).jpeg,train,1,27,400,400,accepted
data\isl_alphabet_digits\train\1\Sign 1 (201).jpeg,train,1,27,400,400,accepted
data\isl_alphabet_digits\train\1\Output Image -190.jpg,train,1,27,400,400,accepted
data\isl_alphabet_digits\train\1\Sign 1 (80).jpeg,train,1,27,400,400,accepted
data\isl_alphabet_digits\train\1\Sign 1 (5).jpeg,train,1,27,400,400,accepted
data\isl_alphabet_digits\train\1\Sign 1 (332).jpeg,train,1,27,400,400,accepted
data\isl_alphabet_digits\train\1\Output Image -89.jpg,train,1,27,400,400,accepted
data\isl_alphabet_digits\train\1\Sign 1 (147).jpeg,train,1,27,400,400,accepted
data\isl_alphabet_digits\train\1\Sign 1 (261).jpeg,train,1,27,400,400,accepted
data\isl_alphabet_digits\train\1\Sign 1 (242).jpeg,train,1,27,400,400,accepted
data\isl_alphabet_digits\train\1\Output Image -231.jpg,train,1,27,400,400,accepted
data\isl_alphabet_digits\train\1\Output Image -249.jpg,train,1,27,400,400,accepted
data\isl_alphabet_digits\train\1\Output Image -437.jpg,train,1,27,400,400,accepted
data\isl_alphabet_digits\train\1\Sign 1 (262).jpeg,train,1,27,400,400,accepted
data\isl_alphabet_digits\train\1\Sign 1 (289).jpeg,train,1,27,400,400,accepted
data\isl_alphabet_digits\train\1\Output Image -390.jpg,train,1,27,400,400,accepted
data\isl_alphabet_digits\train\1\Sign 1 (52).jpeg,train,1,27,400,400,accepted
data\isl_alphabet_digits\train\1\Sign 1 (378).jpeg,train,1,27,400,400,accepted
data\isl_alphabet_digits\train\1\Sign 1 (358).jpeg,train,1,27,400,400,accepted
data\isl_alphabet_digits\train\1\Output Image -444.jpg,train,1,27,400,400,accepted
data\isl_alphabet_digits\train\1\Sign 1 (126).jpeg,train,1,27,400,400,accepted
data\isl_alphabet_digits\train\1\Output Image -460.jpg,train,1,27,400,400,accepted
data\isl_alphabet_digits\train\1\Output Image -375.jpg,train,1,27,400,400,accepted
data\isl_alphabet_digits\train\1\Sign 1 (270).jpeg,train,1,27,400,400,accepted
data\isl_alphabet_digits\train\1\Output Image -466.jpg,train,1,27,400,400,accepted
data\isl_alphabet_digits\train\1\Output Image -7.jpg,train,1,27,400,400,accepted
data\isl_alphabet_digits\train\1\Output Image -205.jpg,train,1,27,400,400,accepted
data\isl_alphabet_digits\train\1\Sign 1 (138).jpeg,train,1,27,400,400,accepted
data\isl_alphabet_digits\train\1\Sign 1 (500).jpeg,train,1,27,400,400,accepted
data\isl_alphabet_digits\train\1\Output Image -382.jpg,train,1,27,400,400,accepted
data\isl_alphabet_digits\train\1\Output Image -167.jpg,train,1,27,400,400,accepted
data\isl_alphabet_digits\train\1\Sign 1 (17).jpeg,train,1,27,400,400,accepted
data\isl_alphabet_digits\train\1\Sign 1 (271).jpeg,train,1,27,400,400,accepted
data\isl_alphabet_digits\train\1\Sign 1 (216).jpeg,train,1,27,400,400,accepted
data\isl_alphabet_digits\train\1\Sign 1 (394).jpeg,train,1,27,400,400,accepted
data\isl_alphabet_digits\train\1\Output Image -165.jpg,train,1,27,400,400,accepted
data\isl_alphabet_digits\train\1\Output Image -429.jpg,train,1,27,400,400,accepted
data\isl_alphabet_digits\train\1\Sign 1 (142).jpeg,train,1,27,400,400,accepted
data\isl_alphabet_digits\train\1\Output Image -362.jpg,train,1,27,400,400,accepted
data\isl_alphabet_digits\train\1\Sign 1 (283).jpeg,train,1,27,400,400,accepted
data\isl_alphabet_digits\train\1\Sign 1 (410).jpeg,train,1,27,400,400,accepted
data\isl_alphabet_digits\train\1\Sign 1 (255).jpeg,train,1,27,400,400,accepted
data\isl_alphabet_digits\train\1\Sign 1 (29).jpeg,train,1,27,400,400,accepted
data\isl_alphabet_digits\train\1\Output Image -307.jpg,train,1,27,400,400,accepted
data\isl_alphabet_digits\train\1\Sign 1 (444).jpeg,train,1,27,400,400,accepted
data\isl_alphabet_digits\train\1\Sign 1 (408).jpeg,train,1,27,400,400,accepted
data\isl_alphabet_digits\train\1\Sign 1 (487).jpeg,train,1,27,400,400,accepted
data\isl_alphabet_digits\train\1\Output Image -274.jpg,train,1,27,400,400,accepted
data\isl_alphabet_digits\train\1\Sign 1 (40).jpeg,train,1,27,400,400,accepted
data\isl_alphabet_digits\train\1\Sign 1 (78).jpeg,train,1,27,400,400,accepted
data\isl_alphabet_digits\train\1\Sign 1 (486).jpeg,train,1,27,400,400,accepted
data\isl_alphabet_digits\train\1\Sign 1 (63).jpeg,train,1,27,400,400,accepted
data\isl_alphabet_digits\train\1\Sign 1 (298).jpeg,train,1,27,400,400,accepted
data\isl_alphabet_digits\train\1\Output Image -196.jpg,train,1,27,400,400,accepted
data\isl_alphabet_digits\train\1\Output Image -33.jpg,train,1,27,400,400,accepted
data\isl_alphabet_digits\train\1\Output Image -351.jpg,train,1,27,400,400,accepted
data\isl_alphabet_digits\train\1\Sign 1 (234).jpeg,train,1,27,400,400,accepted
data\isl_alphabet_digits\train\1\Output Image -227.jpg,train,1,27,400,400,accepted
data\isl_alphabet_digits\train\1\Output Image -297.jpg,train,1,27,400,400,accepted
data\isl_alphabet_digits\train\1\Output Image -279.jpg,train,1,27,400,400,accepted
data\isl_alphabet_digits\train\1\Sign 1 (249).jpeg,train,1,27,400,400,accepted
data\isl_alphabet_digits\train\1\Output Image -50.jpg,train,1,27,400,400,accepted
data\isl_alphabet_digits\train\1\Output Image -497.jpg,train,1,27,400,400,accepted
data\isl_alphabet_digits\train\1\Output Image -456.jpg,train,1,27,400,400,accepted
data\isl_alphabet_digits\train\1\Sign 1 (388).jpeg,train,1,27,400,400,accepted
data\isl_alphabet_digits\train\1\Output Image -403.jpg,train,1,27,400,400,accepted
data\isl_alphabet_digits\train\1\Output Image -244.jpg,train,1,27,400,400,accepted
data\isl_alphabet_digits\train\1\Output Image -421.jpg,train,1,27,400,400,accepted
data\isl_alphabet_digits\train\1\Output Image -303.jpg,train,1,27,400,400,accepted
data\isl_alphabet_digits\train\1\Output Image -387.jpg,train,1,27,400,400,accepted
data\isl_alphabet_digits\train\1\Output Image -341.jpg,train,1,27,400,400,accepted
data\isl_alphabet_digits\train\1\Output Image -361.jpg,train,1,27,400,400,accepted
data\isl_alphabet_digits\train\1\Output Image -241.jpg,train,1,27,400,400,accepted
data\isl_alphabet_digits\train\1\Sign 1 (67).jpeg,train,1,27,400,400,accepted
data\isl_alphabet_digits\train\1\Sign 1 (325).jpeg,train,1,27,400,400,accepted
data\isl_alphabet_digits\train\1\Output Image -379.jpg,train,1,27,400,400,accepted
data\isl_alphabet_digits\train\1\Sign 1 (62).jpeg,train,1,27,400,400,accepted
data\isl_alphabet_digits\train\1\Sign 1 (296).jpeg,train,1,27,400,400,accepted
data\isl_alphabet_digits\train\1\Output Image -14.jpg,train,1,27,400,400,accepted
data\isl_alphabet_digits\train\1\Output Image -301.jpg,train,1,27,400,400,accepted
data\isl_alphabet_digits\train\1\Sign 1 (8).jpeg,train,1,27,400,400,accepted
data\isl_alphabet_digits\train\1\Output Image -232.jpg,train,1,27,400,400,accepted
data\isl_alphabet_digits\train\1\Output Image -254.jpg,train,1,27,400,400,accepted
data\isl_alphabet_digits\train\1\Output Image -37.jpg,train,1,27,400,400,accepted
data\isl_alphabet_digits\train\1\Output Image -396.jpg,train,1,27,400,400,accepted
data\isl_alphabet_digits\train\1\Sign 1 (339).jpeg,train,1,27,400,400,accepted
data\isl_alphabet_digits\train\1\Output Image -340.jpg,train,1,27,400,400,accepted
data\isl_alphabet_digits\train\1\Output Image -13.jpg,train,1,27,400,400,accepted
data\isl_alphabet_digits\train\1\Output Image -162.jpg,train,1,27,400,400,accepted
data\isl_alphabet_digits\train\1\Output Image -395.jpg,train,1,27,400,400,accepted
data\isl_alphabet_digits\train\1\Sign 1 (200).jpeg,train,1,27,400,400,accepted
data\isl_alphabet_digits\train\1\Output Image -81.jpg,train,1,27,400,400,accepted
data\isl_alphabet_digits\train\1\Output Image -319.jpg,train,1,27,400,400,accepted
data\isl_alphabet_digits\train\1\Output Image -320.jpg,train,1,27,400,400,accepted
data\isl_alphabet_digits\train\1\Output Image -58.jpg,train,1,27,400,400,accepted
data\isl_alphabet_digits\train\1\Sign 1 (335).jpeg,train,1,27,400,400,accepted
data\isl_alphabet_digits\train\1\Sign 1 (64).jpeg,train,1,27,400,400,accepted
data\isl_alphabet_digits\train\1\Sign 1 (305).jpeg,train,1,27,400,400,accepted
data\isl_alphabet_digits\train\1\Sign 1 (318).jpeg,train,1,27,400,400,accepted
data\isl_alphabet_digits\train\1\Sign 1 (128).jpeg,train,1,27,400,400,accepted
data\isl_alphabet_digits\train\1\Sign 1 (443).jpeg,train,1,27,400,400,accepted
data\isl_alphabet_digits\train\1\Sign 1 (151).jpeg,train,1,27,400,400,accepted
data\isl_alphabet_digits\train\1\Sign 1 (341).jpeg,train,1,27,400,400,accepted
data\isl_alphabet_digits\train\1\Sign 1 (293).jpeg,train,1,27,400,400,accepted
data\isl_alphabet_digits\train\1\Sign 1 (441).jpeg,train,1,27,400,400,accepted
data\isl_alphabet_digits\train\1\Output Image -308.jpg,train,1,27,400,400,accepted
data\isl_alphabet_digits\train\1\Output Image -371.jpg,train,1,27,400,400,accepted
data\isl_alphabet_digits\train\1\Output Image -424.jpg,train,1,27,400,400,accepted
data\isl_alphabet_digits\train\1\Sign 1 (469).jpeg,train,1,27,400,400,accepted
data\isl_alphabet_digits\train\1\Output Image -498.jpg,train,1,27,400,400,accepted
data\isl_alphabet_digits\train\1\Sign 1 (248).jpeg,train,1,27,400,400,accepted
data\isl_alphabet_digits\train\1\Sign 1 (370).jpeg,train,1,27,400,400,accepted
data\isl_alphabet_digits\train\1\Output Image -462.jpg,train,1,27,400,400,accepted
data\isl_alphabet_digits\train\1\Sign 1 (93).jpeg,train,1,27,400,400,accepted
data\isl_alphabet_digits\train\1\Sign 1 (105).jpeg,train,1,27,400,400,accepted
data\isl_alphabet_digits\train\1\Sign 1 (16).jpeg,train,1,27,400,400,accepted
data\isl_alphabet_digits\train\1\Sign 1 (110).jpeg,train,1,27,400,400,accepted
data\isl_alphabet_digits\train\1\Output Image -87.jpg,train,1,27,400,400,accepted
data\isl_alphabet_digits\train\1\Sign 1 (15).jpeg,train,1,27,400,400,accepted
data\isl_alphabet_digits\train\1\Sign 1 (18).jpeg,train,1,27,400,400,accepted
data\isl_alphabet_digits\train\1\Sign 1 (468).jpeg,train,1,27,400,400,accepted
data\isl_alphabet_digits\train\1\Sign 1 (214).jpeg,train,1,27,400,400,accepted
data\isl_alphabet_digits\train\1\Output Image -284.jpg,train,1,27,400,400,accepted
data\isl_alphabet_digits\train\1\Output Image -476.jpg,train,1,27,400,400,accepted
data\isl_alphabet_digits\train\1\Sign 1 (166).jpeg,train,1,27,400,400,accepted
data\isl_alphabet_digits\train\1\Output Image -148.jpg,train,1,27,400,400,accepted
data\isl_alphabet_digits\train\1\Output Image -325.jpg,train,1,27,400,400,accepted
data\isl_alphabet_digits\train\1\Sign 1 (497).jpeg,train,1,27,400,400,accepted
data\isl_alphabet_digits\train\1\Sign 1 (463).jpeg,train,1,27,400,400,accepted
data\isl_alphabet_digits\train\1\Output Image -178.jpg,train,1,27,400,400,accepted
data\isl_alphabet_digits\train\1\Sign 1 (457).jpeg,train,1,27,400,400,accepted
data\isl_alphabet_digits\train\1\Output Image -135.jpg,train,1,27,400,400,accepted
data\isl_alphabet_digits\train\1\Sign 1 (206).jpeg,train,1,27,400,400,accepted
data\isl_alphabet_digits\train\1\Sign 1 (475).jpeg,train,1,27,400,400,accepted
data\isl_alphabet_digits\train\1\Output Image -115.jpg,train,1,27,400,400,accepted
data\isl_alphabet_digits\train\1\Output Image -348.jpg,train,1,27,400,400,accepted
data\isl_alphabet_digits\train\1\Sign 1 (195).jpeg,train,1,27,400,400,accepted
data\isl_alphabet_digits\train\1\Output Image -67.jpg,train,1,27,400,400,accepted
data\isl_alphabet_digits\train\1\Output Image -267.jpg,train,1,27,400,400,accepted
data\isl_alphabet_digits\train\1\Output Image -273.jpg,train,1,27,400,400,accepted
data\isl_alphabet_digits\train\1\Sign 1 (130).jpeg,train,1,27,400,400,accepted
data\isl_alphabet_digits\train\1\Output Image -490.jpg,train,1,27,400,400,accepted
data\isl_alphabet_digits\train\1\Output Image -269.jpg,train,1,27,400,400,accepted
data\isl_alphabet_digits\train\1\Output Image -426.jpg,train,1,27,400,400,accepted
data\isl_alphabet_digits\train\1\Output Image -11.jpg,train,1,27,400,400,accepted
data\isl_alphabet_digits\train\1\Output Image -305.jpg,train,1,27,400,400,accepted
data\isl_alphabet_digits\train\1\Output Image -459.jpg,train,1,27,400,400,accepted
data\isl_alphabet_digits\train\1\Sign 1 (462).jpeg,train,1,27,400,400,accepted
data\isl_alphabet_digits\train\1\Output Image -24.jpg,train,1,27,400,400,accepted
data\isl_alphabet_digits\train\1\Sign 1 (108).jpeg,train,1,27,400,400,accepted
data\isl_alphabet_digits\train\1\Output Image -492.jpg,train,1,27,400,400,accepted
data\isl_alphabet_digits\train\1\Sign 1 (395).jpeg,train,1,27,400,400,accepted
data\isl_alphabet_digits\train\1\Output Image -344.jpg,train,1,27,400,400,accepted
data\isl_alphabet_digits\train\1\Sign 1 (197).jpeg,train,1,27,400,400,accepted
data\isl_alphabet_digits\train\1\Output Image -494.jpg,train,1,27,400,400,accepted
data\isl_alphabet_digits\train\1\Output Image -5.jpg,train,1,27,400,400,accepted
data\isl_alphabet_digits\train\1\Sign 1 (9).jpeg,train,1,27,400,400,accepted
data\isl_alphabet_digits\train\1\Output Image -73.jpg,train,1,27,400,400,accepted
data\isl_alphabet_digits\train\1\Output Image -407.jpg,train,1,27,400,400,accepted
data\isl_alphabet_digits\train\1\Sign 1 (155).jpeg,train,1,27,400,400,accepted
data\isl_alphabet_digits\train\1\Sign 1 (187).jpeg,train,1,27,400,400,accepted
data\isl_alphabet_digits\train\1\Sign 1 (226).jpeg,train,1,27,400,400,accepted
data\isl_alphabet_digits\train\1\Output Image -170.jpg,train,1,27,400,400,accepted
data\isl_alphabet_digits\train\1\Sign 1 (127).jpeg,train,1,27,400,400,accepted
data\isl_alphabet_digits\train\1\Output Image -55.jpg,train,1,27,400,400,accepted
data\isl_alphabet_digits\train\1\Output Image -374.jpg,train,1,27,400,400,accepted
data\isl_alphabet_digits\train\1\Output Image -384.jpg,train,1,27,400,400,accepted
data\isl_alphabet_digits\train\1\Output Image -482.jpg,train,1,27,400,400,accepted
data\isl_alphabet_digits\train\1\Sign 1 (416).jpeg,train,1,27,400,400,accepted
data\isl_alphabet_digits\train\1\Sign 1 (77).jpeg,train,1,27,400,400,accepted
data\isl_alphabet_digits\train\1\Output Image -360.jpg,train,1,27,400,400,accepted
data\isl_alphabet_digits\train\1\Sign 1 (494).jpeg,train,1,27,400,400,accepted
data\isl_alphabet_digits\train\1\Output Image -63.jpg,train,1,27,400,400,accepted
data\isl_alphabet_digits\train\1\Output Image -416.jpg,train,1,27,400,400,accepted
data\isl_alphabet_digits\train\1\Sign 1 (303).jpeg,train,1,27,400,400,accepted
data\isl_alphabet_digits\train\1\Sign 1 (2).jpeg,train,1,27,400,400,accepted
data\isl_alphabet_digits\train\1\Sign 1 (89).jpeg,train,1,27,400,400,accepted
data\isl_alphabet_digits\train\1\Output Image -176.jpg,train,1,27,400,400,accepted
data\isl_alphabet_digits\train\1\Sign 1 (113).jpeg,train,1,27,400,400,accepted
data\isl_alphabet_digits\train\1\Sign 1 (228).jpeg,train,1,27,400,400,accepted
data\isl_alphabet_digits\train\1\Output Image -312.jpg,train,1,27,400,400,accepted
data\isl_alphabet_digits\train\1\Sign 1 (384).jpeg,train,1,27,400,400,accepted
data\isl_alphabet_digits\train\1\Output Image -394.jpg,train,1,27,400,400,accepted
data\isl_alphabet_digits\train\1\Output Image -46.jpg,train,1,27,400,400,accepted
data\isl_alphabet_digits\train\1\Output Image -265.jpg,train,1,27,400,400,accepted
data\isl_alphabet_digits\train\1\Output Image -137.jpg,train,1,27,400,400,accepted
data\isl_alphabet_digits\train\1\Output Image -439.jpg,train,1,27,400,400,accepted
data\isl_alphabet_digits\train\1\Output Image -450.jpg,train,1,27,400,400,accepted
data\isl_alphabet_digits\train\1\Sign 1 (170).jpeg,train,1,27,400,400,accepted
data\isl_alphabet_digits\train\1\Sign 1 (435).jpeg,train,1,27,400,400,accepted
data\isl_alphabet_digits\train\1\Sign 1 (87).jpeg,train,1,27,400,400,accepted
data\isl_alphabet_digits\train\1\Output Image -202.jpg,train,1,27,400,400,accepted
data\isl_alphabet_digits\train\1\Sign 1 (292).jpeg,train,1,27,400,400,accepted
data\isl_alphabet_digits\train\1\Sign 1 (348).jpeg,train,1,27,400,400,accepted
data\isl_alphabet_digits\train\1\Output Image -36.jpg,train,1,27,400,400,accepted
data\isl_alphabet_digits\train\1\Output Image -116.jpg,train,1,27,400,400,accepted
data\isl_alphabet_digits\train\1\Sign 1 (409).jpeg,train,1,27,400,400,accepted
data\isl_alphabet_digits\train\1\Output Image -71.jpg,train,1,27,400,400,accepted
data\isl_alphabet_digits\train\1\Output Image -213.jpg,train,1,27,400,400,accepted
data\isl_alphabet_digits\train\1\Output Image -59.jpg,train,1,27,400,400,accepted
data\isl_alphabet_digits\train\1\Sign 1 (161).jpeg,train,1,27,400,400,accepted
data\isl_alphabet_digits\train\1\Output Image -363.jpg,train,1,27,400,400,accepted
data\isl_alphabet_digits\train\1\Output Image -209.jpg,train,1,27,400,400,accepted
data\isl_alphabet_digits\train\1\Output Image -292.jpg,train,1,27,400,400,accepted
data\isl_alphabet_digits\train\1\Sign 1 (143).jpeg,train,1,27,400,400,accepted
data\isl_alphabet_digits\train\1\Output Image -491.jpg,train,1,27,400,400,accepted
data\isl_alphabet_digits\train\1\Sign 1 (326).jpeg,train,1,27,400,400,accepted
data\isl_alphabet_digits\train\1\Output Image -243.jpg,train,1,27,400,400,accepted
data\isl_alphabet_digits\train\1\Sign 1 (116).jpeg,train,1,27,400,400,accepted
data\isl_alphabet_digits\train\1\Output Image -246.jpg,train,1,27,400,400,accepted
data\isl_alphabet_digits\train\1\Sign 1 (12).jpeg,train,1,27,400,400,accepted
data\isl_alphabet_digits\train\1\Output Image -275.jpg,train,1,27,400,400,accepted
data\isl_alphabet_digits\train\1\Sign 1 (152).jpeg,train,1,27,400,400,accepted
data\isl_alphabet_digits\train\1\Sign 1 (288).jpeg,train,1,27,400,400,accepted
data\isl_alphabet_digits\train\1\Output Image -204.jpg,train,1,27,400,400,accepted
data\isl_alphabet_digits\train\1\Sign 1 (238).jpeg,train,1,27,400,400,accepted
data\isl_alphabet_digits\train\1\Sign 1 (422).jpeg,train,1,27,400,400,accepted
data\isl_alphabet_digits\train\1\Output Image -12.jpg,train,1,27,400,400,accepted
data\isl_alphabet_digits\train\1\Output Image -187.jpg,train,1,27,400,400,accepted
data\isl_alphabet_digits\train\1\Output Image -197.jpg,train,1,27,400,400,accepted
data\isl_alphabet_digits\train\1\Output Image -291.jpg,train,1,27,400,400,accepted
data\isl_alphabet_digits\train\1\Sign 1 (157).jpeg,train,1,27,400,400,accepted
data\isl_alphabet_digits\train\1\Sign 1 (302).jpeg,train,1,27,400,400,accepted
data\isl_alphabet_digits\train\1\Sign 1 (401).jpeg,train,1,27,400,400,accepted
data\isl_alphabet_digits\train\1\Sign 1 (121).jpeg,train,1,27,400,400,accepted
data\isl_alphabet_digits\train\1\Sign 1 (84).jpeg,train,1,27,400,400,accepted
data\isl_alphabet_digits\train\1\Output Image -25.jpg,train,1,27,400,400,accepted
data\isl_alphabet_digits\train\1\Sign 1 (199).jpeg,train,1,27,400,400,accepted
data\isl_alphabet_digits\train\1\Sign 1 (442).jpeg,train,1,27,400,400,accepted
data\isl_alphabet_digits\train\1\Output Image -166.jpg,train,1,27,400,400,accepted
data\isl_alphabet_digits\train\1\Sign 1 (340).jpeg,train,1,27,400,400,accepted
data\isl_alphabet_digits\train\1\Output Image -94.jpg,train,1,27,400,400,accepted
data\isl_alphabet_digits\train\1\Output Image -332.jpg,train,1,27,400,400,accepted
data\isl_alphabet_digits\train\1\Sign 1 (212).jpeg,train,1,27,400,400,accepted
data\isl_alphabet_digits\train\1\Output Image -412.jpg,train,1,27,400,400,accepted
data\isl_alphabet_digits\train\1\Output Image -299.jpg,train,1,27,400,400,accepted
data\isl_alphabet_digits\train\1\Sign 1 (464).jpeg,train,1,27,400,400,accepted
data\isl_alphabet_digits\train\1\Output Image -144.jpg,train,1,27,400,400,accepted
data\isl_alphabet_digits\train\1\Output Image -138.jpg,train,1,27,400,400,accepted
data\isl_alphabet_digits\train\1\Sign 1 (466).jpeg,train,1,27,400,400,accepted
data\isl_alphabet_digits\train\1\Output Image -49.jpg,train,1,27,400,400,accepted
data\isl_alphabet_digits\train\1\Sign 1 (229).jpeg,train,1,27,400,400,accepted
data\isl_alphabet_digits\train\1\Sign 1 (169).jpeg,train,1,27,400,400,accepted
data\isl_alphabet_digits\train\1\Output Image -389.jpg,train,1,27,400,400,accepted
data\isl_alphabet_digits\train\1\Output Image -404.jpg,train,1,27,400,400,accepted
data\isl_alphabet_digits\train\1\Output Image -315.jpg,train,1,27,400,400,accepted
data\isl_alphabet_digits\train\1\Output Image -74.jpg,train,1,27,400,400,accepted
data\isl_alphabet_digits\train\1\Sign 1 (94).jpeg,train,1,27,400,400,accepted
data\isl_alphabet_digits\train\1\Sign 1 (336).jpeg,train,1,27,400,400,accepted
data\isl_alphabet_digits\train\1\Sign 1 (250).jpeg,train,1,27,400,400,accepted
data\isl_alphabet_digits\train\1\Output Image -287.jpg,train,1,27,400,400,accepted
data\isl_alphabet_digits\train\1\Output Image -111.jpg,train,1,27,400,400,accepted
data\isl_alphabet_digits\train\1\Sign 1 (437).jpeg,train,1,27,400,400,accepted
data\isl_alphabet_digits\train\1\Sign 1 (220).jpeg,train,1,27,400,400,accepted
data\isl_alphabet_digits\train\1\Sign 1 (284).jpeg,train,1,27,400,400,accepted
data\isl_alphabet_digits\train\1\Output Image -409.jpg,train,1,27,400,400,accepted
data\isl_alphabet_digits\train\1\Output Image -72.jpg,train,1,27,400,400,accepted
data\isl_alphabet_digits\train\1\Sign 1 (400).jpeg,train,1,27,400,400,accepted
data\isl_alphabet_digits\train\1\Output Image -163.jpg,train,1,27,400,400,accepted
data\isl_alphabet_digits\train\1\Output Image -212.jpg,train,1,27,400,400,accepted
data\isl_alphabet_digits\train\1\Output Image -31.jpg,train,1,27,400,400,accepted
data\isl_alphabet_digits\train\1\Sign 1 (436).jpeg,train,1,27,400,400,accepted
data\isl_alphabet_digits\train\1\Sign 1 (13).jpeg,train,1,27,400,400,accepted
data\isl_alphabet_digits\train\1\Output Image -484.jpg,train,1,27,400,400,accepted
data\isl_alphabet_digits\train\1\Sign 1 (385).jpeg,train,1,27,400,400,accepted
data\isl_alphabet_digits\train\1\Output Image -378.jpg,train,1,27,400,400,accepted
data\isl_alphabet_digits\train\1\Sign 1 (189).jpeg,train,1,27,400,400,accepted
data\isl_alphabet_digits\train\1\Sign 1 (225).jpeg,train,1,27,400,400,accepted
data\isl_alphabet_digits\train\1\Output Image -173.jpg,train,1,27,400,400,accepted
data\isl_alphabet_digits\train\1\Sign 1 (274).jpeg,train,1,27,400,400,accepted
data\isl_alphabet_digits\train\1\Sign 1 (300).jpeg,train,1,27,400,400,accepted
data\isl_alphabet_digits\train\1\Output Image -86.jpg,train,1,27,400,400,accepted
data\isl_alphabet_digits\train\1\Sign 1 (310).jpeg,train,1,27,400,400,accepted
data\isl_alphabet_digits\train\1\Sign 1 (363).jpeg,train,1,27,400,400,accepted
data\isl_alphabet_digits\train\1\Output Image -107.jpg,train,1,27,400,400,accepted
data\isl_alphabet_digits\train\1\Sign 1 (144).jpeg,train,1,27,400,400,accepted
data\isl_alphabet_digits\train\1\Sign 1 (106).jpeg,train,1,27,400,400,accepted
data\isl_alphabet_digits\train\1\Sign 1 (352).jpeg,train,1,27,400,400,accepted
data\isl_alphabet_digits\train\1\Sign 1 (465).jpeg,train,1,27,400,400,accepted
data\isl_alphabet_digits\train\1\Sign 1 (119).jpeg,train,1,27,400,400,accepted
data\isl_alphabet_digits\train\1\Output Image -461.jpg,train,1,27,400,400,accepted
data\isl_alphabet_digits\train\1\Sign 1 (371).jpeg,train,1,27,400,400,accepted
data\isl_alphabet_digits\train\1\Output Image -278.jpg,train,1,27,400,400,accepted
data\isl_alphabet_digits\train\1\Output Image -245.jpg,train,1,27,400,400,accepted
data\isl_alphabet_digits\train\1\Sign 1 (317).jpeg,train,1,27,400,400,accepted
data\isl_alphabet_digits\train\1\Sign 1 (198).jpeg,train,1,27,400,400,accepted
data\isl_alphabet_digits\train\1\Output Image -388.jpg,train,1,27,400,400,accepted
data\isl_alphabet_digits\train\1\Sign 1 (454).jpeg,train,1,27,400,400,accepted
data\isl_alphabet_digits\train\1\Sign 1 (282).jpeg,train,1,27,400,400,accepted
data\isl_alphabet_digits\train\1\Output Image -54.jpg,train,1,27,400,400,accepted
data\isl_alphabet_digits\train\1\Output Image -233.jpg,train,1,27,400,400,accepted
data\isl_alphabet_digits\train\1\Output Image -372.jpg,train,1,27,400,400,accepted
data\isl_alphabet_digits\train\1\Sign 1 (491).jpeg,train,1,27,400,400,accepted
data\isl_alphabet_digits\train\1\Output Image -207.jpg,train,1,27,400,400,accepted
data\isl_alphabet_digits\train\1\Output Image -477.jpg,train,1,27,400,400,accepted
data\isl_alphabet_digits\train\1\Output Image -79.jpg,train,1,27,400,400,accepted
data\isl_alphabet_digits\train\1\Output Image -473.jpg,train,1,27,400,400,accepted
data\isl_alphabet_digits\train\1\Sign 1 (244).jpeg,train,1,27,400,400,accepted
data\isl_alphabet_digits\train\1\Output Image -153.jpg,train,1,27,400,400,accepted
data\isl_alphabet_digits\train\1\Output Image -214.jpg,train,1,27,400,400,accepted
data\isl_alphabet_digits\train\1\Sign 1 (79).jpeg,train,1,27,400,400,accepted
data\isl_alphabet_digits\train\1\Sign 1 (107).jpeg,train,1,27,400,400,accepted
data\isl_alphabet_digits\train\1\Sign 1 (334).jpeg,train,1,27,400,400,accepted
data\isl_alphabet_digits\train\1\Sign 1 (73).jpeg,train,1,27,400,400,accepted
data\isl_alphabet_digits\train\1\Sign 1 (333).jpeg,train,1,27,400,400,accepted
data\isl_alphabet_digits\train\1\Output Image -496.jpg,train,1,27,400,400,accepted
data\isl_alphabet_digits\train\1\Output Image -420.jpg,train,1,27,400,400,accepted
data\isl_alphabet_digits\train\1\Sign 1 (230).jpeg,train,1,27,400,400,accepted
data\isl_alphabet_digits\train\1\Output Image -188.jpg,train,1,27,400,400,accepted
data\isl_alphabet_digits\train\1\Output Image -108.jpg,train,1,27,400,400,accepted
data\isl_alphabet_digits\train\1\Sign 1 (320).jpeg,train,1,27,400,400,accepted
data\isl_alphabet_digits\train\1\Sign 1 (452).jpeg,train,1,27,400,400,accepted
data\isl_alphabet_digits\train\1\Sign 1 (171).jpeg,train,1,27,400,400,accepted
data\isl_alphabet_digits\train\1\Output Image -359.jpg,train,1,27,400,400,accepted
data\isl_alphabet_digits\train\1\Sign 1 (256).jpeg,train,1,27,400,400,accepted
data\isl_alphabet_digits\train\1\Sign 1 (265).jpeg,train,1,27,400,400,accepted
data\isl_alphabet_digits\train\1\Output Image -171.jpg,train,1,27,400,400,accepted
data\isl_alphabet_digits\train\1\Output Image -393.jpg,train,1,27,400,400,accepted
data\isl_alphabet_digits\train\1\Output Image -91.jpg,train,1,27,400,400,accepted
data\isl_alphabet_digits\train\1\Sign 1 (324).jpeg,train,1,27,400,400,accepted
data\isl_alphabet_digits\train\1\Sign 1 (233).jpeg,train,1,27,400,400,accepted
data\isl_alphabet_digits\train\1\Sign 1 (498).jpeg,train,1,27,400,400,accepted
data\isl_alphabet_digits\train\1\Sign 1 (445).jpeg,train,1,27,400,400,accepted
data\isl_alphabet_digits\train\1\Sign 1 (430).jpeg,train,1,27,400,400,accepted
data\isl_alphabet_digits\train\1\Sign 1 (37).jpeg,train,1,27,400,400,accepted
data\isl_alphabet_digits\train\1\Sign 1 (150).jpeg,train,1,27,400,400,accepted
data\isl_alphabet_digits\train\1\Sign 1 (4).jpeg,train,1,27,400,400,accepted
data\isl_alphabet_digits\train\1\Sign 1 (141).jpeg,train,1,27,400,400,accepted
data\isl_alphabet_digits\train\1\Output Image -304.jpg,train,1,27,400,400,accepted
data\isl_alphabet_digits\train\1\Sign 1 (375).jpeg,train,1,27,400,400,accepted
data\isl_alphabet_digits\train\1\Sign 1 (252).jpeg,train,1,27,400,400,accepted
data\isl_alphabet_digits\train\1\Sign 1 (59).jpeg,train,1,27,400,400,accepted
data\isl_alphabet_digits\train\1\Output Image -64.jpg,train,1,27,400,400,accepted
data\isl_alphabet_digits\train\1\Sign 1 (19).jpeg,train,1,27,400,400,accepted
data\isl_alphabet_digits\train\1\Sign 1 (50).jpeg,train,1,27,400,400,accepted
data\isl_alphabet_digits\train\1\Sign 1 (182).jpeg,train,1,27,400,400,accepted
data\isl_alphabet_digits\train\1\Output Image -57.jpg,train,1,27,400,400,accepted
data\isl_alphabet_digits\train\1\Output Image -309.jpg,train,1,27,400,400,accepted
data\isl_alphabet_digits\train\1\Sign 1 (315).jpeg,train,1,27,400,400,accepted
data\isl_alphabet_digits\train\1\Sign 1 (162).jpeg,train,1,27,400,400,accepted
data\isl_alphabet_digits\train\1\Sign 1 (131).jpeg,train,1,27,400,400,accepted
data\isl_alphabet_digits\train\1\Output Image -149.jpg,train,1,27,400,400,accepted
data\isl_alphabet_digits\train\1\Output Image -1.jpg,train,1,27,400,400,accepted
data\isl_alphabet_digits\train\1\Sign 1 (392).jpeg,train,1,27,400,400,accepted
data\isl_alphabet_digits\train\1\Output Image -452.jpg,train,1,27,400,400,accepted
data\isl_alphabet_digits\train\1\Output Image -51.jpg,train,1,27,400,400,accepted
data\isl_alphabet_digits\train\1\Sign 1 (402).jpeg,train,1,27,400,400,accepted
data\isl_alphabet_digits\train\1\Output Image -457.jpg,train,1,27,400,400,accepted
data\isl_alphabet_digits\train\1\Sign 1 (467).jpeg,train,1,27,400,400,accepted
data\isl_alphabet_digits\train\1\Output Image -224.jpg,train,1,27,400,400,accepted
data\isl_alphabet_digits\train\1\Sign 1 (411).jpeg,train,1,27,400,400,accepted
data\isl_alphabet_digits\train\1\Sign 1 (343).jpeg,train,1,27,400,400,accepted
data\isl_alphabet_digits\train\1\Output Image -486.jpg,train,1,27,400,400,accepted
data\isl_alphabet_digits\train\1\Output Image -43.jpg,train,1,27,400,400,accepted
data\isl_alphabet_digits\train\1\Sign 1 (241).jpeg,train,1,27,400,400,accepted
data\isl_alphabet_digits\train\1\Sign 1 (478).jpeg,train,1,27,400,400,accepted
data\isl_alphabet_digits\train\1\Sign 1 (231).jpeg,train,1,27,400,400,accepted
data\isl_alphabet_digits\train\1\Sign 1 (112).jpeg,train,1,27,400,400,accepted
data\isl_alphabet_digits\train\1\Output Image -470.jpg,train,1,27,400,400,accepted
data\isl_alphabet_digits\train\1\Output Image -134.jpg,train,1,27,400,400,accepted
data\isl_alphabet_digits\train\1\Output Image -237.jpg,train,1,27,400,400,accepted
data\isl_alphabet_digits\train\1\Sign 1 (55).jpeg,train,1,27,400,400,accepted
data\isl_alphabet_digits\train\1\Output Image -60.jpg,train,1,27,400,400,accepted
data\isl_alphabet_digits\train\1\Sign 1 (405).jpeg,train,1,27,400,400,accepted
data\isl_alphabet_digits\train\1\Output Image -194.jpg,train,1,27,400,400,accepted
data\isl_alphabet_digits\train\1\Output Image -112.jpg,train,1,27,400,400,accepted
data\isl_alphabet_digits\train\1\Output Image -495.jpg,train,1,27,400,400,accepted
data\isl_alphabet_digits\train\1\Output Image -333.jpg,train,1,27,400,400,accepted
data\isl_alphabet_digits\train\1\Output Image -338.jpg,train,1,27,400,400,accepted
data\isl_alphabet_digits\train\1\Output Image -469.jpg,train,1,27,400,400,accepted
data\isl_alphabet_digits\train\1\Sign 1 (456).jpeg,train,1,27,400,400,accepted
data\isl_alphabet_digits\train\1\Sign 1 (451).jpeg,train,1,27,400,400,accepted
data\isl_alphabet_digits\train\1\Output Image -93.jpg,train,1,27,400,400,accepted
data\isl_alphabet_digits\train\1\Sign 1 (393).jpeg,train,1,27,400,400,accepted
data\isl_alphabet_digits\train\1\Sign 1 (139).jpeg,train,1,27,400,400,accepted
data\isl_alphabet_digits\train\1\Sign 1 (479).jpeg,train,1,27,400,400,accepted
data\isl_alphabet_digits\train\1\Output Image -413.jpg,train,1,27,400,400,accepted
data\isl_alphabet_digits\train\1\Output Image -28.jpg,train,1,27,400,400,accepted
data\isl_alphabet_digits\train\1\Output Image -177.jpg,train,1,27,400,400,accepted
data\isl_alphabet_digits\train\1\Sign 1 (319).jpeg,train,1,27,400,400,accepted
data\isl_alphabet_digits\train\1\Sign 1 (273).jpeg,train,1,27,400,400,accepted
data\isl_alphabet_digits\train\1\Sign 1 (397).jpeg,train,1,27,400,400,accepted
data\isl_alphabet_digits\train\1\Sign 1 (7).jpeg,train,1,27,400,400,accepted
data\isl_alphabet_digits\train\1\Sign 1 (448).jpeg,train,1,27,400,400,accepted
data\isl_alphabet_digits\train\1\Output Image -150.jpg,train,1,27,400,400,accepted
data\isl_alphabet_digits\train\1\Output Image -417.jpg,train,1,27,400,400,accepted
data\isl_alphabet_digits\train\1\Sign 1 (406).jpeg,train,1,27,400,400,accepted
data\isl_alphabet_digits\train\1\Sign 1 (418).jpeg,train,1,27,400,400,accepted
data\isl_alphabet_digits\train\1\Output Image -68.jpg,train,1,27,400,400,accepted
data\isl_alphabet_digits\train\1\Output Image -146.jpg,train,1,27,400,400,accepted
data\isl_alphabet_digits\train\1\Sign 1 (61).jpeg,train,1,27,400,400,accepted
data\isl_alphabet_digits\train\1\Output Image -400.jpg,train,1,27,400,400,accepted
data\isl_alphabet_digits\train\1\Output Image -100.jpg,train,1,27,400,400,accepted
data\isl_alphabet_digits\train\1\Output Image -258.jpg,train,1,27,400,400,accepted
data\isl_alphabet_digits\train\1\Output Image -184.jpg,train,1,27,400,400,accepted
data\isl_alphabet_digits\train\1\Output Image -367.jpg,train,1,27,400,400,accepted
data\isl_alphabet_digits\train\1\Sign 1 (374).jpeg,train,1,27,400,400,accepted
data\isl_alphabet_digits\train\1\Output Image -6.jpg,train,1,27,400,400,accepted
data\isl_alphabet_digits\train\1\Output Image -428.jpg,train,1,27,400,400,accepted
data\isl_alphabet_digits\train\1\Output Image -311.jpg,train,1,27,400,400,accepted
data\isl_alphabet_digits\train\1\Output Image -117.jpg,train,1,27,400,400,accepted
data\isl_alphabet_digits\train\1\Output Image -483.jpg,train,1,27,400,400,accepted
data\isl_alphabet_digits\train\1\Sign 1 (482).jpeg,train,1,27,400,400,accepted
data\isl_alphabet_digits\train\1\Sign 1 (353).jpeg,train,1,27,400,400,accepted
data\isl_alphabet_digits\train\1\Sign 1 (163).jpeg,train,1,27,400,400,accepted
data\isl_alphabet_digits\train\1\Sign 1 (224).jpeg,train,1,27,400,400,accepted
data\isl_alphabet_digits\train\1\Output Image -118.jpg,train,1,27,400,400,accepted
data\isl_alphabet_digits\train\1\Output Image -201.jpg,train,1,27,400,400,accepted
data\isl_alphabet_digits\val\1\Sign 1 (275).jpeg,val,1,27,400,400,accepted
data\isl_alphabet_digits\val\1\Sign 1 (453).jpeg,val,1,27,400,400,accepted
data\isl_alphabet_digits\val\1\Sign 1 (232).jpeg,val,1,27,400,400,accepted
data\isl_alphabet_digits\val\1\Output Image -3.jpg,val,1,27,400,400,accepted
data\isl_alphabet_digits\val\1\Sign 1 (70).jpeg,val,1,27,400,400,accepted
data\isl_alphabet_digits\val\1\Output Image -98.jpg,val,1,27,400,400,accepted
data\isl_alphabet_digits\val\1\Sign 1 (85).jpeg,val,1,27,400,400,accepted
data\isl_alphabet_digits\val\1\Sign 1 (95).jpeg,val,1,27,400,400,accepted
data\isl_alphabet_digits\val\1\Sign 1 (483).jpeg,val,1,27,400,400,accepted
data\isl_alphabet_digits\val\1\Sign 1 (350).jpeg,val,1,27,400,400,accepted
data\isl_alphabet_digits\val\1\Output Image -119.jpg,val,1,27,400,400,accepted
data\isl_alphabet_digits\val\1\Output Image -422.jpg,val,1,27,400,400,accepted
data\isl_alphabet_digits\val\1\Output Image -316.jpg,val,1,27,400,400,accepted
data\isl_alphabet_digits\val\1\Sign 1 (240).jpeg,val,1,27,400,400,accepted
data\isl_alphabet_digits\val\1\Output Image -401.jpg,val,1,27,400,400,accepted
data\isl_alphabet_digits\val\1\Sign 1 (207).jpeg,val,1,27,400,400,accepted
data\isl_alphabet_digits\val\1\Sign 1 (75).jpeg,val,1,27,400,400,accepted
data\isl_alphabet_digits\val\1\Output Image -478.jpg,val,1,27,400,400,accepted
data\isl_alphabet_digits\val\1\Output Image -402.jpg,val,1,27,400,400,accepted
data\isl_alphabet_digits\val\1\Sign 1 (185).jpeg,val,1,27,400,400,accepted
data\isl_alphabet_digits\val\1\Sign 1 (476).jpeg,val,1,27,400,400,accepted
data\isl_alphabet_digits\val\1\Output Image -430.jpg,val,1,27,400,400,accepted
data\isl_alphabet_digits\val\1\Output Image -53.jpg,val,1,27,400,400,accepted
data\isl_alphabet_digits\val\1\Output Image -158.jpg,val,1,27,400,400,accepted
data\isl_alphabet_digits\val\1\Sign 1 (387).jpeg,val,1,27,400,400,accepted
data\isl_alphabet_digits\val\1\Sign 1 (245).jpeg,val,1,27,400,400,accepted
data\isl_alphabet_digits\val\1\Output Image -432.jpg,val,1,27,400,400,accepted
data\isl_alphabet_digits\val\1\Output Image -210.jpg,val,1,27,400,400,accepted
data\isl_alphabet_digits\val\1\Output Image -230.jpg,val,1,27,400,400,accepted
data\isl_alphabet_digits\val\1\Sign 1 (125).jpeg,val,1,27,400,400,accepted
data\isl_alphabet_digits\val\1\Sign 1 (210).jpeg,val,1,27,400,400,accepted
data\isl_alphabet_digits\val\1\Sign 1 (97).jpeg,val,1,27,400,400,accepted
data\isl_alphabet_digits\val\1\Output Image -294.jpg,val,1,27,400,400,accepted
data\isl_alphabet_digits\val\1\Output Image -410.jpg,val,1,27,400,400,accepted
data\isl_alphabet_digits\val\1\Sign 1 (364).jpeg,val,1,27,400,400,accepted
data\isl_alphabet_digits\val\1\Sign 1 (22).jpeg,val,1,27,400,400,accepted
data\isl_alphabet_digits\val\1\Output Image -156.jpg,val,1,27,400,400,accepted
data\isl_alphabet_digits\val\1\Sign 1 (345).jpeg,val,1,27,400,400,accepted
data\isl_alphabet_digits\val\1\Sign 1 (287).jpeg,val,1,27,400,400,accepted
data\isl_alphabet_digits\val\1\Output Image -481.jpg,val,1,27,400,400,accepted
data\isl_alphabet_digits\val\1\Output Image -454.jpg,val,1,27,400,400,accepted
data\isl_alphabet_digits\val\1\Output Image -41.jpg,val,1,27,400,400,accepted
data\isl_alphabet_digits\val\1\Output Image -109.jpg,val,1,27,400,400,accepted
data\isl_alphabet_digits\val\1\Output Image -223.jpg,val,1,27,400,400,accepted
data\isl_alphabet_digits\val\1\Sign 1 (433).jpeg,val,1,27,400,400,accepted
data\isl_alphabet_digits\val\1\Output Image -127.jpg,val,1,27,400,400,accepted
data\isl_alphabet_digits\val\1\Sign 1 (272).jpeg,val,1,27,400,400,accepted
data\isl_alphabet_digits\val\1\Output Image -499.jpg,val,1,27,400,400,accepted
data\isl_alphabet_digits\val\1\Sign 1 (481).jpeg,val,1,27,400,400,accepted
data\isl_alphabet_digits\val\1\Sign 1 (76).jpeg,val,1,27,400,400,accepted
data\isl_alphabet_digits\val\1\Output Image -15.jpg,val,1,27,400,400,accepted
data\isl_alphabet_digits\val\1\Output Image -256.jpg,val,1,27,400,400,accepted
data\isl_alphabet_digits\val\1\Sign 1 (10).jpeg,val,1,27,400,400,accepted
data\isl_alphabet_digits\val\1\Output Image -123.jpg,val,1,27,400,400,accepted
data\isl_alphabet_digits\val\1\Sign 1 (472).jpeg,val,1,27,400,400,accepted
data\isl_alphabet_digits\val\1\Sign 1 (205).jpeg,val,1,27,400,400,accepted
data\isl_alphabet_digits\val\1\Sign 1 (399).jpeg,val,1,27,400,400,accepted
data\isl_alphabet_digits\val\1\Output Image -480.jpg,val,1,27,400,400,accepted
data\isl_alphabet_digits\val\1\Sign 1 (390).jpeg,val,1,27,400,400,accepted
data\isl_alphabet_digits\val\1\Sign 1 (180).jpeg,val,1,27,400,400,accepted
data\isl_alphabet_digits\val\1\Sign 1 (69).jpeg,val,1,27,400,400,accepted
data\isl_alphabet_digits\val\1\Sign 1 (132).jpeg,val,1,27,400,400,accepted
data\isl_alphabet_digits\val\1\Output Image -88.jpg,val,1,27,400,400,accepted
data\isl_alphabet_digits\val\1\Output Image -475.jpg,val,1,27,400,400,accepted
data\isl_alphabet_digits\val\1\Output Image -260.jpg,val,1,27,400,400,accepted
data\isl_alphabet_digits\val\1\Output Image -391.jpg,val,1,27,400,400,accepted
data\isl_alphabet_digits\val\1\Output Image -106.jpg,val,1,27,400,400,accepted
data\isl_alphabet_digits\val\1\Output Image -29.jpg,val,1,27,400,400,accepted
data\isl_alphabet_digits\val\1\Sign 1 (48).jpeg,val,1,27,400,400,accepted
data\isl_alphabet_digits\val\1\Sign 1 (403).jpeg,val,1,27,400,400,accepted
data\isl_alphabet_digits\val\1\Sign 1 (247).jpeg,val,1,27,400,400,accepted
data\isl_alphabet_digits\val\1\Sign 1 (196).jpeg,val,1,27,400,400,accepted
data\isl_alphabet_digits\val\1\Output Image -268.jpg,val,1,27,400,400,accepted
data\isl_alphabet_digits\val\1\Sign 1 (396).jpeg,val,1,27,400,400,accepted
data\isl_alphabet_digits\val\1\Sign 1 (407).jpeg,val,1,27,400,400,accepted
data\isl_alphabet_digits\val\1\Output Image -427.jpg,val,1,27,400,400,accepted
data\isl_alphabet_digits\val\1\Sign 1 (420).jpeg,val,1,27,400,400,accepted
data\isl_alphabet_digits\val\1\Output Image -358.jpg,val,1,27,400,400,accepted
data\isl_alphabet_digits\val\1\Output Image -370.jpg,val,1,27,400,400,accepted
data\isl_alphabet_digits\val\1\Output Image -474.jpg,val,1,27,400,400,accepted
data\isl_alphabet_digits\val\1\Output Image -235.jpg,val,1,27,400,400,accepted
data\isl_alphabet_digits\val\1\Sign 1 (51).jpeg,val,1,27,400,400,accepted
data\isl_alphabet_digits\val\1\Output Image -19.jpg,val,1,27,400,400,accepted
data\isl_alphabet_digits\val\1\Sign 1 (266).jpeg,val,1,27,400,400,accepted
data\isl_alphabet_digits\val\1\Sign 1 (355).jpeg,val,1,27,400,400,accepted
data\isl_alphabet_digits\val\1\Sign 1 (57).jpeg,val,1,27,400,400,accepted
data\isl_alphabet_digits\val\1\Output Image -250.jpg,val,1,27,400,400,accepted
data\isl_alphabet_digits\val\1\Output Image -128.jpg,val,1,27,400,400,accepted
data\isl_alphabet_digits\val\1\Output Image -423.jpg,val,1,27,400,400,accepted
data\isl_alphabet_digits\val\1\Sign 1 (260).jpeg,val,1,27,400,400,accepted
data\isl_alphabet_digits\val\1\Output Image -347.jpg,val,1,27,400,400,accepted
data\isl_alphabet_digits\val\1\Output Image -44.jpg,val,1,27,400,400,accepted
data\isl_alphabet_digits\val\1\Sign 1 (136).jpeg,val,1,27,400,400,accepted
data\isl_alphabet_digits\val\1\Output Image -472.jpg,val,1,27,400,400,accepted
data\isl_alphabet_digits\val\1\Sign 1 (347).jpeg,val,1,27,400,400,accepted
data\isl_alphabet_digits\val\1\Output Image -27.jpg,val,1,27,400,400,accepted
data\isl_alphabet_digits\val\1\Output Image -355.jpg,val,1,27,400,400,accepted
data\isl_alphabet_digits\val\1\Sign 1 (118).jpeg,val,1,27,400,400,accepted
data\isl_alphabet_digits\val\1\Output Image -191.jpg,val,1,27,400,400,accepted
data\isl_alphabet_digits\val\1\Output Image -180.jpg,val,1,27,400,400,accepted
data\isl_alphabet_digits\val\1\Output Image -271.jpg,val,1,27,400,400,accepted
data\isl_alphabet_digits\val\1\Sign 1 (31).jpeg,val,1,27,400,400,accepted
data\isl_alphabet_digits\val\1\Sign 1 (183).jpeg,val,1,27,400,400,accepted
data\isl_alphabet_digits\val\1\Sign 1 (122).jpeg,val,1,27,400,400,accepted
data\isl_alphabet_digits\val\1\Sign 1 (33).jpeg,val,1,27,400,400,accepted
data\isl_alphabet_digits\val\1\Output Image -206.jpg,val,1,27,400,400,accepted
data\isl_alphabet_digits\val\1\Sign 1 (398).jpeg,val,1,27,400,400,accepted
data\isl_alphabet_digits\val\1\Output Image -327.jpg,val,1,27,400,400,accepted
data\isl_alphabet_digits\val\1\Sign 1 (499).jpeg,val,1,27,400,400,accepted
data\isl_alphabet_digits\val\1\Sign 1 (135).jpeg,val,1,27,400,400,accepted
data\isl_alphabet_digits\val\1\Output Image -200.jpg,val,1,27,400,400,accepted
data\isl_alphabet_digits\val\1\Sign 1 (173).jpeg,val,1,27,400,400,accepted
data\isl_alphabet_digits\val\1\Sign 1 (53).jpeg,val,1,27,400,400,accepted
data\isl_alphabet_digits\val\1\Output Image -104.jpg,val,1,27,400,400,accepted
data\isl_alphabet_digits\val\1\Output Image -147.jpg,val,1,27,400,400,accepted
data\isl_alphabet_digits\val\1\Output Image -110.jpg,val,1,27,400,400,accepted
data\isl_alphabet_digits\val\1\Sign 1 (35).jpeg,val,1,27,400,400,accepted
data\isl_alphabet_digits\val\1\Sign 1 (471).jpeg,val,1,27,400,400,accepted
data\isl_alphabet_digits\val\1\Output Image -295.jpg,val,1,27,400,400,accepted
data\isl_alphabet_digits\val\1\Output Image -465.jpg,val,1,27,400,400,accepted
data\isl_alphabet_digits\val\1\Output Image -425.jpg,val,1,27,400,400,accepted
data\isl_alphabet_digits\val\1\Sign 1 (81).jpeg,val,1,27,400,400,accepted
data\isl_alphabet_digits\val\1\Sign 1 (213).jpeg,val,1,27,400,400,accepted
data\isl_alphabet_digits\val\1\Sign 1 (54).jpeg,val,1,27,400,400,accepted
data\isl_alphabet_digits\val\1\Output Image -42.jpg,val,1,27,400,400,accepted
data\isl_alphabet_digits\val\1\Output Image -48.jpg,val,1,27,400,400,accepted
data\isl_alphabet_digits\val\1\Output Image -34.jpg,val,1,27,400,400,accepted
data\isl_alphabet_digits\val\1\Output Image -199.jpg,val,1,27,400,400,accepted
data\isl_alphabet_digits\val\1\Sign 1 (383).jpeg,val,1,27,400,400,accepted
data\isl_alphabet_digits\val\1\Output Image -381.jpg,val,1,27,400,400,accepted
data\isl_alphabet_digits\val\1\Sign 1 (251).jpeg,val,1,27,400,400,accepted
data\isl_alphabet_digits\val\1\Output Image -449.jpg,val,1,27,400,400,accepted
data\isl_alphabet_digits\val\1\Sign 1 (165).jpeg,val,1,27,400,400,accepted
data\isl_alphabet_digits\val\1\Sign 1 (23).jpeg,val,1,27,400,400,accepted
data\isl_alphabet_digits\val\1\Sign 1 (344).jpeg,val,1,27,400,400,accepted
data\isl_alphabet_digits\val\1\Output Image -468.jpg,val,1,27,400,400,accepted
data\isl_alphabet_digits\val\1\Output Image -247.jpg,val,1,27,400,400,accepted
data\isl_alphabet_digits\val\1\Sign 1 (306).jpeg,val,1,27,400,400,accepted
data\isl_alphabet_digits\val\1\Output Image -151.jpg,val,1,27,400,400,accepted
data\isl_alphabet_digits\val\1\Sign 1 (204).jpeg,val,1,27,400,400,accepted
data\isl_alphabet_digits\val\1\Output Image -9.jpg,val,1,27,400,400,accepted
data\isl_alphabet_digits\val\1\Sign 1 (281).jpeg,val,1,27,400,400,accepted
data\isl_alphabet_digits\val\1\Output Image -392.jpg,val,1,27,400,400,accepted
data\isl_alphabet_digits\val\1\Output Image -26.jpg,val,1,27,400,400,accepted
data\isl_alphabet_digits\val\1\Output Image -65.jpg,val,1,27,400,400,accepted
data\isl_alphabet_digits\val\1\Output Image -438.jpg,val,1,27,400,400,accepted
data\isl_alphabet_digits\val\1\Output Image -380.jpg,val,1,27,400,400,accepted
data\isl_alphabet_digits\val\1\Output Image -376.jpg,val,1,27,400,400,accepted
data\isl_alphabet_digits\val\1\Output Image -436.jpg,val,1,27,400,400,accepted
data\isl_alphabet_digits\test\1\Sign 1 (314).jpeg,test,1,27,400,400,accepted
data\isl_alphabet_digits\test\1\Output Image -283.jpg,test,1,27,400,400,accepted
data\isl_alphabet_digits\test\1\Sign 1 (164).jpeg,test,1,27,400,400,accepted
data\isl_alphabet_digits\test\1\Output Image -84.jpg,test,1,27,400,400,accepted
data\isl_alphabet_digits\test\1\Output Image -85.jpg,test,1,27,400,400,accepted
data\isl_alphabet_digits\test\1\Output Image -61.jpg,test,1,27,400,400,accepted
data\isl_alphabet_digits\test\1\Output Image -300.jpg,test,1,27,400,400,accepted
data\isl_alphabet_digits\test\1\Sign 1 (365).jpeg,test,1,27,400,400,accepted
data\isl_alphabet_digits\test\1\Sign 1 (312).jpeg,test,1,27,400,400,accepted
data\isl_alphabet_digits\test\1\Sign 1 (129).jpeg,test,1,27,400,400,accepted
data\isl_alphabet_digits\test\1\Sign 1 (368).jpeg,test,1,27,400,400,accepted
data\isl_alphabet_digits\test\1\Sign 1 (83).jpeg,test,1,27,400,400,accepted
data\isl_alphabet_digits\test\1\Output Image -198.jpg,test,1,27,400,400,accepted
data\isl_alphabet_digits\test\1\Output Image -285.jpg,test,1,27,400,400,accepted
data\isl_alphabet_digits\test\1\Output Image -493.jpg,test,1,27,400,400,accepted
data\isl_alphabet_digits\test\1\Sign 1 (477).jpeg,test,1,27,400,400,accepted
data\isl_alphabet_digits\test\1\Sign 1 (100).jpeg,test,1,27,400,400,accepted
data\isl_alphabet_digits\test\1\Output Image -433.jpg,test,1,27,400,400,accepted
data\isl_alphabet_digits\test\1\Sign 1 (168).jpeg,test,1,27,400,400,accepted
data\isl_alphabet_digits\test\1\Output Image -159.jpg,test,1,27,400,400,accepted
data\isl_alphabet_digits\test\1\Sign 1 (259).jpeg,test,1,27,400,400,accepted
data\isl_alphabet_digits\test\1\Sign 1 (32).jpeg,test,1,27,400,400,accepted
data\isl_alphabet_digits\test\1\Sign 1 (243).jpeg,test,1,27,400,400,accepted
data\isl_alphabet_digits\test\1\Sign 1 (174).jpeg,test,1,27,400,400,accepted
data\isl_alphabet_digits\test\1\Output Image -259.jpg,test,1,27,400,400,accepted
data\isl_alphabet_digits\test\1\Sign 1 (342).jpeg,test,1,27,400,400,accepted
data\isl_alphabet_digits\test\1\Sign 1 (294).jpeg,test,1,27,400,400,accepted
data\isl_alphabet_digits\test\1\Output Image -226.jpg,test,1,27,400,400,accepted
data\isl_alphabet_digits\test\1\Sign 1 (290).jpeg,test,1,27,400,400,accepted
data\isl_alphabet_digits\test\1\Output Image -353.jpg,test,1,27,400,400,accepted
data\isl_alphabet_digits\test\1\Sign 1 (190).jpeg,test,1,27,400,400,accepted
data\isl_alphabet_digits\test\1\Output Image -331.jpg,test,1,27,400,400,accepted
data\isl_alphabet_digits\test\1\Output Image -211.jpg,test,1,27,400,400,accepted
data\isl_alphabet_digits\test\1\Sign 1 (154).jpeg,test,1,27,400,400,accepted
data\isl_alphabet_digits\test\1\Output Image -221.jpg,test,1,27,400,400,accepted
data\isl_alphabet_digits\test\1\Output Image -174.jpg,test,1,27,400,400,accepted
data\isl_alphabet_digits\test\1\Sign 1 (381).jpeg,test,1,27,400,400,accepted
data\isl_alphabet_digits\test\1\Sign 1 (496).jpeg,test,1,27,400,400,accepted
data\isl_alphabet_digits\test\1\Output Image -192.jpg,test,1,27,400,400,accepted
data\isl_alphabet_digits\test\1\Output Image -443.jpg,test,1,27,400,400,accepted
data\isl_alphabet_digits\test\1\Sign 1 (373).jpeg,test,1,27,400,400,accepted
data\isl_alphabet_digits\test\1\Sign 1 (58).jpeg,test,1,27,400,400,accepted
data\isl_alphabet_digits\test\1\Sign 1 (65).jpeg,test,1,27,400,400,accepted
data\isl_alphabet_digits\test\1\Sign 1 (450).jpeg,test,1,27,400,400,accepted
data\isl_alphabet_digits\test\1\Output Image -131.jpg,test,1,27,400,400,accepted
data\isl_alphabet_digits\test\1\Output Image -365.jpg,test,1,27,400,400,accepted
data\isl_alphabet_digits\test\1\Sign 1 (307).jpeg,test,1,27,400,400,accepted
data\isl_alphabet_digits\test\1\Output Image -22.jpg,test,1,27,400,400,accepted
data\isl_alphabet_digits\test\1\Output Image -38.jpg,test,1,27,400,400,accepted
data\isl_alphabet_digits\test\1\Output Image -2.jpg,test,1,27,400,400,accepted
data\isl_alphabet_digits\test\1\Output Image -208.jpg,test,1,27,400,400,accepted
data\isl_alphabet_digits\test\1\Sign 1 (484).jpeg,test,1,27,400,400,accepted
data\isl_alphabet_digits\test\1\Output Image -354.jpg,test,1,27,400,400,accepted
data\isl_alphabet_digits\test\1\Output Image -164.jpg,test,1,27,400,400,accepted
data\isl_alphabet_digits\test\1\Sign 1 (208).jpeg,test,1,27,400,400,accepted
data\isl_alphabet_digits\test\1\Sign 1 (328).jpeg,test,1,27,400,400,accepted
data\isl_alphabet_digits\test\1\Sign 1 (178).jpeg,test,1,27,400,400,accepted
data\isl_alphabet_digits\test\1\Sign 1 (380).jpeg,test,1,27,400,400,accepted
data\isl_alphabet_digits\test\1\Output Image -169.jpg,test,1,27,400,400,accepted
data\isl_alphabet_digits\test\1\Output Image -399.jpg,test,1,27,400,400,accepted
data\isl_alphabet_digits\test\1\Sign 1 (236).jpeg,test,1,27,400,400,accepted
data\isl_alphabet_digits\test\1\Sign 1 (239).jpeg,test,1,27,400,400,accepted
data\isl_alphabet_digits\test\1\Sign 1 (148).jpeg,test,1,27,400,400,accepted
data\isl_alphabet_digits\test\1\Output Image -282.jpg,test,1,27,400,400,accepted
data\isl_alphabet_digits\test\1\Output Image -23.jpg,test,1,27,400,400,accepted
data\isl_alphabet_digits\test\1\Output Image -181.jpg,test,1,27,400,400,accepted
data\isl_alphabet_digits\test\1\Sign 1 (167).jpeg,test,1,27,400,400,accepted
data\isl_alphabet_digits\test\1\Output Image -102.jpg,test,1,27,400,400,accepted
data\isl_alphabet_digits\test\1\Sign 1 (47).jpeg,test,1,27,400,400,accepted
data\isl_alphabet_digits\test\1\Sign 1 (159).jpeg,test,1,27,400,400,accepted
data\isl_alphabet_digits\test\1\Output Image -408.jpg,test,1,27,400,400,accepted
data\isl_alphabet_digits\test\1\Sign 1 (203).jpeg,test,1,27,400,400,accepted
data\isl_alphabet_digits\test\1\Sign 1 (90).jpeg,test,1,27,400,400,accepted
data\isl_alphabet_digits\test\1\Output Image -445.jpg,test,1,27,400,400,accepted
data\isl_alphabet_digits\test\1\Sign 1 (331).jpeg,test,1,27,400,400,accepted
data\isl_alphabet_digits\test\1\Sign 1 (146).jpeg,test,1,27,400,400,accepted
data\isl_alphabet_digits\test\1\Sign 1 (269).jpeg,test,1,27,400,400,accepted
data\isl_alphabet_digits\test\1\Sign 1 (413).jpeg,test,1,27,400,400,accepted
data\isl_alphabet_digits\test\1\Sign 1 (56).jpeg,test,1,27,400,400,accepted
data\isl_alphabet_digits\test\1\Sign 1 (91).jpeg,test,1,27,400,400,accepted
data\isl_alphabet_digits\test\1\Sign 1 (82).jpeg,test,1,27,400,400,accepted
data\isl_alphabet_digits\test\1\Sign 1 (361).jpeg,test,1,27,400,400,accepted
data\isl_alphabet_digits\test\1\Output Image -179.jpg,test,1,27,400,400,accepted
data\isl_alphabet_digits\test\1\Sign 1 (11).jpeg,test,1,27,400,400,accepted
data\isl_alphabet_digits\test\1\Output Image -455.jpg,test,1,27,400,400,accepted
data\isl_alphabet_digits\test\1\Sign 1 (194).jpeg,test,1,27,400,400,accepted
data\isl_alphabet_digits\test\1\Output Image -101.jpg,test,1,27,400,400,accepted
data\isl_alphabet_digits\test\1\Output Image -343.jpg,test,1,27,400,400,accepted
data\isl_alphabet_digits\test\1\Output Image -451.jpg,test,1,27,400,400,accepted
data\isl_alphabet_digits\test\1\Output Image -238.jpg,test,1,27,400,400,accepted
data\isl_alphabet_digits\test\1\Output Image -500.jpg,test,1,27,400,400,accepted
data\isl_alphabet_digits\test\1\Output Image -293.jpg,test,1,27,400,400,accepted
data\isl_alphabet_digits\test\1\Sign 1 (369).jpeg,test,1,27,400,400,accepted
data\isl_alphabet_digits\test\1\Output Image -92.jpg,test,1,27,400,400,accepted
data\isl_alphabet_digits\test\1\Sign 1 (149).jpeg,test,1,27,400,400,accepted
data\isl_alphabet_digits\test\1\Sign 1 (140).jpeg,test,1,27,400,400,accepted
data\isl_alphabet_digits\test\1\Sign 1 (351).jpeg,test,1,27,400,400,accepted
data\isl_alphabet_digits\test\1\Sign 1 (215).jpeg,test,1,27,400,400,accepted
data\isl_alphabet_digits\test\1\Output Image -141.jpg,test,1,27,400,400,accepted
data\isl_alphabet_digits\test\1\Output Image -302.jpg,test,1,27,400,400,accepted
data\isl_alphabet_digits\test\1\Sign 1 (111).jpeg,test,1,27,400,400,accepted
data\isl_alphabet_digits\test\1\Sign 1 (379).jpeg,test,1,27,400,400,accepted
data\isl_alphabet_digits\test\1\Sign 1 (264).jpeg,test,1,27,400,400,accepted
data\isl_alphabet_digits\test\1\Sign 1 (432).jpeg,test,1,27,400,400,accepted
data\isl_alphabet_digits\test\1\Sign 1 (308).jpeg,test,1,27,400,400,accepted
data\isl_alphabet_digits\test\1\Sign 1 (372).jpeg,test,1,27,400,400,accepted
data\isl_alphabet_digits\test\1\Sign 1 (278).jpeg,test,1,27,400,400,accepted
data\isl_alphabet_digits\test\1\Output Image -418.jpg,test,1,27,400,400,accepted
data\isl_alphabet_digits\test\1\Sign 1 (191).jpeg,test,1,27,400,400,accepted
data\isl_alphabet_digits\test\1\Sign 1 (36).jpeg,test,1,27,400,400,accepted
data\isl_alphabet_digits\test\1\Output Image -20.jpg,test,1,27,400,400,accepted
data\isl_alphabet_digits\test\1\Output Image -133.jpg,test,1,27,400,400,accepted
data\isl_alphabet_digits\test\1\Output Image -350.jpg,test,1,27,400,400,accepted
data\isl_alphabet_digits\test\1\Output Image -193.jpg,test,1,27,400,400,accepted
data\isl_alphabet_digits\test\1\Output Image -317.jpg,test,1,27,400,400,accepted
data\isl_alphabet_digits\test\1\Sign 1 (354).jpeg,test,1,27,400,400,accepted
data\isl_alphabet_digits\test\1\Sign 1 (96).jpeg,test,1,27,400,400,accepted
data\isl_alphabet_digits\test\1\Output Image -330.jpg,test,1,27,400,400,accepted
data\isl_alphabet_digits\test\1\Sign 1 (299).jpeg,test,1,27,400,400,accepted
data\isl_alphabet_digits\test\1\Sign 1 (276).jpeg,test,1,27,400,400,accepted
data\isl_alphabet_digits\test\1\Sign 1 (27).jpeg,test,1,27,400,400,accepted
data\isl_alphabet_digits\test\1\Output Image -286.jpg,test,1,27,400,400,accepted
data\isl_alphabet_digits\test\1\Output Image -352.jpg,test,1,27,400,400,accepted
data\isl_alphabet_digits\test\1\Output Image -143.jpg,test,1,27,400,400,accepted
data\isl_alphabet_digits\test\1\Output Image -334.jpg,test,1,27,400,400,accepted
data\isl_alphabet_digits\test\1\Sign 1 (209).jpeg,test,1,27,400,400,accepted
data\isl_alphabet_digits\test\1\Sign 1 (391).jpeg,test,1,27,400,400,accepted
data\isl_alphabet_digits\test\1\Sign 1 (277).jpeg,test,1,27,400,400,accepted
data\isl_alphabet_digits\test\1\Output Image -314.jpg,test,1,27,400,400,accepted
data\isl_alphabet_digits\test\1\Sign 1 (21).jpeg,test,1,27,400,400,accepted
data\isl_alphabet_digits\test\1\Sign 1 (311).jpeg,test,1,27,400,400,accepted
data\isl_alphabet_digits\test\1\Sign 1 (330).jpeg,test,1,27,400,400,accepted
data\isl_alphabet_digits\test\1\Output Image -97.jpg,test,1,27,400,400,accepted
data\isl_alphabet_digits\test\1\Sign 1 (349).jpeg,test,1,27,400,400,accepted
data\isl_alphabet_digits\test\1\Sign 1 (68).jpeg,test,1,27,400,400,accepted
data\isl_alphabet_digits\test\1\Output Image -298.jpg,test,1,27,400,400,accepted
data\isl_alphabet_digits\test\1\Sign 1 (424).jpeg,test,1,27,400,400,accepted
data\isl_alphabet_digits\test\1\Sign 1 (404).jpeg,test,1,27,400,400,accepted
data\isl_alphabet_digits\test\1\Output Image -157.jpg,test,1,27,400,400,accepted
data\isl_alphabet_digits\test\1\Output Image -337.jpg,test,1,27,400,400,accepted
data\isl_alphabet_digits\test\1\Sign 1 (492).jpeg,test,1,27,400,400,accepted
data\isl_alphabet_digits\test\1\Sign 1 (417).jpeg,test,1,27,400,400,accepted
data\isl_alphabet_digits\test\1\Output Image -139.jpg,test,1,27,400,400,accepted
data\isl_alphabet_digits\test\1\Output Image -16.jpg,test,1,27,400,400,accepted
data\isl_alphabet_digits\test\1\Sign 1 (86).jpeg,test,1,27,400,400,accepted
data\isl_alphabet_digits\test\1\Sign 1 (44).jpeg,test,1,27,400,400,accepted
data\isl_alphabet_digits\test\1\Output Image -186.jpg,test,1,27,400,400,accepted
data\isl_alphabet_digits\test\1\Output Image -261.jpg,test,1,27,400,400,accepted
data\isl_alphabet_digits\test\1\Sign 1 (382).jpeg,test,1,27,400,400,accepted
data\isl_alphabet_digits\test\1\Sign 1 (323).jpeg,test,1,27,400,400,accepted
data\isl_alphabet_digits\test\1\Output Image -288.jpg,test,1,27,400,400,accepted
data\isl_alphabet_digits\train\2\Sign 2 (164).jpeg,train,2,28,400,400,accepted
data\isl_alphabet_digits\train\2\Output Image -496.jpg,train,2,28,400,400,accepted
data\isl_alphabet_digits\train\2\Output Image -173.jpg,train,2,28,400,400,accepted
data\isl_alphabet_digits\train\2\Output Image -321.jpg,train,2,28,400,400,accepted
data\isl_alphabet_digits\train\2\Output Image -304.jpg,train,2,28,400,400,accepted
data\isl_alphabet_digits\train\2\Output Image -159.jpg,train,2,28,400,400,accepted
data\isl_alphabet_digits\train\2\Output Image -199.jpg,train,2,28,400,400,accepted
data\isl_alphabet_digits\train\2\Sign 2 (30).jpeg,train,2,28,400,400,accepted
data\isl_alphabet_digits\train\2\Output Image -407.jpg,train,2,28,400,400,accepted
data\isl_alphabet_digits\train\2\Sign 2 (304).jpeg,train,2,28,400,400,accepted
data\isl_alphabet_digits\train\2\Output Image -315.jpg,train,2,28,400,400,accepted
data\isl_alphabet_digits\train\2\Sign 2 (79).jpeg,train,2,28,400,400,accepted
data\isl_alphabet_digits\train\2\Sign 2 (181).jpeg,train,2,28,400,400,accepted
data\isl_alphabet_digits\train\2\Sign 2 (104).jpeg,train,2,28,400,400,accepted
data\isl_alphabet_digits\train\2\Sign 2 (69).jpeg,train,2,28,400,400,accepted
data\isl_alphabet_digits\train\2\Output Image -455.jpg,train,2,28,400,400,accepted
data\isl_alphabet_digits\train\2\Output Image -192.jpg,train,2,28,400,400,accepted
data\isl_alphabet_digits\train\2\Sign 2 (109).jpeg,train,2,28,400,400,accepted
data\isl_alphabet_digits\train\2\Sign 2 (21).jpeg,train,2,28,400,400,accepted
data\isl_alphabet_digits\train\2\Sign 2 (28).jpeg,train,2,28,400,400,accepted
data\isl_alphabet_digits\train\2\Output Image -480.jpg,train,2,28,400,400,accepted
data\isl_alphabet_digits\train\2\Output Image -190.jpg,train,2,28,400,400,accepted
data\isl_alphabet_digits\train\2\Output Image -71.jpg,train,2,28,400,400,accepted
data\isl_alphabet_digits\train\2\Output Image -453.jpg,train,2,28,400,400,accepted
data\isl_alphabet_digits\train\2\Sign 2 (407).jpeg,train,2,28,400,400,accepted
data\isl_alphabet_digits\train\2\Sign 2 (20).jpeg,train,2,28,400,400,accepted
data\isl_alphabet_digits\train\2\Output Image -324.jpg,train,2,28,400,400,accepted
data\isl_alphabet_digits\train\2\Sign 2 (256).jpeg,train,2,28,400,400,accepted
data\isl_alphabet_digits\train\2\Sign 2 (294).jpeg,train,2,28,400,400,accepted
data\isl_alphabet_digits\train\2\Sign 2 (300).jpeg,train,2,28,400,400,accepted
data\isl_alphabet_digits\train\2\Output Image -129.jpg,train,2,28,400,400,accepted
data\isl_alphabet_digits\train\2\Sign 2 (77).jpeg,train,2,28,400,400,accepted
data\isl_alphabet_digits\train\2\Sign 2 (235).jpeg,train,2,28,400,400,accepted
data\isl_alphabet_digits\train\2\Sign 2 (45).jpeg,train,2,28,400,400,accepted
data\isl_alphabet_digits\train\2\Output Image -10.jpg,train,2,28,400,400,accepted
data\isl_alphabet_digits\train\2\Output Image -452.jpg,train,2,28,400,400,accepted
data\isl_alphabet_digits\train\2\Sign 2 (76).jpeg,train,2,28,400,400,accepted
data\isl_alphabet_digits\train\2\Sign 2 (312).jpeg,train,2,28,400,400,accepted
data\isl_alphabet_digits\train\2\Sign 2 (479).jpeg,train,2,28,400,400,accepted
data\isl_alphabet_digits\train\2\Sign 2 (325).jpeg,train,2,28,400,400,accepted
data\isl_alphabet_digits\train\2\Output Image -374.jpg,train,2,28,400,400,accepted
data\isl_alphabet_digits\train\2\Sign 2 (322).jpeg,train,2,28,400,400,accepted
data\isl_alphabet_digits\train\2\Sign 2 (311).jpeg,train,2,28,400,400,accepted
data\isl_alphabet_digits\train\2\Output Image -196.jpg,train,2,28,400,400,accepted
data\isl_alphabet_digits\train\2\Sign 2 (128).jpeg,train,2,28,400,400,accepted
data\isl_alphabet_digits\train\2\Output Image -362.jpg,train,2,28,400,400,accepted
data\isl_alphabet_digits\train\2\Sign 2 (27).jpeg,train,2,28,400,400,accepted
data\isl_alphabet_digits\train\2\Output Image -183.jpg,train,2,28,400,400,accepted
data\isl_alphabet_digits\train\2\Output Image -370.jpg,train,2,28,400,400,accepted
data\isl_alphabet_digits\train\2\Sign 2 (88).jpeg,train,2,28,400,400,accepted
data\isl_alphabet_digits\train\2\Output Image -376.jpg,train,2,28,400,400,accepted
data\isl_alphabet_digits\train\2\Sign 2 (370).jpeg,train,2,28,400,400,accepted
data\isl_alphabet_digits\train\2\Output Image -156.jpg,train,2,28,400,400,accepted
data\isl_alphabet_digits\train\2\Output Image -336.jpg,train,2,28,400,400,accepted
data\isl_alphabet_digits\train\2\Sign 2 (4).jpeg,train,2,28,400,400,accepted
data\isl_alphabet_digits\train\2\Output Image -388.jpg,train,2,28,400,400,accepted
data\isl_alphabet_digits\train\2\Output Image -260.jpg,train,2,28,400,400,accepted
data\isl_alphabet_digits\train\2\Sign 2 (414).jpeg,train,2,28,400,400,accepted
data\isl_alphabet_digits\train\2\Output Image -303.jpg,train,2,28,400,400,accepted
data\isl_alphabet_digits\train\2\Output Image -241.jpg,train,2,28,400,400,accepted
data\isl_alphabet_digits\train\2\Sign 2 (463).jpeg,train,2,28,400,400,accepted
data\isl_alphabet_digits\train\2\Output Image -189.jpg,train,2,28,400,400,accepted
data\isl_alphabet_digits\train\2\Output Image -114.jpg,train,2,28,400,400,accepted
data\isl_alphabet_digits\train\2\Sign 2 (11).jpeg,train,2,28,400,400,accepted
data\isl_alphabet_digits\train\2\Sign 2 (323).jpeg,train,2,28,400,400,accepted
data\isl_alphabet_digits\train\2\Output Image -131.jpg,train,2,28,400,400,accepted
data\isl_alphabet_digits\train\2\Output Image -424.jpg,train,2,28,400,400,accepted
data\isl_alphabet_digits\train\2\Output Image -468.jpg,train,2,28,400,400,accepted
data\isl_alphabet_digits\train\2\Output Image -316.jpg,train,2,28,400,400,accepted
data\isl_alphabet_digits\train\2\Sign 2 (369).jpeg,train,2,28,400,400,accepted
data\isl_alphabet_digits\train\2\Sign 2 (92).jpeg,train,2,28,400,400,accepted
data\isl_alphabet_digits\train\2\Sign 2 (3).jpeg,train,2,28,400,400,accepted
data\isl_alphabet_digits\train\2\Sign 2 (99).jpeg,train,2,28,400,400,accepted
data\isl_alphabet_digits\train\2\Output Image -444.jpg,train,2,28,400,400,accepted
data\isl_alphabet_digits\train\2\Sign 2 (196).jpeg,train,2,28,400,400,accepted
data\isl_alphabet_digits\train\2\Output Image -299.jpg,train,2,28,400,400,accepted
data\isl_alphabet_digits\train\2\Sign 2 (429).jpeg,train,2,28,400,400,accepted
data\isl_alphabet_digits\train\2\Sign 2 (84).jpeg,train,2,28,400,400,accepted
data\isl_alphabet_digits\train\2\Sign 2 (19).jpeg,train,2,28,400,400,accepted
data\isl_alphabet_digits\train\2\Sign 2 (349).jpeg,train,2,28,400,400,accepted
data\isl_alphabet_digits\train\2\Sign 2 (330).jpeg,train,2,28,400,400,accepted
data\isl_alphabet_digits\train\2\Sign 2 (186).jpeg,train,2,28,400,400,accepted
data\isl_alphabet_digits\train\2\Sign 2 (152).jpeg,train,2,28,400,400,accepted
data\isl_alphabet_digits\train\2\Output Image -140.jpg,train,2,28,400,400,accepted
data\isl_alphabet_digits\train\2\Output Image -265.jpg,train,2,28,400,400,accepted
data\isl_alphabet_digits\train\2\Sign 2 (31).jpeg,train,2,28,400,400,accepted
data\isl_alphabet_digits\train\2\Sign 2 (242).jpeg,train,2,28,400,400,accepted
data\isl_alphabet_digits\train\2\Output Image -472.jpg,train,2,28,400,400,accepted
data\isl_alphabet_digits\train\2\Output Image -451.jpg,train,2,28,400,400,accepted
data\isl_alphabet_digits\train\2\Sign 2 (144).jpeg,train,2,28,400,400,accepted
data\isl_alphabet_digits\train\2\Output Image -233.jpg,train,2,28,400,400,accepted
data\isl_alphabet_digits\train\2\Output Image -222.jpg,train,2,28,400,400,accepted
data\isl_alphabet_digits\train\2\Sign 2 (241).jpeg,train,2,28,400,400,accepted
data\isl_alphabet_digits\train\2\Output Image -93.jpg,train,2,28,400,400,accepted
data\isl_alphabet_digits\train\2\Output Image -49.jpg,train,2,28,400,400,accepted
data\isl_alphabet_digits\train\2\Sign 2 (199).jpeg,train,2,28,400,400,accepted
data\isl_alphabet_digits\train\2\Sign 2 (208).jpeg,train,2,28,400,400,accepted
data\isl_alphabet_digits\train\2\Sign 2 (288).jpeg,train,2,28,400,400,accepted
data\isl_alphabet_digits\train\2\Output Image -28.jpg,train,2,28,400,400,accepted
data\isl_alphabet_digits\train\2\Sign 2 (108).jpeg,train,2,28,400,400,accepted
data\isl_alphabet_digits\train\2\Output Image -162.jpg,train,2,28,400,400,accepted
data\isl_alphabet_digits\train\2\Sign 2 (307).jpeg,train,2,28,400,400,accepted
data\isl_alphabet_digits\train\2\Sign 2 (150).jpeg,train,2,28,400,400,accepted
data\isl_alphabet_digits\train\2\Output Image -342.jpg,train,2,28,400,400,accepted
data\isl_alphabet_digits\train\2\Sign 2 (299).jpeg,train,2,28,400,400,accepted
data\isl_alphabet_digits\train\2\Output Image -57.jpg,train,2,28,400,400,accepted
data\isl_alphabet_digits\train\2\Output Image -442.jpg,train,2,28,400,400,accepted
data\isl_alphabet_digits\train\2\Output Image -486.jpg,train,2,28,400,400,accepted
data\isl_alphabet_digits\train\2\Sign 2 (296).jpeg,train,2,28,400,400,accepted
data\isl_alphabet_digits\train\2\Sign 2 (2).jpeg,train,2,28,400,400,accepted
data\isl_alphabet_digits\train\2\Sign 2 (114).jpeg,train,2,28,400,400,accepted
data\isl_alphabet_digits\train\2\Output Image -268.jpg,train,2,28,400,400,accepted
data\isl_alphabet_digits\train\2\Output Image -56.jpg,train,2,28,400,400,accepted
data\isl_alphabet_digits\train\2\Sign 2 (238).jpeg,train,2,28,400,400,accepted
data\isl_alphabet_digits\train\2\Sign 2 (131).jpeg,train,2,28,400,400,accepted
data\isl_alphabet_digits\train\2\Output Image -341.jpg,train,2,28,400,400,accepted
data\isl_alphabet_digits\train\2\Sign 2 (279).jpeg,train,2,28,400,400,accepted
data\isl_alphabet_digits\train\2\Sign 2 (398).jpeg,train,2,28,400,400,accepted
data\isl_alphabet_digits\train\2\Sign 2 (406).jpeg,train,2,28,400,400,accepted
data\isl_alphabet_digits\train\2\Output Image -345.jpg,train,2,28,400,400,accepted
data\isl_alphabet_digits\train\2\Sign 2 (105).jpeg,train,2,28,400,400,accepted
data\isl_alphabet_digits\train\2\Output Image -387.jpg,train,2,28,400,400,accepted
data\isl_alphabet_digits\train\2\Sign 2 (476).jpeg,train,2,28,400,400,accepted
data\isl_alphabet_digits\train\2\Sign 2 (499).jpeg,train,2,28,400,400,accepted
data\isl_alphabet_digits\train\2\Output Image -161.jpg,train,2,28,400,400,accepted
data\isl_alphabet_digits\train\2\Sign 2 (337).jpeg,train,2,28,400,400,accepted
data\isl_alphabet_digits\train\2\Output Image -2.jpg,train,2,28,400,400,accepted
data\isl_alphabet_digits\train\2\Output Image -145.jpg,train,2,28,400,400,accepted
data\isl_alphabet_digits\train\2\Sign 2 (364).jpeg,train,2,28,400,400,accepted
data\isl_alphabet_digits\train\2\Sign 2 (1).jpeg,train,2,28,400,400,accepted
data\isl_alphabet_digits\train\2\Output Image -16.jpg,train,2,28,400,400,accepted
data\isl_alphabet_digits\train\2\Sign 2 (62).jpeg,train,2,28,400,400,accepted
data\isl_alphabet_digits\train\2\Output Image -450.jpg,train,2,28,400,400,accepted
data\isl_alphabet_digits\train\2\Output Image -208.jpg,train,2,28,400,400,accepted
data\isl_alphabet_digits\train\2\Sign 2 (392).jpeg,train,2,28,400,400,accepted
data\isl_alphabet_digits\train\2\Output Image -6.jpg,train,2,28,400,400,accepted
data\isl_alphabet_digits\train\2\Sign 2 (263).jpeg,train,2,28,400,400,accepted
data\isl_alphabet_digits\train\2\Sign 2 (67).jpeg,train,2,28,400,400,accepted
data\isl_alphabet_digits\train\2\Output Image -491.jpg,train,2,28,400,400,accepted
data\isl_alphabet_digits\train\2\Output Image -278.jpg,train,2,28,400,400,accepted
data\isl_alphabet_digits\train\2\Output Image -105.jpg,train,2,28,400,400,accepted
data\isl_alphabet_digits\train\2\Sign 2 (111).jpeg,train,2,28,400,400,accepted
data\isl_alphabet_digits\train\2\Sign 2 (353).jpeg,train,2,28,400,400,accepted
data\isl_alphabet_digits\train\2\Sign 2 (216).jpeg,train,2,28,400,400,accepted
data\isl_alphabet_digits\train\2\Sign 2 (57).jpeg,train,2,28,400,400,accepted
data\isl_alphabet_digits\train\2\Output Image -297.jpg,train,2,28,400,400,accepted
data\isl_alphabet_digits\train\2\Sign 2 (146).jpeg,train,2,28,400,400,accepted
data\isl_alphabet_digits\train\2\Output Image -171.jpg,train,2,28,400,400,accepted
data\isl_alphabet_digits\train\2\Output Image -427.jpg,train,2,28,400,400,accepted
data\isl_alphabet_digits\train\2\Output Image -144.jpg,train,2,28,400,400,accepted
data\isl_alphabet_digits\train\2\Output Image -323.jpg,train,2,28,400,400,accepted
data\isl_alphabet_digits\train\2\Output Image -279.jpg,train,2,28,400,400,accepted
data\isl_alphabet_digits\train\2\Sign 2 (133).jpeg,train,2,28,400,400,accepted
data\isl_alphabet_digits\train\2\Sign 2 (81).jpeg,train,2,28,400,400,accepted
data\isl_alphabet_digits\train\2\Output Image -243.jpg,train,2,28,400,400,accepted
data\isl_alphabet_digits\train\2\Output Image -250.jpg,train,2,28,400,400,accepted
data\isl_alphabet_digits\train\2\Output Image -285.jpg,train,2,28,400,400,accepted
data\isl_alphabet_digits\train\2\Sign 2 (313).jpeg,train,2,28,400,400,accepted
data\isl_alphabet_digits\train\2\Output Image -77.jpg,train,2,28,400,400,accepted
data\isl_alphabet_digits\train\2\Sign 2 (342).jpeg,train,2,28,400,400,accepted
data\isl_alphabet_digits\train\2\Output Image -219.jpg,train,2,28,400,400,accepted
data\isl_alphabet_digits\train\2\Sign 2 (34).jpeg,train,2,28,400,400,accepted
data\isl_alphabet_digits\train\2\Sign 2 (492).jpeg,train,2,28,400,400,accepted
data\isl_alphabet_digits\train\2\Sign 2 (446).jpeg,train,2,28,400,400,accepted
data\isl_alphabet_digits\train\2\Sign 2 (290).jpeg,train,2,28,400,400,accepted
data\isl_alphabet_digits\train\2\Sign 2 (22).jpeg,train,2,28,400,400,accepted
data\isl_alphabet_digits\train\2\Sign 2 (58).jpeg,train,2,28,400,400,accepted
data\isl_alphabet_digits\train\2\Sign 2 (426).jpeg,train,2,28,400,400,accepted
data\isl_alphabet_digits\train\2\Sign 2 (295).jpeg,train,2,28,400,400,accepted
data\isl_alphabet_digits\train\2\Output Image -478.jpg,train,2,28,400,400,accepted
data\isl_alphabet_digits\train\2\Sign 2 (222).jpeg,train,2,28,400,400,accepted
data\isl_alphabet_digits\train\2\Output Image -256.jpg,train,2,28,400,400,accepted
data\isl_alphabet_digits\train\2\Output Image -332.jpg,train,2,28,400,400,accepted
data\isl_alphabet_digits\train\2\Output Image -4.jpg,train,2,28,400,400,accepted
data\isl_alphabet_digits\train\2\Output Image -481.jpg,train,2,28,400,400,accepted
data\isl_alphabet_digits\train\2\Sign 2 (239).jpeg,train,2,28,400,400,accepted
data\isl_alphabet_digits\train\2\Sign 2 (460).jpeg,train,2,28,400,400,accepted
data\isl_alphabet_digits\train\2\Output Image -461.jpg,train,2,28,400,400,accepted
data\isl_alphabet_digits\train\2\Sign 2 (50).jpeg,train,2,28,400,400,accepted
data\isl_alphabet_digits\train\2\Sign 2 (13).jpeg,train,2,28,400,400,accepted
data\isl_alphabet_digits\train\2\Sign 2 (413).jpeg,train,2,28,400,400,accepted
data\isl_alphabet_digits\train\2\Output Image -94.jpg,train,2,28,400,400,accepted
data\isl_alphabet_digits\train\2\Output Image -337.jpg,train,2,28,400,400,accepted
data\isl_alphabet_digits\train\2\Sign 2 (184).jpeg,train,2,28,400,400,accepted
data\isl_alphabet_digits\train\2\Output Image -103.jpg,train,2,28,400,400,accepted
data\isl_alphabet_digits\train\2\Sign 2 (334).jpeg,train,2,28,400,400,accepted
data\isl_alphabet_digits\train\2\Sign 2 (276).jpeg,train,2,28,400,400,accepted
data\isl_alphabet_digits\train\2\Sign 2 (450).jpeg,train,2,28,400,400,accepted
data\isl_alphabet_digits\train\2\Sign 2 (170).jpeg,train,2,28,400,400,accepted
data\isl_alphabet_digits\train\2\Sign 2 (261).jpeg,train,2,28,400,400,accepted
data\isl_alphabet_digits\train\2\Output Image -181.jpg,train,2,28,400,400,accepted
data\isl_alphabet_digits\train\2\Sign 2 (415).jpeg,train,2,28,400,400,accepted
data\isl_alphabet_digits\train\2\Output Image -139.jpg,train,2,28,400,400,accepted
data\isl_alphabet_digits\train\2\Sign 2 (449).jpeg,train,2,28,400,400,accepted
data\isl_alphabet_digits\train\2\Output Image -271.jpg,train,2,28,400,400,accepted
data\isl_alphabet_digits\train\2\Sign 2 (454).jpeg,train,2,28,400,400,accepted
data\isl_alphabet_digits\train\2\Sign 2 (351).jpeg,train,2,28,400,400,accepted
data\isl_alphabet_digits\train\2\Output Image -287.jpg,train,2,28,400,400,accepted
data\isl_alphabet_digits\train\2\Sign 2 (112).jpeg,train,2,28,400,400,accepted
data\isl_alphabet_digits\train\2\Output Image -25.jpg,train,2,28,400,400,accepted
data\isl_alphabet_digits\train\2\Output Image -301.jpg,train,2,28,400,400,accepted
data\isl_alphabet_digits\train\2\Output Image -421.jpg,train,2,28,400,400,accepted
data\isl_alphabet_digits\train\2\Output Image -489.jpg,train,2,28,400,400,accepted
data\isl_alphabet_digits\train\2\Output Image -257.jpg,train,2,28,400,400,accepted
data\isl_alphabet_digits\train\2\Output Image -187.jpg,train,2,28,400,400,accepted
data\isl_alphabet_digits\train\2\Sign 2 (36).jpeg,train,2,28,400,400,accepted
data\isl_alphabet_digits\train\2\Output Image -459.jpg,train,2,28,400,400,accepted
data\isl_alphabet_digits\train\2\Output Image -463.jpg,train,2,28,400,400,accepted
data\isl_alphabet_digits\train\2\Sign 2 (436).jpeg,train,2,28,400,400,accepted
data\isl_alphabet_digits\train\2\Output Image -167.jpg,train,2,28,400,400,accepted
data\isl_alphabet_digits\train\2\Output Image -13.jpg,train,2,28,400,400,accepted
data\isl_alphabet_digits\train\2\Sign 2 (42).jpeg,train,2,28,400,400,accepted
data\isl_alphabet_digits\train\2\Sign 2 (201).jpeg,train,2,28,400,400,accepted
data\isl_alphabet_digits\train\2\Sign 2 (72).jpeg,train,2,28,400,400,accepted
data\isl_alphabet_digits\train\2\Output Image -263.jpg,train,2,28,400,400,accepted
data\isl_alphabet_digits\train\2\Output Image -24.jpg,train,2,28,400,400,accepted
data\isl_alphabet_digits\train\2\Output Image -46.jpg,train,2,28,400,400,accepted
data\isl_alphabet_digits\train\2\Sign 2 (156).jpeg,train,2,28,400,400,accepted
data\isl_alphabet_digits\train\2\Sign 2 (173).jpeg,train,2,28,400,400,accepted
data\isl_alphabet_digits\train\2\Sign 2 (487).jpeg,train,2,28,400,400,accepted
data\isl_alphabet_digits\train\2\Output Image -307.jpg,train,2,28,400,400,accepted
data\isl_alphabet_digits\train\2\Sign 2 (430).jpeg,train,2,28,400,400,accepted
data\isl_alphabet_digits\train\2\Sign 2 (120).jpeg,train,2,28,400,400,accepted
data\isl_alphabet_digits\train\2\Sign 2 (498).jpeg,train,2,28,400,400,accepted
data\isl_alphabet_digits\train\2\Sign 2 (355).jpeg,train,2,28,400,400,accepted
data\isl_alphabet_digits\train\2\Sign 2 (119).jpeg,train,2,28,400,400,accepted
data\isl_alphabet_digits\train\2\Output Image -309.jpg,train,2,28,400,400,accepted
data\isl_alphabet_digits\train\2\Sign 2 (382).jpeg,train,2,28,400,400,accepted
data\isl_alphabet_digits\train\2\Output Image -174.jpg,train,2,28,400,400,accepted
data\isl_alphabet_digits\train\2\Sign 2 (458).jpeg,train,2,28,400,400,accepted
data\isl_alphabet_digits\train\2\Output Image -193.jpg,train,2,28,400,400,accepted
data\isl_alphabet_digits\train\2\Output Image -439.jpg,train,2,28,400,400,accepted
data\isl_alphabet_digits\train\2\Sign 2 (494).jpeg,train,2,28,400,400,accepted
data\isl_alphabet_digits\train\2\Output Image -252.jpg,train,2,28,400,400,accepted
data\isl_alphabet_digits\train\2\Output Image -194.jpg,train,2,28,400,400,accepted
data\isl_alphabet_digits\train\2\Output Image -357.jpg,train,2,28,400,400,accepted
data\isl_alphabet_digits\train\2\Sign 2 (70).jpeg,train,2,28,400,400,accepted
data\isl_alphabet_digits\train\2\Sign 2 (273).jpeg,train,2,28,400,400,accepted
data\isl_alphabet_digits\train\2\Output Image -432.jpg,train,2,28,400,400,accepted
data\isl_alphabet_digits\train\2\Output Image -448.jpg,train,2,28,400,400,accepted
data\isl_alphabet_digits\train\2\Output Image -441.jpg,train,2,28,400,400,accepted
data\isl_alphabet_digits\train\2\Output Image -354.jpg,train,2,28,400,400,accepted
data\isl_alphabet_digits\train\2\Sign 2 (177).jpeg,train,2,28,400,400,accepted
data\isl_alphabet_digits\train\2\Output Image -211.jpg,train,2,28,400,400,accepted
data\isl_alphabet_digits\train\2\Sign 2 (101).jpeg,train,2,28,400,400,accepted
data\isl_alphabet_digits\train\2\Sign 2 (141).jpeg,train,2,28,400,400,accepted
data\isl_alphabet_digits\train\2\Sign 2 (264).jpeg,train,2,28,400,400,accepted
data\isl_alphabet_digits\train\2\Output Image -116.jpg,train,2,28,400,400,accepted
data\isl_alphabet_digits\train\2\Output Image -200.jpg,train,2,28,400,400,accepted
data\isl_alphabet_digits\train\2\Sign 2 (204).jpeg,train,2,28,400,400,accepted
data\isl_alphabet_digits\train\2\Output Image -79.jpg,train,2,28,400,400,accepted
data\isl_alphabet_digits\train\2\Sign 2 (136).jpeg,train,2,28,400,400,accepted
data\isl_alphabet_digits\train\2\Output Image -384.jpg,train,2,28,400,400,accepted
data\isl_alphabet_digits\train\2\Output Image -470.jpg,train,2,28,400,400,accepted
data\isl_alphabet_digits\train\2\Sign 2 (286).jpeg,train,2,28,400,400,accepted
data\isl_alphabet_digits\train\2\Output Image -482.jpg,train,2,28,400,400,accepted
data\isl_alphabet_digits\train\2\Output Image -236.jpg,train,2,28,400,400,accepted
data\isl_alphabet_digits\train\2\Output Image -85.jpg,train,2,28,400,400,accepted
data\isl_alphabet_digits\train\2\Output Image -293.jpg,train,2,28,400,400,accepted
data\isl_alphabet_digits\train\2\Sign 2 (98).jpeg,train,2,28,400,400,accepted
data\isl_alphabet_digits\train\2\Sign 2 (326).jpeg,train,2,28,400,400,accepted
data\isl_alphabet_digits\train\2\Sign 2 (308).jpeg,train,2,28,400,400,accepted
data\isl_alphabet_digits\train\2\Sign 2 (23).jpeg,train,2,28,400,400,accepted
data\isl_alphabet_digits\train\2\Sign 2 (253).jpeg,train,2,28,400,400,accepted
data\isl_alphabet_digits\train\2\Output Image -479.jpg,train,2,28,400,400,accepted
data\isl_alphabet_digits\train\2\Sign 2 (402).jpeg,train,2,28,400,400,accepted
data\isl_alphabet_digits\train\2\Output Image -100.jpg,train,2,28,400,400,accepted
data\isl_alphabet_digits\train\2\Sign 2 (348).jpeg,train,2,28,400,400,accepted
data\isl_alphabet_digits\train\2\Output Image -320.jpg,train,2,28,400,400,accepted
data\isl_alphabet_digits\train\2\Output Image -270.jpg,train,2,28,400,400,accepted
data\isl_alphabet_digits\train\2\Output Image -121.jpg,train,2,28,400,400,accepted
data\isl_alphabet_digits\train\2\Sign 2 (282).jpeg,train,2,28,400,400,accepted
data\isl_alphabet_digits\train\2\Sign 2 (115).jpeg,train,2,28,400,400,accepted
data\isl_alphabet_digits\train\2\Sign 2 (180).jpeg,train,2,28,400,400,accepted
data\isl_alphabet_digits\train\2\Sign 2 (471).jpeg,train,2,28,400,400,accepted
data\isl_alphabet_digits\train\2\Output Image -371.jpg,train,2,28,400,400,accepted
data\isl_alphabet_digits\train\2\Sign 2 (97).jpeg,train,2,28,400,400,accepted
data\isl_alphabet_digits\train\2\Output Image -137.jpg,train,2,28,400,400,accepted
data\isl_alphabet_digits\train\2\Sign 2 (205).jpeg,train,2,28,400,400,accepted
data\isl_alphabet_digits\train\2\Output Image -40.jpg,train,2,28,400,400,accepted
data\isl_alphabet_digits\train\2\Sign 2 (126).jpeg,train,2,28,400,400,accepted
data\isl_alphabet_digits\train\2\Output Image -102.jpg,train,2,28,400,400,accepted
data\isl_alphabet_digits\train\2\Output Image -494.jpg,train,2,28,400,400,accepted
data\isl_alphabet_digits\train\2\Sign 2 (386).jpeg,train,2,28,400,400,accepted
data\isl_alphabet_digits\train\2\Sign 2 (191).jpeg,train,2,28,400,400,accepted
data\isl_alphabet_digits\train\2\Sign 2 (442).jpeg,train,2,28,400,400,accepted
data\isl_alphabet_digits\train\2\Output Image -90.jpg,train,2,28,400,400,accepted
data\isl_alphabet_digits\train\2\Output Image -350.jpg,train,2,28,400,400,accepted
data\isl_alphabet_digits\train\2\Output Image -464.jpg,train,2,28,400,400,accepted
data\isl_alphabet_digits\train\2\Output Image -401.jpg,train,2,28,400,400,accepted
data\isl_alphabet_digits\train\2\Sign 2 (100).jpeg,train,2,28,400,400,accepted
data\isl_alphabet_digits\train\2\Sign 2 (375).jpeg,train,2,28,400,400,accepted
data\isl_alphabet_digits\train\2\Output Image -397.jpg,train,2,28,400,400,accepted
data\isl_alphabet_digits\train\2\Sign 2 (43).jpeg,train,2,28,400,400,accepted
data\isl_alphabet_digits\train\2\Sign 2 (474).jpeg,train,2,28,400,400,accepted
data\isl_alphabet_digits\train\2\Output Image -95.jpg,train,2,28,400,400,accepted
data\isl_alphabet_digits\train\2\Output Image -110.jpg,train,2,28,400,400,accepted
data\isl_alphabet_digits\train\2\Output Image -333.jpg,train,2,28,400,400,accepted
data\isl_alphabet_digits\train\2\Sign 2 (206).jpeg,train,2,28,400,400,accepted
data\isl_alphabet_digits\train\2\Sign 2 (403).jpeg,train,2,28,400,400,accepted
data\isl_alphabet_digits\train\2\Output Image -169.jpg,train,2,28,400,400,accepted
data\isl_alphabet_digits\train\2\Sign 2 (121).jpeg,train,2,28,400,400,accepted
data\isl_alphabet_digits\train\2\Sign 2 (445).jpeg,train,2,28,400,400,accepted
data\isl_alphabet_digits\train\2\Sign 2 (209).jpeg,train,2,28,400,400,accepted
data\isl_alphabet_digits\train\2\Output Image -318.jpg,train,2,28,400,400,accepted
data\isl_alphabet_digits\train\2\Output Image -1.jpg,train,2,28,400,400,accepted
data\isl_alphabet_digits\train\2\Sign 2 (427).jpeg,train,2,28,400,400,accepted
data\isl_alphabet_digits\train\2\Sign 2 (224).jpeg,train,2,28,400,400,accepted
data\isl_alphabet_digits\train\2\Sign 2 (54).jpeg,train,2,28,400,400,accepted
data\isl_alphabet_digits\train\2\Output Image -247.jpg,train,2,28,400,400,accepted
data\isl_alphabet_digits\train\2\Sign 2 (347).jpeg,train,2,28,400,400,accepted
data\isl_alphabet_digits\train\2\Sign 2 (192).jpeg,train,2,28,400,400,accepted
data\isl_alphabet_digits\train\2\Sign 2 (198).jpeg,train,2,28,400,400,accepted
data\isl_alphabet_digits\train\2\Sign 2 (399).jpeg,train,2,28,400,400,accepted
data\isl_alphabet_digits\train\2\Output Image -202.jpg,train,2,28,400,400,accepted
data\isl_alphabet_digits\train\2\Sign 2 (302).jpeg,train,2,28,400,400,accepted
data\isl_alphabet_digits\train\2\Sign 2 (259).jpeg,train,2,28,400,400,accepted
data\isl_alphabet_digits\train\2\Sign 2 (135).jpeg,train,2,28,400,400,accepted
data\isl_alphabet_digits\train\2\Output Image -317.jpg,train,2,28,400,400,accepted
data\isl_alphabet_digits\train\2\Sign 2 (118).jpeg,train,2,28,400,400,accepted
data\isl_alphabet_digits\train\2\Sign 2 (232).jpeg,train,2,28,400,400,accepted
data\isl_alphabet_digits\train\2\Output Image -3.jpg,train,2,28,400,400,accepted
data\isl_alphabet_digits\train\2\Output Image -282.jpg,train,2,28,400,400,accepted
data\isl_alphabet_digits\train\2\Sign 2 (281).jpeg,train,2,28,400,400,accepted
data\isl_alphabet_digits\train\2\Sign 2 (448).jpeg,train,2,28,400,400,accepted
data\isl_alphabet_digits\train\2\Sign 2 (35).jpeg,train,2,28,400,400,accepted
data\isl_alphabet_digits\train\2\Output Image -392.jpg,train,2,28,400,400,accepted
data\isl_alphabet_digits\train\2\Sign 2 (155).jpeg,train,2,28,400,400,accepted
data\isl_alphabet_digits\train\2\Sign 2 (401).jpeg,train,2,28,400,400,accepted
data\isl_alphabet_digits\train\2\Output Image -27.jpg,train,2,28,400,400,accepted
data\isl_alphabet_digits\train\2\Sign 2 (357).jpeg,train,2,28,400,400,accepted
data\isl_alphabet_digits\train\2\Output Image -234.jpg,train,2,28,400,400,accepted
data\isl_alphabet_digits\train\2\Output Image -130.jpg,train,2,28,400,400,accepted
data\isl_alphabet_digits\train\2\Sign 2 (245).jpeg,train,2,28,400,400,accepted
data\isl_alphabet_digits\train\2\Sign 2 (484).jpeg,train,2,28,400,400,accepted
data\isl_alphabet_digits\train\2\Sign 2 (480).jpeg,train,2,28,400,400,accepted
data\isl_alphabet_digits\train\2\Output Image -81.jpg,train,2,28,400,400,accepted
data\isl_alphabet_digits\train\2\Output Image -500.jpg,train,2,28,400,400,accepted
data\isl_alphabet_digits\train\2\Sign 2 (202).jpeg,train,2,28,400,400,accepted
data\isl_alphabet_digits\train\2\Sign 2 (236).jpeg,train,2,28,400,400,accepted
data\isl_alphabet_digits\train\2\Output Image -245.jpg,train,2,28,400,400,accepted
data\isl_alphabet_digits\train\2\Output Image -382.jpg,train,2,28,400,400,accepted
data\isl_alphabet_digits\train\2\Sign 2 (212).jpeg,train,2,28,400,400,accepted
data\isl_alphabet_digits\train\2\Sign 2 (188).jpeg,train,2,28,400,400,accepted
data\isl_alphabet_digits\train\2\Output Image -14.jpg,train,2,28,400,400,accepted
data\isl_alphabet_digits\train\2\Sign 2 (73).jpeg,train,2,28,400,400,accepted
data\isl_alphabet_digits\train\2\Sign 2 (462).jpeg,train,2,28,400,400,accepted
data\isl_alphabet_digits\train\2\Sign 2 (396).jpeg,train,2,28,400,400,accepted
data\isl_alphabet_digits\train\2\Output Image -87.jpg,train,2,28,400,400,accepted
data\isl_alphabet_digits\train\2\Sign 2 (262).jpeg,train,2,28,400,400,accepted
data\isl_alphabet_digits\train\2\Output Image -88.jpg,train,2,28,400,400,accepted
data\isl_alphabet_digits\train\2\Output Image -175.jpg,train,2,28,400,400,accepted
data\isl_alphabet_digits\train\2\Output Image -80.jpg,train,2,28,400,400,accepted
data\isl_alphabet_digits\train\2\Sign 2 (310).jpeg,train,2,28,400,400,accepted
data\isl_alphabet_digits\train\2\Output Image -218.jpg,train,2,28,400,400,accepted
data\isl_alphabet_digits\train\2\Output Image -328.jpg,train,2,28,400,400,accepted
data\isl_alphabet_digits\train\2\Sign 2 (272).jpeg,train,2,28,400,400,accepted
data\isl_alphabet_digits\train\2\Sign 2 (341).jpeg,train,2,28,400,400,accepted
data\isl_alphabet_digits\train\2\Output Image -433.jpg,train,2,28,400,400,accepted
data\isl_alphabet_digits\train\2\Output Image -340.jpg,train,2,28,400,400,accepted
data\isl_alphabet_digits\train\2\Sign 2 (249).jpeg,train,2,28,400,400,accepted
data\isl_alphabet_digits\train\2\Sign 2 (87).jpeg,train,2,28,400,400,accepted
data\isl_alphabet_digits\train\2\Output Image -430.jpg,train,2,28,400,400,accepted
data\isl_alphabet_digits\train\2\Output Image -300.jpg,train,2,28,400,400,accepted
data\isl_alphabet_digits\train\2\Output Image -154.jpg,train,2,28,400,400,accepted
data\isl_alphabet_digits\train\2\Output Image -50.jpg,train,2,28,400,400,accepted
data\isl_alphabet_digits\train\2\Output Image -166.jpg,train,2,28,400,400,accepted
data\isl_alphabet_digits\train\2\Output Image -283.jpg,train,2,28,400,400,accepted
data\isl_alphabet_digits\train\2\Sign 2 (495).jpeg,train,2,28,400,400,accepted
data\isl_alphabet_digits\train\2\Output Image -272.jpg,train,2,28,400,400,accepted
data\isl_alphabet_digits\train\2\Sign 2 (289).jpeg,train,2,28,400,400,accepted
data\isl_alphabet_digits\train\2\Sign 2 (193).jpeg,train,2,28,400,400,accepted
data\isl_alphabet_digits\train\2\Output Image -146.jpg,train,2,28,400,400,accepted
data\isl_alphabet_digits\train\2\Sign 2 (29).jpeg,train,2,28,400,400,accepted
data\isl_alphabet_digits\train\2\Sign 2 (169).jpeg,train,2,28,400,400,accepted
data\isl_alphabet_digits\train\2\Sign 2 (292).jpeg,train,2,28,400,400,accepted
data\isl_alphabet_digits\train\2\Sign 2 (243).jpeg,train,2,28,400,400,accepted
data\isl_alphabet_digits\train\2\Sign 2 (301).jpeg,train,2,28,400,400,accepted
data\isl_alphabet_digits\train\2\Sign 2 (107).jpeg,train,2,28,400,400,accepted
data\isl_alphabet_digits\train\2\Sign 2 (187).jpeg,train,2,28,400,400,accepted
data\isl_alphabet_digits\train\2\Sign 2 (472).jpeg,train,2,28,400,400,accepted
data\isl_alphabet_digits\train\2\Sign 2 (421).jpeg,train,2,28,400,400,accepted
data\isl_alphabet_digits\train\2\Output Image -460.jpg,train,2,28,400,400,accepted
data\isl_alphabet_digits\train\2\Output Image -39.jpg,train,2,28,400,400,accepted
data\isl_alphabet_digits\train\2\Output Image -230.jpg,train,2,28,400,400,accepted
data\isl_alphabet_digits\train\2\Sign 2 (74).jpeg,train,2,28,400,400,accepted
data\isl_alphabet_digits\train\2\Output Image -277.jpg,train,2,28,400,400,accepted
data\isl_alphabet_digits\train\2\Output Image -5.jpg,train,2,28,400,400,accepted
data\isl_alphabet_digits\train\2\Output Image -495.jpg,train,2,28,400,400,accepted
data\isl_alphabet_digits\train\2\Output Image -258.jpg,train,2,28,400,400,accepted
data\isl_alphabet_digits\train\2\Sign 2 (469).jpeg,train,2,28,400,400,accepted
data\isl_alphabet_digits\train\2\Output Image -383.jpg,train,2,28,400,400,accepted
data\isl_alphabet_digits\train\2\Output Image -406.jpg,train,2,28,400,400,accepted
data\isl_alphabet_digits\train\2\Sign 2 (32).jpeg,train,2,28,400,400,accepted
data\isl_alphabet_digits\train\2\Sign 2 (470).jpeg,train,2,28,400,400,accepted
data\isl_alphabet_digits\train\2\Sign 2 (89).jpeg,train,2,28,400,400,accepted
data\isl_alphabet_digits\train\2\Output Image -225.jpg,train,2,28,400,400,accepted
data\isl_alphabet_digits\train\2\Output Image -408.jpg,train,2,28,400,400,accepted
data\isl_alphabet_digits\train\2\Output Image -438.jpg,train,2,28,400,400,accepted
data\isl_alphabet_digits\train\2\Output Image -163.jpg,train,2,28,400,400,accepted
data\isl_alphabet_digits\train\2\Sign 2 (457).jpeg,train,2,28,400,400,accepted
data\isl_alphabet_digits\train\2\Sign 2 (46).jpeg,train,2,28,400,400,accepted
data\isl_alphabet_digits\train\2\Output Image -195.jpg,train,2,28,400,400,accepted
data\isl_alphabet_digits\train\2\Output Image -164.jpg,train,2,28,400,400,accepted
data\isl_alphabet_digits\train\2\Sign 2 (51).jpeg,train,2,28,400,400,accepted
data\isl_alphabet_digits\train\2\Output Image -12.jpg,train,2,28,400,400,accepted
data\isl_alphabet_digits\train\2\Sign 2 (110).jpeg,train,2,28,400,400,accepted
data\isl_alphabet_digits\train\2\Sign 2 (39).jpeg,train,2,28,400,400,accepted
data\isl_alphabet_digits\train\2\Output Image -203.jpg,train,2,28,400,400,accepted
data\isl_alphabet_digits\train\2\Sign 2 (433).jpeg,train,2,28,400,400,accepted
data\isl_alphabet_digits\train\2\Output Image -215.jpg,train,2,28,400,400,accepted
data\isl_alphabet_digits\train\2\Output Image -410.jpg,train,2,28,400,400,accepted
data\isl_alphabet_digits\train\2\Output Image -457.jpg,train,2,28,400,400,accepted
data\isl_alphabet_digits\train\2\Sign 2 (291).jpeg,train,2,28,400,400,accepted
data\isl_alphabet_digits\train\2\Output Image -197.jpg,train,2,28,400,400,accepted
data\isl_alphabet_digits\train\2\Output Image -227.jpg,train,2,28,400,400,accepted
data\isl_alphabet_digits\train\2\Sign 2 (251).jpeg,train,2,28,400,400,accepted
data\isl_alphabet_digits\train\2\Sign 2 (269).jpeg,train,2,28,400,400,accepted
data\isl_alphabet_digits\train\2\Sign 2 (106).jpeg,train,2,28,400,400,accepted
data\isl_alphabet_digits\train\2\Sign 2 (475).jpeg,train,2,28,400,400,accepted
data\isl_alphabet_digits\train\2\Output Image -437.jpg,train,2,28,400,400,accepted
data\isl_alphabet_digits\train\2\Sign 2 (49).jpeg,train,2,28,400,400,accepted
data\isl_alphabet_digits\train\2\Output Image -26.jpg,train,2,28,400,400,accepted
data\isl_alphabet_digits\train\2\Sign 2 (425).jpeg,train,2,28,400,400,accepted
data\isl_alphabet_digits\train\2\Output Image -224.jpg,train,2,28,400,400,accepted
data\isl_alphabet_digits\train\2\Sign 2 (344).jpeg,train,2,28,400,400,accepted
data\isl_alphabet_digits\train\2\Output Image -253.jpg,train,2,28,400,400,accepted
data\isl_alphabet_digits\train\2\Output Image -48.jpg,train,2,28,400,400,accepted
data\isl_alphabet_digits\train\2\Output Image -349.jpg,train,2,28,400,400,accepted
data\isl_alphabet_digits\train\2\Output Image -177.jpg,train,2,28,400,400,accepted
data\isl_alphabet_digits\train\2\Sign 2 (372).jpeg,train,2,28,400,400,accepted
data\isl_alphabet_digits\train\2\Output Image -445.jpg,train,2,28,400,400,accepted
data\isl_alphabet_digits\train\2\Output Image -106.jpg,train,2,28,400,400,accepted
data\isl_alphabet_digits\train\2\Sign 2 (44).jpeg,train,2,28,400,400,accepted
data\isl_alphabet_digits\train\2\Output Image -120.jpg,train,2,28,400,400,accepted
data\isl_alphabet_digits\train\2\Sign 2 (7).jpeg,train,2,28,400,400,accepted
data\isl_alphabet_digits\train\2\Output Image -170.jpg,train,2,28,400,400,accepted
data\isl_alphabet_digits\train\2\Output Image -142.jpg,train,2,28,400,400,accepted
data\isl_alphabet_digits\train\2\Output Image -418.jpg,train,2,28,400,400,accepted
data\isl_alphabet_digits\train\2\Sign 2 (25).jpeg,train,2,28,400,400,accepted
data\isl_alphabet_digits\train\2\Sign 2 (163).jpeg,train,2,28,400,400,accepted
data\isl_alphabet_digits\train\2\Sign 2 (336).jpeg,train,2,28,400,400,accepted
data\isl_alphabet_digits\train\2\Output Image -180.jpg,train,2,28,400,400,accepted
data\isl_alphabet_digits\train\2\Output Image -298.jpg,train,2,28,400,400,accepted
data\isl_alphabet_digits\train\2\Sign 2 (309).jpeg,train,2,28,400,400,accepted
data\isl_alphabet_digits\train\2\Sign 2 (338).jpeg,train,2,28,400,400,accepted
data\isl_alphabet_digits\train\2\Output Image -228.jpg,train,2,28,400,400,accepted
data\isl_alphabet_digits\train\2\Sign 2 (47).jpeg,train,2,28,400,400,accepted
data\isl_alphabet_digits\train\2\Output Image -467.jpg,train,2,28,400,400,accepted
data\isl_alphabet_digits\train\2\Output Image -89.jpg,train,2,28,400,400,accepted
data\isl_alphabet_digits\train\2\Sign 2 (162).jpeg,train,2,28,400,400,accepted
data\isl_alphabet_digits\train\2\Output Image -449.jpg,train,2,28,400,400,accepted
data\isl_alphabet_digits\train\2\Sign 2 (90).jpeg,train,2,28,400,400,accepted
data\isl_alphabet_digits\train\2\Output Image -398.jpg,train,2,28,400,400,accepted
data\isl_alphabet_digits\train\2\Output Image -185.jpg,train,2,28,400,400,accepted
data\isl_alphabet_digits\train\2\Sign 2 (9).jpeg,train,2,28,400,400,accepted
data\isl_alphabet_digits\train\2\Sign 2 (333).jpeg,train,2,28,400,400,accepted
data\isl_alphabet_digits\train\2\Output Image -436.jpg,train,2,28,400,400,accepted
data\isl_alphabet_digits\train\2\Output Image -469.jpg,train,2,28,400,400,accepted
data\isl_alphabet_digits\train\2\Sign 2 (165).jpeg,train,2,28,400,400,accepted
data\isl_alphabet_digits\train\2\Sign 2 (447).jpeg,train,2,28,400,400,accepted
data\isl_alphabet_digits\train\2\Output Image -214.jpg,train,2,28,400,400,accepted
data\isl_alphabet_digits\train\2\Output Image -264.jpg,train,2,28,400,400,accepted
data\isl_alphabet_digits\train\2\Sign 2 (255).jpeg,train,2,28,400,400,accepted
data\isl_alphabet_digits\train\2\Sign 2 (465).jpeg,train,2,28,400,400,accepted
data\isl_alphabet_digits\train\2\Output Image -331.jpg,train,2,28,400,400,accepted
data\isl_alphabet_digits\train\2\Output Image -184.jpg,train,2,28,400,400,accepted
data\isl_alphabet_digits\train\2\Output Image -111.jpg,train,2,28,400,400,accepted
data\isl_alphabet_digits\train\2\Sign 2 (158).jpeg,train,2,28,400,400,accepted
data\isl_alphabet_digits\train\2\Sign 2 (153).jpeg,train,2,28,400,400,accepted
data\isl_alphabet_digits\train\2\Sign 2 (380).jpeg,train,2,28,400,400,accepted
data\isl_alphabet_digits\train\2\Output Image -238.jpg,train,2,28,400,400,accepted
data\isl_alphabet_digits\train\2\Sign 2 (387).jpeg,train,2,28,400,400,accepted
data\isl_alphabet_digits\train\2\Sign 2 (48).jpeg,train,2,28,400,400,accepted
data\isl_alphabet_digits\train\2\Sign 2 (228).jpeg,train,2,28,400,400,accepted
data\isl_alphabet_digits\train\2\Output Image -182.jpg,train,2,28,400,400,accepted
data\isl_alphabet_digits\train\2\Output Image -55.jpg,train,2,28,400,400,accepted
data\isl_alphabet_digits\train\2\Output Image -19.jpg,train,2,28,400,400,accepted
data\isl_alphabet_digits\train\2\Sign 2 (331).jpeg,train,2,28,400,400,accepted
data\isl_alphabet_digits\train\2\Sign 2 (277).jpeg,train,2,28,400,400,accepted
data\isl_alphabet_digits\train\2\Output Image -348.jpg,train,2,28,400,400,accepted
data\isl_alphabet_digits\train\2\Output Image -149.jpg,train,2,28,400,400,accepted
data\isl_alphabet_digits\train\2\Sign 2 (354).jpeg,train,2,28,400,400,accepted
data\isl_alphabet_digits\train\2\Sign 2 (266).jpeg,train,2,28,400,400,accepted
data\isl_alphabet_digits\train\2\Output Image -133.jpg,train,2,28,400,400,accepted
data\isl_alphabet_digits\train\2\Sign 2 (358).jpeg,train,2,28,400,400,accepted
data\isl_alphabet_digits\train\2\Output Image -497.jpg,train,2,28,400,400,accepted
data\isl_alphabet_digits\train\2\Output Image -226.jpg,train,2,28,400,400,accepted
data\isl_alphabet_digits\train\2\Output Image -23.jpg,train,2,28,400,400,accepted
data\isl_alphabet_digits\train\2\Output Image -119.jpg,train,2,28,400,400,accepted
data\isl_alphabet_digits\train\2\Sign 2 (94).jpeg,train,2,28,400,400,accepted
data\isl_alphabet_digits\train\2\Output Image -358.jpg,train,2,28,400,400,accepted
data\isl_alphabet_digits\train\2\Output Image -68.jpg,train,2,28,400,400,accepted
data\isl_alphabet_digits\train\2\Sign 2 (268).jpeg,train,2,28,400,400,accepted
data\isl_alphabet_digits\train\2\Output Image -294.jpg,train,2,28,400,400,accepted
data\isl_alphabet_digits\train\2\Sign 2 (220).jpeg,train,2,28,400,400,accepted
data\isl_alphabet_digits\train\2\Output Image -330.jpg,train,2,28,400,400,accepted
data\isl_alphabet_digits\train\2\Output Image -284.jpg,train,2,28,400,400,accepted
data\isl_alphabet_digits\train\2\Output Image -113.jpg,train,2,28,400,400,accepted
data\isl_alphabet_digits\train\2\Sign 2 (149).jpeg,train,2,28,400,400,accepted
data\isl_alphabet_digits\train\2\Output Image -440.jpg,train,2,28,400,400,accepted
data\isl_alphabet_digits\train\2\Sign 2 (102).jpeg,train,2,28,400,400,accepted
data\isl_alphabet_digits\train\2\Sign 2 (346).jpeg,train,2,28,400,400,accepted
data\isl_alphabet_digits\train\2\Output Image -29.jpg,train,2,28,400,400,accepted
data\isl_alphabet_digits\train\2\Sign 2 (315).jpeg,train,2,28,400,400,accepted
data\isl_alphabet_digits\train\2\Sign 2 (409).jpeg,train,2,28,400,400,accepted
data\isl_alphabet_digits\train\2\Sign 2 (40).jpeg,train,2,28,400,400,accepted
data\isl_alphabet_digits\train\2\Sign 2 (489).jpeg,train,2,28,400,400,accepted
data\isl_alphabet_digits\train\2\Output Image -72.jpg,train,2,28,400,400,accepted
data\isl_alphabet_digits\train\2\Sign 2 (374).jpeg,train,2,28,400,400,accepted
data\isl_alphabet_digits\train\2\Output Image -135.jpg,train,2,28,400,400,accepted
data\isl_alphabet_digits\train\2\Output Image -7.jpg,train,2,28,400,400,accepted
data\isl_alphabet_digits\train\2\Output Image -405.jpg,train,2,28,400,400,accepted
data\isl_alphabet_digits\train\2\Sign 2 (143).jpeg,train,2,28,400,400,accepted
data\isl_alphabet_digits\train\2\Output Image -302.jpg,train,2,28,400,400,accepted
data\isl_alphabet_digits\train\2\Output Image -447.jpg,train,2,28,400,400,accepted
data\isl_alphabet_digits\train\2\Output Image -385.jpg,train,2,28,400,400,accepted
data\isl_alphabet_digits\train\2\Output Image -360.jpg,train,2,28,400,400,accepted
data\isl_alphabet_digits\train\2\Output Image -115.jpg,train,2,28,400,400,accepted
data\isl_alphabet_digits\train\2\Sign 2 (461).jpeg,train,2,28,400,400,accepted
data\isl_alphabet_digits\train\2\Sign 2 (182).jpeg,train,2,28,400,400,accepted
data\isl_alphabet_digits\train\2\Sign 2 (12).jpeg,train,2,28,400,400,accepted
data\isl_alphabet_digits\train\2\Output Image -165.jpg,train,2,28,400,400,accepted
data\isl_alphabet_digits\train\2\Sign 2 (383).jpeg,train,2,28,400,400,accepted
data\isl_alphabet_digits\train\2\Output Image -123.jpg,train,2,28,400,400,accepted
data\isl_alphabet_digits\train\2\Output Image -221.jpg,train,2,28,400,400,accepted
data\isl_alphabet_digits\train\2\Output Image -109.jpg,train,2,28,400,400,accepted
data\isl_alphabet_digits\train\2\Output Image -188.jpg,train,2,28,400,400,accepted
data\isl_alphabet_digits\train\2\Sign 2 (274).jpeg,train,2,28,400,400,accepted
data\isl_alphabet_digits\train\2\Output Image -148.jpg,train,2,28,400,400,accepted
data\isl_alphabet_digits\train\2\Output Image -99.jpg,train,2,28,400,400,accepted
data\isl_alphabet_digits\train\2\Output Image -69.jpg,train,2,28,400,400,accepted
data\isl_alphabet_digits\train\2\Sign 2 (328).jpeg,train,2,28,400,400,accepted
data\isl_alphabet_digits\train\2\Output Image -65.jpg,train,2,28,400,400,accepted
data\isl_alphabet_digits\train\2\Sign 2 (453).jpeg,train,2,28,400,400,accepted
data\isl_alphabet_digits\train\2\Output Image -296.jpg,train,2,28,400,400,accepted
data\isl_alphabet_digits\train\2\Sign 2 (145).jpeg,train,2,28,400,400,accepted
data\isl_alphabet_digits\train\2\Sign 2 (189).jpeg,train,2,28,400,400,accepted
data\isl_alphabet_digits\train\2\Sign 2 (229).jpeg,train,2,28,400,400,accepted
data\isl_alphabet_digits\train\2\Sign 2 (327).jpeg,train,2,28,400,400,accepted
data\isl_alphabet_digits\train\2\Output Image -206.jpg,train,2,28,400,400,accepted
data\isl_alphabet_digits\train\2\Output Image -326.jpg,train,2,28,400,400,accepted
data\isl_alphabet_digits\train\2\Output Image -248.jpg,train,2,28,400,400,accepted
data\isl_alphabet_digits\train\2\Output Image -380.jpg,train,2,28,400,400,accepted
data\isl_alphabet_digits\train\2\Output Image -419.jpg,train,2,28,400,400,accepted
data\isl_alphabet_digits\train\2\Output Image -147.jpg,train,2,28,400,400,accepted
data\isl_alphabet_digits\train\2\Sign 2 (197).jpeg,train,2,28,400,400,accepted
data\isl_alphabet_digits\train\2\Output Image -352.jpg,train,2,28,400,400,accepted
data\isl_alphabet_digits\train\2\Output Image -274.jpg,train,2,28,400,400,accepted
data\isl_alphabet_digits\train\2\Sign 2 (219).jpeg,train,2,28,400,400,accepted
data\isl_alphabet_digits\train\2\Sign 2 (467).jpeg,train,2,28,400,400,accepted
data\isl_alphabet_digits\train\2\Output Image -386.jpg,train,2,28,400,400,accepted
data\isl_alphabet_digits\train\2\Output Image -47.jpg,train,2,28,400,400,accepted
data\isl_alphabet_digits\train\2\Sign 2 (388).jpeg,train,2,28,400,400,accepted
data\isl_alphabet_digits\train\2\Output Image -417.jpg,train,2,28,400,400,accepted
data\isl_alphabet_digits\train\2\Sign 2 (412).jpeg,train,2,28,400,400,accepted
data\isl_alphabet_digits\train\2\Sign 2 (287).jpeg,train,2,28,400,400,accepted
data\isl_alphabet_digits\train\2\Output Image -37.jpg,train,2,28,400,400,accepted
data\isl_alphabet_digits\train\2\Sign 2 (96).jpeg,train,2,28,400,400,accepted
data\isl_alphabet_digits\train\2\Sign 2 (482).jpeg,train,2,28,400,400,accepted
data\isl_alphabet_digits\train\2\Output Image -334.jpg,train,2,28,400,400,accepted
data\isl_alphabet_digits\train\2\Output Image -394.jpg,train,2,28,400,400,accepted
data\isl_alphabet_digits\train\2\Sign 2 (154).jpeg,train,2,28,400,400,accepted
data\isl_alphabet_digits\train\2\Sign 2 (166).jpeg,train,2,28,400,400,accepted
data\isl_alphabet_digits\train\2\Sign 2 (68).jpeg,train,2,28,400,400,accepted
data\isl_alphabet_digits\train\2\Sign 2 (373).jpeg,train,2,28,400,400,accepted
data\isl_alphabet_digits\train\2\Output Image -295.jpg,train,2,28,400,400,accepted
data\isl_alphabet_digits\train\2\Sign 2 (324).jpeg,train,2,28,400,400,accepted
data\isl_alphabet_digits\train\2\Sign 2 (95).jpeg,train,2,28,400,400,accepted
data\isl_alphabet_digits\train\2\Sign 2 (378).jpeg,train,2,28,400,400,accepted
data\isl_alphabet_digits\train\2\Sign 2 (366).jpeg,train,2,28,400,400,accepted
data\isl_alphabet_digits\train\2\Output Image -319.jpg,train,2,28,400,400,accepted
data\isl_alphabet_digits\train\2\Output Image -329.jpg,train,2,28,400,400,accepted
data\isl_alphabet_digits\train\2\Output Image -290.jpg,train,2,28,400,400,accepted
data\isl_alphabet_digits\train\2\Output Image -41.jpg,train,2,28,400,400,accepted
data\isl_alphabet_digits\train\2\Sign 2 (293).jpeg,train,2,28,400,400,accepted
data\isl_alphabet_digits\train\2\Sign 2 (343).jpeg,train,2,28,400,400,accepted
data\isl_alphabet_digits\train\2\Sign 2 (140).jpeg,train,2,28,400,400,accepted
data\isl_alphabet_digits\train\2\Output Image -473.jpg,train,2,28,400,400,accepted
data\isl_alphabet_digits\train\2\Sign 2 (125).jpeg,train,2,28,400,400,accepted
data\isl_alphabet_digits\train\2\Output Image -355.jpg,train,2,28,400,400,accepted
data\isl_alphabet_digits\train\2\Output Image -17.jpg,train,2,28,400,400,accepted
data\isl_alphabet_digits\train\2\Sign 2 (41).jpeg,train,2,28,400,400,accepted
data\isl_alphabet_digits\train\2\Sign 2 (257).jpeg,train,2,28,400,400,accepted
data\isl_alphabet_digits\train\2\Output Image -292.jpg,train,2,28,400,400,accepted
data\isl_alphabet_digits\train\2\Sign 2 (254).jpeg,train,2,28,400,400,accepted
data\isl_alphabet_digits\train\2\Output Image -198.jpg,train,2,28,400,400,accepted
data\isl_alphabet_digits\train\2\Sign 2 (185).jpeg,train,2,28,400,400,accepted
data\isl_alphabet_digits\train\2\Output Image -84.jpg,train,2,28,400,400,accepted
data\isl_alphabet_digits\train\2\Sign 2 (379).jpeg,train,2,28,400,400,accepted
data\isl_alphabet_digits\train\2\Output Image -209.jpg,train,2,28,400,400,accepted
data\isl_alphabet_digits\train\2\Output Image -59.jpg,train,2,28,400,400,accepted
data\isl_alphabet_digits\train\2\Output Image -201.jpg,train,2,28,400,400,accepted
data\isl_alphabet_digits\train\2\Sign 2 (280).jpeg,train,2,28,400,400,accepted
data\isl_alphabet_digits\train\2\Output Image -58.jpg,train,2,28,400,400,accepted
data\isl_alphabet_digits\train\2\Output Image -322.jpg,train,2,28,400,400,accepted
data\isl_alphabet_digits\train\2\Sign 2 (360).jpeg,train,2,28,400,400,accepted
data\isl_alphabet_digits\train\2\Output Image -379.jpg,train,2,28,400,400,accepted
data\isl_alphabet_digits\train\2\Sign 2 (418).jpeg,train,2,28,400,400,accepted
data\isl_alphabet_digits\train\2\Sign 2 (306).jpeg,train,2,28,400,400,accepted
data\isl_alphabet_digits\train\2\Sign 2 (397).jpeg,train,2,28,400,400,accepted
data\isl_alphabet_digits\train\2\Output Image -64.jpg,train,2,28,400,400,accepted
data\isl_alphabet_digits\train\2\Sign 2 (250).jpeg,train,2,28,400,400,accepted
data\isl_alphabet_digits\train\2\Sign 2 (38).jpeg,train,2,28,400,400,accepted
data\isl_alphabet_digits\train\2\Sign 2 (24).jpeg,train,2,28,400,400,accepted
data\isl_alphabet_digits\train\2\Output Image -313.jpg,train,2,28,400,400,accepted
data\isl_alphabet_digits\train\2\Output Image -390.jpg,train,2,28,400,400,accepted
data\isl_alphabet_digits\train\2\Sign 2 (15).jpeg,train,2,28,400,400,accepted
data\isl_alphabet_digits\train\2\Output Image -477.jpg,train,2,28,400,400,accepted
data\isl_alphabet_digits\train\2\Sign 2 (5).jpeg,train,2,28,400,400,accepted
data\isl_alphabet_digits\train\2\Output Image -22.jpg,train,2,28,400,400,accepted
data\isl_alphabet_digits\train\2\Output Image -364.jpg,train,2,28,400,400,accepted
data\isl_alphabet_digits\train\2\Output Image -191.jpg,train,2,28,400,400,accepted
data\isl_alphabet_digits\train\2\Output Image -220.jpg,train,2,28,400,400,accepted
data\isl_alphabet_digits\train\2\Sign 2 (217).jpeg,train,2,28,400,400,accepted
data\isl_alphabet_digits\train\2\Sign 2 (416).jpeg,train,2,28,400,400,accepted
data\isl_alphabet_digits\train\2\Output Image -126.jpg,train,2,28,400,400,accepted
data\isl_alphabet_digits\train\2\Sign 2 (8).jpeg,train,2,28,400,400,accepted
data\isl_alphabet_digits\train\2\Output Image -33.jpg,train,2,28,400,400,accepted
data\isl_alphabet_digits\train\2\Output Image -289.jpg,train,2,28,400,400,accepted
data\isl_alphabet_digits\train\2\Sign 2 (391).jpeg,train,2,28,400,400,accepted
data\isl_alphabet_digits\train\2\Sign 2 (214).jpeg,train,2,28,400,400,accepted
data\isl_alphabet_digits\train\2\Output Image -346.jpg,train,2,28,400,400,accepted
data\isl_alphabet_digits\train\2\Output Image -446.jpg,train,2,28,400,400,accepted
data\isl_alphabet_digits\train\2\Sign 2 (477).jpeg,train,2,28,400,400,accepted
data\isl_alphabet_digits\train\2\Output Image -96.jpg,train,2,28,400,400,accepted
data\isl_alphabet_digits\train\2\Output Image -484.jpg,train,2,28,400,400,accepted
data\isl_alphabet_digits\train\2\Output Image -366.jpg,train,2,28,400,400,accepted
data\isl_alphabet_digits\train\2\Output Image -267.jpg,train,2,28,400,400,accepted
data\isl_alphabet_digits\train\2\Output Image -82.jpg,train,2,28,400,400,accepted
data\isl_alphabet_digits\train\2\Sign 2 (16).jpeg,train,2,28,400,400,accepted
data\isl_alphabet_digits\train\2\Sign 2 (179).jpeg,train,2,28,400,400,accepted
data\isl_alphabet_digits\train\2\Output Image -251.jpg,train,2,28,400,400,accepted
data\isl_alphabet_digits\train\2\Sign 2 (218).jpeg,train,2,28,400,400,accepted
data\isl_alphabet_digits\train\2\Output Image -158.jpg,train,2,28,400,400,accepted
data\isl_alphabet_digits\train\2\Sign 2 (80).jpeg,train,2,28,400,400,accepted
data\isl_alphabet_digits\train\2\Sign 2 (439).jpeg,train,2,28,400,400,accepted
data\isl_alphabet_digits\train\2\Output Image -178.jpg,train,2,28,400,400,accepted
data\isl_alphabet_digits\train\2\Output Image -399.jpg,train,2,28,400,400,accepted
data\isl_alphabet_digits\train\2\Output Image -404.jpg,train,2,28,400,400,accepted
data\isl_alphabet_digits\train\2\Output Image -261.jpg,train,2,28,400,400,accepted
data\isl_alphabet_digits\train\2\Output Image -104.jpg,train,2,28,400,400,accepted
data\isl_alphabet_digits\train\2\Sign 2 (317).jpeg,train,2,28,400,400,accepted
data\isl_alphabet_digits\train\2\Output Image -54.jpg,train,2,28,400,400,accepted
data\isl_alphabet_digits\train\2\Sign 2 (284).jpeg,train,2,28,400,400,accepted
data\isl_alphabet_digits\train\2\Output Image -435.jpg,train,2,28,400,400,accepted
data\isl_alphabet_digits\train\2\Output Image -471.jpg,train,2,28,400,400,accepted
data\isl_alphabet_digits\train\2\Output Image -118.jpg,train,2,28,400,400,accepted
data\isl_alphabet_digits\train\2\Output Image -280.jpg,train,2,28,400,400,accepted
data\isl_alphabet_digits\train\2\Sign 2 (26).jpeg,train,2,28,400,400,accepted
data\isl_alphabet_digits\train\2\Sign 2 (244).jpeg,train,2,28,400,400,accepted
data\isl_alphabet_digits\train\2\Sign 2 (376).jpeg,train,2,28,400,400,accepted
data\isl_alphabet_digits\train\2\Sign 2 (367).jpeg,train,2,28,400,400,accepted
data\isl_alphabet_digits\train\2\Output Image -15.jpg,train,2,28,400,400,accepted
data\isl_alphabet_digits\train\2\Output Image -157.jpg,train,2,28,400,400,accepted
data\isl_alphabet_digits\train\2\Sign 2 (159).jpeg,train,2,28,400,400,accepted
data\isl_alphabet_digits\train\2\Sign 2 (419).jpeg,train,2,28,400,400,accepted
data\isl_alphabet_digits\train\2\Sign 2 (394).jpeg,train,2,28,400,400,accepted
data\isl_alphabet_digits\train\2\Sign 2 (18).jpeg,train,2,28,400,400,accepted
data\isl_alphabet_digits\train\2\Sign 2 (6).jpeg,train,2,28,400,400,accepted
data\isl_alphabet_digits\train\2\Sign 2 (258).jpeg,train,2,28,400,400,accepted
data\isl_alphabet_digits\train\2\Sign 2 (66).jpeg,train,2,28,400,400,accepted
data\isl_alphabet_digits\train\2\Sign 2 (167).jpeg,train,2,28,400,400,accepted
data\isl_alphabet_digits\train\2\Output Image -363.jpg,train,2,28,400,400,accepted
data\isl_alphabet_digits\train\2\Sign 2 (211).jpeg,train,2,28,400,400,accepted
data\isl_alphabet_digits\train\2\Output Image -356.jpg,train,2,28,400,400,accepted
data\isl_alphabet_digits\train\2\Output Image -101.jpg,train,2,28,400,400,accepted
data\isl_alphabet_digits\train\2\Output Image -378.jpg,train,2,28,400,400,accepted
data\isl_alphabet_digits\train\2\Output Image -213.jpg,train,2,28,400,400,accepted
data\isl_alphabet_digits\train\2\Sign 2 (297).jpeg,train,2,28,400,400,accepted
data\isl_alphabet_digits\train\2\Output Image -310.jpg,train,2,28,400,400,accepted
data\isl_alphabet_digits\train\2\Sign 2 (339).jpeg,train,2,28,400,400,accepted
data\isl_alphabet_digits\train\2\Sign 2 (340).jpeg,train,2,28,400,400,accepted
data\isl_alphabet_digits\train\2\Sign 2 (207).jpeg,train,2,28,400,400,accepted
data\isl_alphabet_digits\train\2\Output Image -168.jpg,train,2,28,400,400,accepted
data\isl_alphabet_digits\train\2\Output Image -393.jpg,train,2,28,400,400,accepted
data\isl_alphabet_digits\train\2\Output Image -127.jpg,train,2,28,400,400,accepted
data\isl_alphabet_digits\train\2\Output Image -425.jpg,train,2,28,400,400,accepted
data\isl_alphabet_digits\train\2\Sign 2 (270).jpeg,train,2,28,400,400,accepted
data\isl_alphabet_digits\train\2\Sign 2 (122).jpeg,train,2,28,400,400,accepted
data\isl_alphabet_digits\train\2\Sign 2 (203).jpeg,train,2,28,400,400,accepted
data\isl_alphabet_digits\train\2\Sign 2 (329).jpeg,train,2,28,400,400,accepted
data\isl_alphabet_digits\train\2\Sign 2 (356).jpeg,train,2,28,400,400,accepted
data\isl_alphabet_digits\train\2\Output Image -466.jpg,train,2,28,400,400,accepted
data\isl_alphabet_digits\train\2\Sign 2 (389).jpeg,train,2,28,400,400,accepted
data\isl_alphabet_digits\train\2\Output Image -351.jpg,train,2,28,400,400,accepted
data\isl_alphabet_digits\train\2\Output Image -369.jpg,train,2,28,400,400,accepted
data\isl_alphabet_digits\train\2\Output Image -138.jpg,train,2,28,400,400,accepted
data\isl_alphabet_digits\train\2\Output Image -462.jpg,train,2,28,400,400,accepted
data\isl_alphabet_digits\train\2\Output Image -179.jpg,train,2,28,400,400,accepted
data\isl_alphabet_digits\train\2\Sign 2 (17).jpeg,train,2,28,400,400,accepted
data\isl_alphabet_digits\train\2\Output Image -306.jpg,train,2,28,400,400,accepted
data\isl_alphabet_digits\train\2\Output Image -53.jpg,train,2,28,400,400,accepted
data\isl_alphabet_digits\train\2\Sign 2 (440).jpeg,train,2,28,400,400,accepted
data\isl_alphabet_digits\train\2\Output Image -492.jpg,train,2,28,400,400,accepted
data\isl_alphabet_digits\train\2\Sign 2 (240).jpeg,train,2,28,400,400,accepted
data\isl_alphabet_digits\train\2\Output Image -60.jpg,train,2,28,400,400,accepted
data\isl_alphabet_digits\train\2\Sign 2 (129).jpeg,train,2,28,400,400,accepted
data\isl_alphabet_digits\val\2\Output Image -172.jpg,val,2,28,400,400,accepted
data\isl_alphabet_digits\val\2\Sign 2 (452).jpeg,val,2,28,400,400,accepted
data\isl_alphabet_digits\val\2\Sign 2 (432).jpeg,val,2,28,400,400,accepted
data\isl_alphabet_digits\val\2\Sign 2 (437).jpeg,val,2,28,400,400,accepted
data\isl_alphabet_digits\val\2\Output Image -244.jpg,val,2,28,400,400,accepted
data\isl_alphabet_digits\val\2\Output Image -475.jpg,val,2,28,400,400,accepted
data\isl_alphabet_digits\val\2\Sign 2 (160).jpeg,val,2,28,400,400,accepted
data\isl_alphabet_digits\val\2\Sign 2 (215).jpeg,val,2,28,400,400,accepted
data\isl_alphabet_digits\val\2\Sign 2 (130).jpeg,val,2,28,400,400,accepted
data\isl_alphabet_digits\val\2\Output Image -98.jpg,val,2,28,400,400,accepted
data\isl_alphabet_digits\val\2\Output Image -75.jpg,val,2,28,400,400,accepted
data\isl_alphabet_digits\val\2\Output Image -21.jpg,val,2,28,400,400,accepted
data\isl_alphabet_digits\val\2\Sign 2 (230).jpeg,val,2,28,400,400,accepted
data\isl_alphabet_digits\val\2\Sign 2 (127).jpeg,val,2,28,400,400,accepted
data\isl_alphabet_digits\val\2\Sign 2 (246).jpeg,val,2,28,400,400,accepted
data\isl_alphabet_digits\val\2\Output Image -276.jpg,val,2,28,400,400,accepted
data\isl_alphabet_digits\val\2\Output Image -490.jpg,val,2,28,400,400,accepted
data\isl_alphabet_digits\val\2\Sign 2 (434).jpeg,val,2,28,400,400,accepted
data\isl_alphabet_digits\val\2\Sign 2 (473).jpeg,val,2,28,400,400,accepted
data\isl_alphabet_digits\val\2\Output Image -237.jpg,val,2,28,400,400,accepted
data\isl_alphabet_digits\val\2\Output Image -269.jpg,val,2,28,400,400,accepted
data\isl_alphabet_digits\val\2\Sign 2 (168).jpeg,val,2,28,400,400,accepted
data\isl_alphabet_digits\val\2\Sign 2 (151).jpeg,val,2,28,400,400,accepted
data\isl_alphabet_digits\val\2\Output Image -431.jpg,val,2,28,400,400,accepted
data\isl_alphabet_digits\val\2\Sign 2 (352).jpeg,val,2,28,400,400,accepted
data\isl_alphabet_digits\val\2\Sign 2 (500).jpeg,val,2,28,400,400,accepted
data\isl_alphabet_digits\val\2\Output Image -413.jpg,val,2,28,400,400,accepted
data\isl_alphabet_digits\val\2\Output Image -412.jpg,val,2,28,400,400,accepted
data\isl_alphabet_digits\val\2\Sign 2 (138).jpeg,val,2,28,400,400,accepted
data\isl_alphabet_digits\val\2\Sign 2 (61).jpeg,val,2,28,400,400,accepted
data\isl_alphabet_digits\val\2\Sign 2 (422).jpeg,val,2,28,400,400,accepted
data\isl_alphabet_digits\val\2\Output Image -91.jpg,val,2,28,400,400,accepted
data\isl_alphabet_digits\val\2\Output Image -286.jpg,val,2,28,400,400,accepted
data\isl_alphabet_digits\val\2\Sign 2 (252).jpeg,val,2,28,400,400,accepted
data\isl_alphabet_digits\val\2\Sign 2 (493).jpeg,val,2,28,400,400,accepted
data\isl_alphabet_digits\val\2\Output Image -205.jpg,val,2,28,400,400,accepted
data\isl_alphabet_digits\val\2\Sign 2 (60).jpeg,val,2,28,400,400,accepted
data\isl_alphabet_digits\val\2\Sign 2 (381).jpeg,val,2,28,400,400,accepted
data\isl_alphabet_digits\val\2\Sign 2 (371).jpeg,val,2,28,400,400,accepted
data\isl_alphabet_digits\val\2\Output Image -259.jpg,val,2,28,400,400,accepted
data\isl_alphabet_digits\val\2\Sign 2 (400).jpeg,val,2,28,400,400,accepted
data\isl_alphabet_digits\val\2\Output Image -45.jpg,val,2,28,400,400,accepted
data\isl_alphabet_digits\val\2\Output Image -51.jpg,val,2,28,400,400,accepted
data\isl_alphabet_digits\val\2\Sign 2 (395).jpeg,val,2,28,400,400,accepted
data\isl_alphabet_digits\val\2\Output Image -70.jpg,val,2,28,400,400,accepted
data\isl_alphabet_digits\val\2\Output Image -152.jpg,val,2,28,400,400,accepted
data\isl_alphabet_digits\val\2\Sign 2 (265).jpeg,val,2,28,400,400,accepted
data\isl_alphabet_digits\val\2\Output Image -204.jpg,val,2,28,400,400,accepted
data\isl_alphabet_digits\val\2\Sign 2 (497).jpeg,val,2,28,400,400,accepted
data\isl_alphabet_digits\val\2\Sign 2 (171).jpeg,val,2,28,400,400,accepted
data\isl_alphabet_digits\val\2\Sign 2 (491).jpeg,val,2,28,400,400,accepted
data\isl_alphabet_digits\val\2\Output Image -443.jpg,val,2,28,400,400,accepted
data\isl_alphabet_digits\val\2\Sign 2 (175).jpeg,val,2,28,400,400,accepted
data\isl_alphabet_digits\val\2\Sign 2 (345).jpeg,val,2,28,400,400,accepted
data\isl_alphabet_digits\val\2\Output Image -128.jpg,val,2,28,400,400,accepted
data\isl_alphabet_digits\val\2\Output Image -338.jpg,val,2,28,400,400,accepted
data\isl_alphabet_digits\val\2\Output Image -108.jpg,val,2,28,400,400,accepted
data\isl_alphabet_digits\val\2\Output Image -288.jpg,val,2,28,400,400,accepted
data\isl_alphabet_digits\val\2\Output Image -107.jpg,val,2,28,400,400,accepted
data\isl_alphabet_digits\val\2\Output Image -409.jpg,val,2,28,400,400,accepted
data\isl_alphabet_digits\val\2\Sign 2 (411).jpeg,val,2,28,400,400,accepted
data\isl_alphabet_digits\val\2\Output Image -474.jpg,val,2,28,400,400,accepted
data\isl_alphabet_digits\val\2\Sign 2 (55).jpeg,val,2,28,400,400,accepted
data\isl_alphabet_digits\val\2\Output Image -335.jpg,val,2,28,400,400,accepted
data\isl_alphabet_digits\val\2\Sign 2 (468).jpeg,val,2,28,400,400,accepted
data\isl_alphabet_digits\val\2\Output Image -487.jpg,val,2,28,400,400,accepted
data\isl_alphabet_digits\val\2\Output Image -76.jpg,val,2,28,400,400,accepted
data\isl_alphabet_digits\val\2\Output Image -498.jpg,val,2,28,400,400,accepted
data\isl_alphabet_digits\val\2\Output Image -493.jpg,val,2,28,400,400,accepted
data\isl_alphabet_digits\val\2\Sign 2 (404).jpeg,val,2,28,400,400,accepted
data\isl_alphabet_digits\val\2\Output Image -254.jpg,val,2,28,400,400,accepted
data\isl_alphabet_digits\val\2\Output Image -499.jpg,val,2,28,400,400,accepted
data\isl_alphabet_digits\val\2\Output Image -61.jpg,val,2,28,400,400,accepted
data\isl_alphabet_digits\val\2\Sign 2 (362).jpeg,val,2,28,400,400,accepted
data\isl_alphabet_digits\val\2\Sign 2 (275).jpeg,val,2,28,400,400,accepted
data\isl_alphabet_digits\val\2\Output Image -246.jpg,val,2,28,400,400,accepted
data\isl_alphabet_digits\val\2\Output Image -344.jpg,val,2,28,400,400,accepted
data\isl_alphabet_digits\val\2\Output Image -36.jpg,val,2,28,400,400,accepted
data\isl_alphabet_digits\val\2\Output Image -391.jpg,val,2,28,400,400,accepted
data\isl_alphabet_digits\val\2\Sign 2 (86).jpeg,val,2,28,400,400,accepted
data\isl_alphabet_digits\val\2\Output Image -150.jpg,val,2,28,400,400,accepted
data\isl_alphabet_digits\val\2\Sign 2 (466).jpeg,val,2,28,400,400,accepted
data\isl_alphabet_digits\val\2\Output Image -426.jpg,val,2,28,400,400,accepted
data\isl_alphabet_digits\val\2\Sign 2 (385).jpeg,val,2,28,400,400,accepted
data\isl_alphabet_digits\val\2\Sign 2 (390).jpeg,val,2,28,400,400,accepted
data\isl_alphabet_digits\val\2\Sign 2 (137).jpeg,val,2,28,400,400,accepted
data\isl_alphabet_digits\val\2\Output Image -62.jpg,val,2,28,400,400,accepted
data\isl_alphabet_digits\val\2\Output Image -395.jpg,val,2,28,400,400,accepted
data\isl_alphabet_digits\val\2\Sign 2 (285).jpeg,val,2,28,400,400,accepted
data\isl_alphabet_digits\val\2\Sign 2 (37).jpeg,val,2,28,400,400,accepted
data\isl_alphabet_digits\val\2\Sign 2 (132).jpeg,val,2,28,400,400,accepted
data\isl_alphabet_digits\val\2\Output Image -429.jpg,val,2,28,400,400,accepted
data\isl_alphabet_digits\val\2\Output Image -31.jpg,val,2,28,400,400,accepted
data\isl_alphabet_digits\val\2\Output Image -428.jpg,val,2,28,400,400,accepted
data\isl_alphabet_digits\val\2\Sign 2 (223).jpeg,val,2,28,400,400,accepted
data\isl_alphabet_digits\val\2\Sign 2 (267).jpeg,val,2,28,400,400,accepted
data\isl_alphabet_digits\val\2\Output Image -231.jpg,val,2,28,400,400,accepted
data\isl_alphabet_digits\val\2\Sign 2 (91).jpeg,val,2,28,400,400,accepted
data\isl_alphabet_digits\val\2\Output Image -458.jpg,val,2,28,400,400,accepted
data\isl_alphabet_digits\val\2\Sign 2 (78).jpeg,val,2,28,400,400,accepted
data\isl_alphabet_digits\val\2\Output Image -281.jpg,val,2,28,400,400,accepted
data\isl_alphabet_digits\val\2\Output Image -368.jpg,val,2,28,400,400,accepted
data\isl_alphabet_digits\val\2\Sign 2 (260).jpeg,val,2,28,400,400,accepted
data\isl_alphabet_digits\val\2\Output Image -242.jpg,val,2,28,400,400,accepted
data\isl_alphabet_digits\val\2\Sign 2 (410).jpeg,val,2,28,400,400,accepted
data\isl_alphabet_digits\val\2\Output Image -153.jpg,val,2,28,400,400,accepted
data\isl_alphabet_digits\val\2\Sign 2 (423).jpeg,val,2,28,400,400,accepted
data\isl_alphabet_digits\val\2\Sign 2 (14).jpeg,val,2,28,400,400,accepted
data\isl_alphabet_digits\val\2\Sign 2 (221).jpeg,val,2,28,400,400,accepted
data\isl_alphabet_digits\val\2\Sign 2 (405).jpeg,val,2,28,400,400,accepted
data\isl_alphabet_digits\val\2\Output Image -347.jpg,val,2,28,400,400,accepted
data\isl_alphabet_digits\val\2\Output Image -327.jpg,val,2,28,400,400,accepted
data\isl_alphabet_digits\val\2\Output Image -186.jpg,val,2,28,400,400,accepted
data\isl_alphabet_digits\val\2\Output Image -361.jpg,val,2,28,400,400,accepted
data\isl_alphabet_digits\val\2\Sign 2 (195).jpeg,val,2,28,400,400,accepted
data\isl_alphabet_digits\val\2\Output Image -229.jpg,val,2,28,400,400,accepted
data\isl_alphabet_digits\val\2\Output Image -255.jpg,val,2,28,400,400,accepted
data\isl_alphabet_digits\val\2\Output Image -325.jpg,val,2,28,400,400,accepted
data\isl_alphabet_digits\val\2\Output Image -411.jpg,val,2,28,400,400,accepted
data\isl_alphabet_digits\val\2\Sign 2 (417).jpeg,val,2,28,400,400,accepted
data\isl_alphabet_digits\val\2\Output Image -403.jpg,val,2,28,400,400,accepted
data\isl_alphabet_digits\val\2\Output Image -377.jpg,val,2,28,400,400,accepted
data\isl_alphabet_digits\val\2\Sign 2 (428).jpeg,val,2,28,400,400,accepted
data\isl_alphabet_digits\val\2\Output Image -422.jpg,val,2,28,400,400,accepted
data\isl_alphabet_digits\val\2\Output Image -339.jpg,val,2,28,400,400,accepted
data\isl_alphabet_digits\val\2\Sign 2 (332).jpeg,val,2,28,400,400,accepted
data\isl_alphabet_digits\val\2\Output Image -476.jpg,val,2,28,400,400,accepted
data\isl_alphabet_digits\val\2\Sign 2 (456).jpeg,val,2,28,400,400,accepted
data\isl_alphabet_digits\val\2\Output Image -235.jpg,val,2,28,400,400,accepted
data\isl_alphabet_digits\val\2\Output Image -97.jpg,val,2,28,400,400,accepted
data\isl_alphabet_digits\val\2\Sign 2 (83).jpeg,val,2,28,400,400,accepted
data\isl_alphabet_digits\val\2\Sign 2 (459).jpeg,val,2,28,400,400,accepted
data\isl_alphabet_digits\val\2\Sign 2 (117).jpeg,val,2,28,400,400,accepted
data\isl_alphabet_digits\val\2\Output Image -52.jpg,val,2,28,400,400,accepted
data\isl_alphabet_digits\val\2\Output Image -400.jpg,val,2,28,400,400,accepted
data\isl_alphabet_digits\val\2\Output Image -375.jpg,val,2,28,400,400,accepted
data\isl_alphabet_digits\val\2\Output Image -117.jpg,val,2,28,400,400,accepted
data\isl_alphabet_digits\val\2\Output Image -151.jpg,val,2,28,400,400,accepted
data\isl_alphabet_digits\val\2\Output Image -134.jpg,val,2,28,400,400,accepted
data\isl_alphabet_digits\val\2\Sign 2 (161).jpeg,val,2,28,400,400,accepted
data\isl_alphabet_digits\val\2\Sign 2 (431).jpeg,val,2,28,400,400,accepted
data\isl_alphabet_digits\val\2\Output Image -132.jpg,val,2,28,400,400,accepted
data\isl_alphabet_digits\val\2\Sign 2 (178).jpeg,val,2,28,400,400,accepted
data\isl_alphabet_digits\val\2\Output Image -266.jpg,val,2,28,400,400,accepted
data\isl_alphabet_digits\val\2\Output Image -262.jpg,val,2,28,400,400,accepted
data\isl_alphabet_digits\val\2\Sign 2 (271).jpeg,val,2,28,400,400,accepted
data\isl_alphabet_digits\val\2\Sign 2 (483).jpeg,val,2,28,400,400,accepted
data\isl_alphabet_digits\val\2\Output Image -74.jpg,val,2,28,400,400,accepted
data\isl_alphabet_digits\val\2\Sign 2 (320).jpeg,val,2,28,400,400,accepted
data\isl_alphabet_digits\test\2\Sign 2 (424).jpeg,test,2,28,400,400,accepted
data\isl_alphabet_digits\test\2\Output Image -216.jpg,test,2,28,400,400,accepted
data\isl_alphabet_digits\test\2\Sign 2 (10).jpeg,test,2,28,400,400,accepted
data\isl_alphabet_digits\test\2\Sign 2 (496).jpeg,test,2,28,400,400,accepted
data\isl_alphabet_digits\test\2\Sign 2 (368).jpeg,test,2,28,400,400,accepted
data\isl_alphabet_digits\test\2\Sign 2 (231).jpeg,test,2,28,400,400,accepted
data\isl_alphabet_digits\test\2\Output Image -311.jpg,test,2,28,400,400,accepted
data\isl_alphabet_digits\test\2\Sign 2 (321).jpeg,test,2,28,400,400,accepted
data\isl_alphabet_digits\test\2\Output Image -18.jpg,test,2,28,400,400,accepted
data\isl_alphabet_digits\test\2\Output Image -124.jpg,test,2,28,400,400,accepted
data\isl_alphabet_digits\test\2\Output Image -232.jpg,test,2,28,400,400,accepted
data\isl_alphabet_digits\test\2\Sign 2 (113).jpeg,test,2,28,400,400,accepted
data\isl_alphabet_digits\test\2\Output Image -143.jpg,test,2,28,400,400,accepted
data\isl_alphabet_digits\test\2\Output Image -20.jpg,test,2,28,400,400,accepted
data\isl_alphabet_digits\test\2\Output Image -11.jpg,test,2,28,400,400,accepted
data\isl_alphabet_digits\test\2\Output Image -420.jpg,test,2,28,400,400,accepted
data\isl_alphabet_digits\test\2\Output Image -44.jpg,test,2,28,400,400,accepted
data\isl_alphabet_digits\test\2\Sign 2 (157).jpeg,test,2,28,400,400,accepted
data\isl_alphabet_digits\test\2\Sign 2 (71).jpeg,test,2,28,400,400,accepted
data\isl_alphabet_digits\test\2\Output Image -223.jpg,test,2,28,400,400,accepted
data\isl_alphabet_digits\test\2\Output Image -381.jpg,test,2,28,400,400,accepted
data\isl_alphabet_digits\test\2\Output Image -239.jpg,test,2,28,400,400,accepted
data\isl_alphabet_digits\test\2\Sign 2 (486).jpeg,test,2,28,400,400,accepted
data\isl_alphabet_digits\test\2\Output Image -83.jpg,test,2,28,400,400,accepted
data\isl_alphabet_digits\test\2\Sign 2 (142).jpeg,test,2,28,400,400,accepted
data\isl_alphabet_digits\test\2\Sign 2 (210).jpeg,test,2,28,400,400,accepted
data\isl_alphabet_digits\test\2\Sign 2 (377).jpeg,test,2,28,400,400,accepted
data\isl_alphabet_digits\test\2\Output Image -92.jpg,test,2,28,400,400,accepted
data\isl_alphabet_digits\test\2\Sign 2 (365).jpeg,test,2,28,400,400,accepted
data\isl_alphabet_digits\test\2\Output Image -365.jpg,test,2,28,400,400,accepted
data\isl_alphabet_digits\test\2\Sign 2 (200).jpeg,test,2,28,400,400,accepted
data\isl_alphabet_digits\test\2\Sign 2 (490).jpeg,test,2,28,400,400,accepted
data\isl_alphabet_digits\test\2\Output Image -66.jpg,test,2,28,400,400,accepted
data\isl_alphabet_digits\test\2\Output Image -210.jpg,test,2,28,400,400,accepted
data\isl_alphabet_digits\test\2\Output Image -32.jpg,test,2,28,400,400,accepted
data\isl_alphabet_digits\test\2\Output Image -155.jpg,test,2,28,400,400,accepted
data\isl_alphabet_digits\test\2\Sign 2 (237).jpeg,test,2,28,400,400,accepted
data\isl_alphabet_digits\test\2\Output Image -78.jpg,test,2,28,400,400,accepted
data\isl_alphabet_digits\test\2\Sign 2 (298).jpeg,test,2,28,400,400,accepted
data\isl_alphabet_digits\test\2\Sign 2 (335).jpeg,test,2,28,400,400,accepted
data\isl_alphabet_digits\test\2\Sign 2 (116).jpeg,test,2,28,400,400,accepted
data\isl_alphabet_digits\test\2\Sign 2 (172).jpeg,test,2,28,400,400,accepted
data\isl_alphabet_digits\test\2\Sign 2 (103).jpeg,test,2,28,400,400,accepted
data\isl_alphabet_digits\test\2\Output Image -217.jpg,test,2,28,400,400,accepted
data\isl_alphabet_digits\test\2\Output Image -86.jpg,test,2,28,400,400,accepted
data\isl_alphabet_digits\test\2\Output Image -8.jpg,test,2,28,400,400,accepted
data\isl_alphabet_digits\test\2\Output Image -30.jpg,test,2,28,400,400,accepted
data\isl_alphabet_digits\test\2\Output Image -35.jpg,test,2,28,400,400,accepted
data\isl_alphabet_digits\test\2\Sign 2 (227).jpeg,test,2,28,400,400,accepted
data\isl_alphabet_digits\test\2\Output Image -416.jpg,test,2,28,400,400,accepted
data\isl_alphabet_digits\test\2\Output Image -291.jpg,test,2,28,400,400,accepted
data\isl_alphabet_digits\test\2\Sign 2 (85).jpeg,test,2,28,400,400,accepted
data\isl_alphabet_digits\test\2\Output Image -414.jpg,test,2,28,400,400,accepted
data\isl_alphabet_digits\test\2\Sign 2 (363).jpeg,test,2,28,400,400,accepted
data\isl_alphabet_digits\test\2\Sign 2 (134).jpeg,test,2,28,400,400,accepted
data\isl_alphabet_digits\test\2\Sign 2 (225).jpeg,test,2,28,400,400,accepted
data\isl_alphabet_digits\test\2\Sign 2 (233).jpeg,test,2,28,400,400,accepted
data\isl_alphabet_digits\test\2\Output Image -38.jpg,test,2,28,400,400,accepted
data\isl_alphabet_digits\test\2\Sign 2 (408).jpeg,test,2,28,400,400,accepted
data\isl_alphabet_digits\test\2\Output Image -249.jpg,test,2,28,400,400,accepted
data\isl_alphabet_digits\test\2\Output Image -308.jpg,test,2,28,400,400,accepted
data\isl_alphabet_digits\test\2\Output Image -423.jpg,test,2,28,400,400,accepted
data\isl_alphabet_digits\test\2\Sign 2 (190).jpeg,test,2,28,400,400,accepted
data\isl_alphabet_digits\test\2\Sign 2 (393).jpeg,test,2,28,400,400,accepted
data\isl_alphabet_digits\test\2\Sign 2 (124).jpeg,test,2,28,400,400,accepted
data\isl_alphabet_digits\test\2\Sign 2 (305).jpeg,test,2,28,400,400,accepted
data\isl_alphabet_digits\test\2\Sign 2 (444).jpeg,test,2,28,400,400,accepted
data\isl_alphabet_digits\test\2\Sign 2 (174).jpeg,test,2,28,400,400,accepted
data\isl_alphabet_digits\test\2\Sign 2 (455).jpeg,test,2,28,400,400,accepted
data\isl_alphabet_digits\test\2\Sign 2 (316).jpeg,test,2,28,400,400,accepted
data\isl_alphabet_digits\test\2\Sign 2 (443).jpeg,test,2,28,400,400,accepted
data\isl_alphabet_digits\test\2\Output Image -67.jpg,test,2,28,400,400,accepted
data\isl_alphabet_digits\test\2\Sign 2 (464).jpeg,test,2,28,400,400,accepted
data\isl_alphabet_digits\test\2\Sign 2 (148).jpeg,test,2,28,400,400,accepted
data\isl_alphabet_digits\test\2\Sign 2 (481).jpeg,test,2,28,400,400,accepted
data\isl_alphabet_digits\test\2\Sign 2 (123).jpeg,test,2,28,400,400,accepted
data\isl_alphabet_digits\test\2\Sign 2 (420).jpeg,test,2,28,400,400,accepted
data\isl_alphabet_digits\test\2\Output Image -465.jpg,test,2,28,400,400,accepted
data\isl_alphabet_digits\test\2\Sign 2 (65).jpeg,test,2,28,400,400,accepted
data\isl_alphabet_digits\test\2\Output Image -63.jpg,test,2,28,400,400,accepted
data\isl_alphabet_digits\test\2\Sign 2 (303).jpeg,test,2,28,400,400,accepted
data\isl_alphabet_digits\test\2\Sign 2 (183).jpeg,test,2,28,400,400,accepted
data\isl_alphabet_digits\test\2\Sign 2 (52).jpeg,test,2,28,400,400,accepted
data\isl_alphabet_digits\test\2\Output Image -415.jpg,test,2,28,400,400,accepted
data\isl_alphabet_digits\test\2\Sign 2 (234).jpeg,test,2,28,400,400,accepted
data\isl_alphabet_digits\test\2\Output Image -122.jpg,test,2,28,400,400,accepted
data\isl_alphabet_digits\test\2\Output Image -485.jpg,test,2,28,400,400,accepted
data\isl_alphabet_digits\test\2\Sign 2 (64).jpeg,test,2,28,400,400,accepted
data\isl_alphabet_digits\test\2\Sign 2 (350).jpeg,test,2,28,400,400,accepted
data\isl_alphabet_digits\test\2\Sign 2 (247).jpeg,test,2,28,400,400,accepted
data\isl_alphabet_digits\test\2\Output Image -353.jpg,test,2,28,400,400,accepted
data\isl_alphabet_digits\test\2\Sign 2 (176).jpeg,test,2,28,400,400,accepted
data\isl_alphabet_digits\test\2\Output Image -9.jpg,test,2,28,400,400,accepted
data\isl_alphabet_digits\test\2\Sign 2 (213).jpeg,test,2,28,400,400,accepted
data\isl_alphabet_digits\test\2\Output Image -434.jpg,test,2,28,400,400,accepted
data\isl_alphabet_digits\test\2\Output Image -125.jpg,test,2,28,400,400,accepted
data\isl_alphabet_digits\test\2\Output Image -43.jpg,test,2,28,400,400,accepted
data\isl_alphabet_digits\test\2\Output Image -305.jpg,test,2,28,400,400,accepted
data\isl_alphabet_digits\test\2\Sign 2 (194).jpeg,test,2,28,400,400,accepted
data\isl_alphabet_digits\test\2\Output Image -160.jpg,test,2,28,400,400,accepted
data\isl_alphabet_digits\test\2\Sign 2 (441).jpeg,test,2,28,400,400,accepted
data\isl_alphabet_digits\test\2\Output Image -456.jpg,test,2,28,400,400,accepted
data\isl_alphabet_digits\test\2\Sign 2 (93).jpeg,test,2,28,400,400,accepted
data\isl_alphabet_digits\test\2\Output Image -240.jpg,test,2,28,400,400,accepted
data\isl_alphabet_digits\test\2\Sign 2 (147).jpeg,test,2,28,400,400,accepted
data\isl_alphabet_digits\test\2\Sign 2 (33).jpeg,test,2,28,400,400,accepted
data\isl_alphabet_digits\test\2\Output Image -454.jpg,test,2,28,400,400,accepted
data\isl_alphabet_digits\test\2\Sign 2 (226).jpeg,test,2,28,400,400,accepted
data\isl_alphabet_digits\test\2\Output Image -207.jpg,test,2,28,400,400,accepted
data\isl_alphabet_digits\test\2\Output Image -389.jpg,test,2,28,400,400,accepted
data\isl_alphabet_digits\test\2\Sign 2 (283).jpeg,test,2,28,400,400,accepted
data\isl_alphabet_digits\test\2\Output Image -402.jpg,test,2,28,400,400,accepted
data\isl_alphabet_digits\test\2\Sign 2 (248).jpeg,test,2,28,400,400,accepted
data\isl_alphabet_digits\test\2\Sign 2 (485).jpeg,test,2,28,400,400,accepted
data\isl_alphabet_digits\test\2\Output Image -136.jpg,test,2,28,400,400,accepted
data\isl_alphabet_digits\test\2\Output Image -112.jpg,test,2,28,400,400,accepted
data\isl_alphabet_digits\test\2\Sign 2 (451).jpeg,test,2,28,400,400,accepted
data\isl_alphabet_digits\test\2\Output Image -367.jpg,test,2,28,400,400,accepted
data\isl_alphabet_digits\test\2\Sign 2 (359).jpeg,test,2,28,400,400,accepted
data\isl_alphabet_digits\test\2\Output Image -359.jpg,test,2,28,400,400,accepted
data\isl_alphabet_digits\test\2\Sign 2 (75).jpeg,test,2,28,400,400,accepted
data\isl_alphabet_digits\test\2\Sign 2 (56).jpeg,test,2,28,400,400,accepted
data\isl_alphabet_digits\test\2\Output Image -176.jpg,test,2,28,400,400,accepted
data\isl_alphabet_digits\test\2\Output Image -73.jpg,test,2,28,400,400,accepted
data\isl_alphabet_digits\test\2\Output Image -275.jpg,test,2,28,400,400,accepted
data\isl_alphabet_digits\test\2\Sign 2 (438).jpeg,test,2,28,400,400,accepted
data\isl_alphabet_digits\test\2\Sign 2 (278).jpeg,test,2,28,400,400,accepted
data\isl_alphabet_digits\test\2\Output Image -42.jpg,test,2,28,400,400,accepted
data\isl_alphabet_digits\test\2\Output Image -483.jpg,test,2,28,400,400,accepted
data\isl_alphabet_digits\test\2\Sign 2 (82).jpeg,test,2,28,400,400,accepted
data\isl_alphabet_digits\test\2\Output Image -373.jpg,test,2,28,400,400,accepted
data\isl_alphabet_digits\test\2\Output Image -396.jpg,test,2,28,400,400,accepted
data\isl_alphabet_digits\test\2\Sign 2 (384).jpeg,test,2,28,400,400,accepted
data\isl_alphabet_digits\test\2\Sign 2 (319).jpeg,test,2,28,400,400,accepted
data\isl_alphabet_digits\test\2\Output Image -141.jpg,test,2,28,400,400,accepted
data\isl_alphabet_digits\test\2\Sign 2 (314).jpeg,test,2,28,400,400,accepted
data\isl_alphabet_digits\test\2\Sign 2 (63).jpeg,test,2,28,400,400,accepted
data\isl_alphabet_digits\test\2\Output Image -372.jpg,test,2,28,400,400,accepted
data\isl_alphabet_digits\test\2\Output Image -34.jpg,test,2,28,400,400,accepted
data\isl_alphabet_digits\test\2\Output Image -343.jpg,test,2,28,400,400,accepted
data\isl_alphabet_digits\test\2\Sign 2 (361).jpeg,test,2,28,400,400,accepted
data\isl_alphabet_digits\test\2\Output Image -212.jpg,test,2,28,400,400,accepted
data\isl_alphabet_digits\test\2\Sign 2 (59).jpeg,test,2,28,400,400,accepted
data\isl_alphabet_digits\test\2\Sign 2 (318).jpeg,test,2,28,400,400,accepted
data\isl_alphabet_digits\test\2\Output Image -312.jpg,test,2,28,400,400,accepted
data\isl_alphabet_digits\test\2\Output Image -273.jpg,test,2,28,400,400,accepted
data\isl_alphabet_digits\test\2\Sign 2 (435).jpeg,test,2,28,400,400,accepted
data\isl_alphabet_digits\test\2\Sign 2 (478).jpeg,test,2,28,400,400,accepted
data\isl_alphabet_digits\test\2\Sign 2 (139).jpeg,test,2,28,400,400,accepted
data\isl_alphabet_digits\test\2\Sign 2 (53).jpeg,test,2,28,400,400,accepted
data\isl_alphabet_digits\test\2\Output Image -314.jpg,test,2,28,400,400,accepted
data\isl_alphabet_digits\train\3\Sign 3 (352).jpeg,train,3,29,400,400,accepted
data\isl_alphabet_digits\train\3\Output Image -253.jpg,train,3,29,400,400,accepted
data\isl_alphabet_digits\train\3\Sign 3 (259).jpeg,train,3,29,400,400,accepted
data\isl_alphabet_digits\train\3\Output Image -473.jpg,train,3,29,400,400,accepted
data\isl_alphabet_digits\train\3\Sign 3 (9).jpeg,train,3,29,400,400,accepted
data\isl_alphabet_digits\train\3\Output Image -464.jpg,train,3,29,400,400,accepted
data\isl_alphabet_digits\train\3\Output Image -334.jpg,train,3,29,400,400,accepted
data\isl_alphabet_digits\train\3\Output Image -467.jpg,train,3,29,400,400,accepted
data\isl_alphabet_digits\train\3\Sign 3 (160).jpeg,train,3,29,400,400,accepted
data\isl_alphabet_digits\train\3\Output Image -403.jpg,train,3,29,400,400,accepted
data\isl_alphabet_digits\train\3\Output Image -121.jpg,train,3,29,400,400,accepted
data\isl_alphabet_digits\train\3\Sign 3 (101).jpeg,train,3,29,400,400,accepted
data\isl_alphabet_digits\train\3\Output Image -134.jpg,train,3,29,400,400,accepted
data\isl_alphabet_digits\train\3\Sign 3 (96).jpeg,train,3,29,400,400,accepted
data\isl_alphabet_digits\train\3\Sign 3 (129).jpeg,train,3,29,400,400,accepted
data\isl_alphabet_digits\train\3\Sign 3 (278).jpeg,train,3,29,400,400,accepted
data\isl_alphabet_digits\train\3\Output Image -196.jpg,train,3,29,400,400,accepted
data\isl_alphabet_digits\train\3\Sign 3 (349).jpeg,train,3,29,400,400,accepted
data\isl_alphabet_digits\train\3\Output Image -283.jpg,train,3,29,400,400,accepted
data\isl_alphabet_digits\train\3\Sign 3 (309).jpeg,train,3,29,400,400,accepted
data\isl_alphabet_digits\train\3\Output Image -381.jpg,train,3,29,400,400,accepted
data\isl_alphabet_digits\train\3\Output Image -461.jpg,train,3,29,400,400,accepted
data\isl_alphabet_digits\train\3\Sign 3 (218).jpeg,train,3,29,400,400,accepted
data\isl_alphabet_digits\train\3\Output Image -248.jpg,train,3,29,400,400,accepted
data\isl_alphabet_digits\train\3\Sign 3 (5).jpeg,train,3,29,400,400,accepted
data\isl_alphabet_digits\train\3\Output Image -419.jpg,train,3,29,400,400,accepted
data\isl_alphabet_digits\train\3\Output Image -324.jpg,train,3,29,400,400,accepted
data\isl_alphabet_digits\train\3\Sign 3 (314).jpeg,train,3,29,400,400,accepted
data\isl_alphabet_digits\train\3\Sign 3 (141).jpeg,train,3,29,400,400,accepted
data\isl_alphabet_digits\train\3\Sign 3 (331).jpeg,train,3,29,400,400,accepted
data\isl_alphabet_digits\train\3\Output Image -133.jpg,train,3,29,400,400,accepted
data\isl_alphabet_digits\train\3\Sign 3 (397).jpeg,train,3,29,400,400,accepted
data\isl_alphabet_digits\train\3\Sign 3 (106).jpeg,train,3,29,400,400,accepted
data\isl_alphabet_digits\train\3\Sign 3 (23).jpeg,train,3,29,400,400,accepted
data\isl_alphabet_digits\train\3\Output Image -81.jpg,train,3,29,400,400,accepted
data\isl_alphabet_digits\train\3\Sign 3 (91).jpeg,train,3,29,400,400,accepted
data\isl_alphabet_digits\train\3\Sign 3 (142).jpeg,train,3,29,400,400,accepted
data\isl_alphabet_digits\train\3\Output Image -218.jpg,train,3,29,400,400,accepted
data\isl_alphabet_digits\train\3\Output Image -64.jpg,train,3,29,400,400,accepted
data\isl_alphabet_digits\train\3\Sign 3 (149).jpeg,train,3,29,400,400,accepted
data\isl_alphabet_digits\train\3\Sign 3 (265).jpeg,train,3,29,400,400,accepted
data\isl_alphabet_digits\train\3\Output Image -385.jpg,train,3,29,400,400,accepted
data\isl_alphabet_digits\train\3\Output Image -70.jpg,train,3,29,400,400,accepted
data\isl_alphabet_digits\train\3\Sign 3 (179).jpeg,train,3,29,400,400,accepted
data\isl_alphabet_digits\train\3\Sign 3 (35).jpeg,train,3,29,400,400,accepted
data\isl_alphabet_digits\train\3\Output Image -124.jpg,train,3,29,400,400,accepted
data\isl_alphabet_digits\train\3\Output Image -184.jpg,train,3,29,400,400,accepted
data\isl_alphabet_digits\train\3\Sign 3 (382).jpeg,train,3,29,400,400,accepted
data\isl_alphabet_digits\train\3\Output Image -434.jpg,train,3,29,400,400,accepted
data\isl_alphabet_digits\train\3\Output Image -17.jpg,train,3,29,400,400,accepted
data\isl_alphabet_digits\train\3\Sign 3 (385).jpeg,train,3,29,400,400,accepted
data\isl_alphabet_digits\train\3\Output Image -449.jpg,train,3,29,400,400,accepted
data\isl_alphabet_digits\train\3\Sign 3 (286).jpeg,train,3,29,400,400,accepted
data\isl_alphabet_digits\train\3\Sign 3 (138).jpeg,train,3,29,400,400,accepted
data\isl_alphabet_digits\train\3\Sign 3 (44).jpeg,train,3,29,400,400,accepted
data\isl_alphabet_digits\train\3\Sign 3 (145).jpeg,train,3,29,400,400,accepted
data\isl_alphabet_digits\train\3\Output Image -292.jpg,train,3,29,400,400,accepted
data\isl_alphabet_digits\train\3\Output Image -62.jpg,train,3,29,400,400,accepted
data\isl_alphabet_digits\train\3\Output Image -427.jpg,train,3,29,400,400,accepted
data\isl_alphabet_digits\train\3\Sign 3 (319).jpeg,train,3,29,400,400,accepted
data\isl_alphabet_digits\train\3\Output Image -87.jpg,train,3,29,400,400,accepted
data\isl_alphabet_digits\train\3\Sign 3 (69).jpeg,train,3,29,400,400,accepted
data\isl_alphabet_digits\train\3\Output Image -305.jpg,train,3,29,400,400,accepted
data\isl_alphabet_digits\train\3\Output Image -73.jpg,train,3,29,400,400,accepted
data\isl_alphabet_digits\train\3\Sign 3 (163).jpeg,train,3,29,400,400,accepted
data\isl_alphabet_digits\train\3\Output Image -47.jpg,train,3,29,400,400,accepted
data\isl_alphabet_digits\train\3\Output Image -135.jpg,train,3,29,400,400,accepted
data\isl_alphabet_digits\train\3\Sign 3 (493).jpeg,train,3,29,400,400,accepted
data\isl_alphabet_digits\train\3\Sign 3 (189).jpeg,train,3,29,400,400,accepted
data\isl_alphabet_digits\train\3\Sign 3 (43).jpeg,train,3,29,400,400,accepted
data\isl_alphabet_digits\train\3\Sign 3 (208).jpeg,train,3,29,400,400,accepted
data\isl_alphabet_digits\train\3\Sign 3 (470).jpeg,train,3,29,400,400,accepted
data\isl_alphabet_digits\train\3\Output Image -180.jpg,train,3,29,400,400,accepted
data\isl_alphabet_digits\train\3\Output Image -54.jpg,train,3,29,400,400,accepted
data\isl_alphabet_digits\train\3\Sign 3 (371).jpeg,train,3,29,400,400,accepted
data\isl_alphabet_digits\train\3\Output Image -161.jpg,train,3,29,400,400,accepted
data\isl_alphabet_digits\train\3\Sign 3 (10).jpeg,train,3,29,400,400,accepted
data\isl_alphabet_digits\train\3\Sign 3 (70).jpeg,train,3,29,400,400,accepted
data\isl_alphabet_digits\train\3\Sign 3 (164).jpeg,train,3,29,400,400,accepted
data\isl_alphabet_digits\train\3\Sign 3 (348).jpeg,train,3,29,400,400,accepted
data\isl_alphabet_digits\train\3\Output Image -274.jpg,train,3,29,400,400,accepted
data\isl_alphabet_digits\train\3\Sign 3 (207).jpeg,train,3,29,400,400,accepted
data\isl_alphabet_digits\train\3\Output Image -341.jpg,train,3,29,400,400,accepted
data\isl_alphabet_digits\train\3\Output Image -40.jpg,train,3,29,400,400,accepted
data\isl_alphabet_digits\train\3\Sign 3 (437).jpeg,train,3,29,400,400,accepted
data\isl_alphabet_digits\train\3\Sign 3 (210).jpeg,train,3,29,400,400,accepted
data\isl_alphabet_digits\train\3\Sign 3 (239).jpeg,train,3,29,400,400,accepted
data\isl_alphabet_digits\train\3\Output Image -9.jpg,train,3,29,400,400,accepted
data\isl_alphabet_digits\train\3\Output Image -373.jpg,train,3,29,400,400,accepted
data\isl_alphabet_digits\train\3\Output Image -393.jpg,train,3,29,400,400,accepted
data\isl_alphabet_digits\train\3\Sign 3 (345).jpeg,train,3,29,400,400,accepted
data\isl_alphabet_digits\train\3\Sign 3 (294).jpeg,train,3,29,400,400,accepted
data\isl_alphabet_digits\train\3\Output Image -162.jpg,train,3,29,400,400,accepted
data\isl_alphabet_digits\train\3\Sign 3 (136).jpeg,train,3,29,400,400,accepted
data\isl_alphabet_digits\train\3\Sign 3 (263).jpeg,train,3,29,400,400,accepted
data\isl_alphabet_digits\train\3\Sign 3 (90).jpeg,train,3,29,400,400,accepted
data\isl_alphabet_digits\train\3\Output Image -475.jpg,train,3,29,400,400,accepted
data\isl_alphabet_digits\train\3\Sign 3 (119).jpeg,train,3,29,400,400,accepted
data\isl_alphabet_digits\train\3\Output Image -255.jpg,train,3,29,400,400,accepted
data\isl_alphabet_digits\train\3\Sign 3 (37).jpeg,train,3,29,400,400,accepted
data\isl_alphabet_digits\train\3\Output Image -323.jpg,train,3,29,400,400,accepted
data\isl_alphabet_digits\train\3\Output Image -198.jpg,train,3,29,400,400,accepted
data\isl_alphabet_digits\train\3\Sign 3 (47).jpeg,train,3,29,400,400,accepted
data\isl_alphabet_digits\train\3\Output Image -52.jpg,train,3,29,400,400,accepted
data\isl_alphabet_digits\train\3\Sign 3 (216).jpeg,train,3,29,400,400,accepted
data\isl_alphabet_digits\train\3\Output Image -108.jpg,train,3,29,400,400,accepted
data\isl_alphabet_digits\train\3\Sign 3 (8).jpeg,train,3,29,400,400,accepted
data\isl_alphabet_digits\train\3\Sign 3 (59).jpeg,train,3,29,400,400,accepted
data\isl_alphabet_digits\train\3\Sign 3 (135).jpeg,train,3,29,400,400,accepted
data\isl_alphabet_digits\train\3\Sign 3 (411).jpeg,train,3,29,400,400,accepted
data\isl_alphabet_digits\train\3\Sign 3 (459).jpeg,train,3,29,400,400,accepted
data\isl_alphabet_digits\train\3\Output Image -189.jpg,train,3,29,400,400,accepted
data\isl_alphabet_digits\train\3\Sign 3 (123).jpeg,train,3,29,400,400,accepted
data\isl_alphabet_digits\train\3\Sign 3 (290).jpeg,train,3,29,400,400,accepted
data\isl_alphabet_digits\train\3\Sign 3 (283).jpeg,train,3,29,400,400,accepted
data\isl_alphabet_digits\train\3\Sign 3 (83).jpeg,train,3,29,400,400,accepted
data\isl_alphabet_digits\train\3\Sign 3 (154).jpeg,train,3,29,400,400,accepted
data\isl_alphabet_digits\train\3\Sign 3 (118).jpeg,train,3,29,400,400,accepted
data\isl_alphabet_digits\train\3\Sign 3 (34).jpeg,train,3,29,400,400,accepted
data\isl_alphabet_digits\train\3\Sign 3 (478).jpeg,train,3,29,400,400,accepted
data\isl_alphabet_digits\train\3\Output Image -428.jpg,train,3,29,400,400,accepted
data\isl_alphabet_digits\train\3\Output Image -1.jpg,train,3,29,400,400,accepted
data\isl_alphabet_digits\train\3\Output Image -481.jpg,train,3,29,400,400,accepted
data\isl_alphabet_digits\train\3\Output Image -154.jpg,train,3,29,400,400,accepted
data\isl_alphabet_digits\train\3\Output Image -306.jpg,train,3,29,400,400,accepted
data\isl_alphabet_digits\train\3\Output Image -3.jpg,train,3,29,400,400,accepted
data\isl_alphabet_digits\train\3\Sign 3 (224).jpeg,train,3,29,400,400,accepted
data\isl_alphabet_digits\train\3\Sign 3 (481).jpeg,train,3,29,400,400,accepted
data\isl_alphabet_digits\train\3\Output Image -348.jpg,train,3,29,400,400,accepted
data\isl_alphabet_digits\train\3\Output Image -451.jpg,train,3,29,400,400,accepted
data\isl_alphabet_digits\train\3\Sign 3 (247).jpeg,train,3,29,400,400,accepted
data\isl_alphabet_digits\train\3\Sign 3 (271).jpeg,train,3,29,400,400,accepted
data\isl_alphabet_digits\train\3\Output Image -231.jpg,train,3,29,400,400,accepted
data\isl_alphabet_digits\train\3\Sign 3 (404).jpeg,train,3,29,400,400,accepted
data\isl_alphabet_digits\train\3\Sign 3 (267).jpeg,train,3,29,400,400,accepted
data\isl_alphabet_digits\train\3\Sign 3 (55).jpeg,train,3,29,400,400,accepted
data\isl_alphabet_digits\train\3\Sign 3 (494).jpeg,train,3,29,400,400,accepted
data\isl_alphabet_digits\train\3\Sign 3 (92).jpeg,train,3,29,400,400,accepted
data\isl_alphabet_digits\train\3\Output Image -126.jpg,train,3,29,400,400,accepted
data\isl_alphabet_digits\train\3\Output Image -210.jpg,train,3,29,400,400,accepted
data\isl_alphabet_digits\train\3\Sign 3 (451).jpeg,train,3,29,400,400,accepted
data\isl_alphabet_digits\train\3\Output Image -452.jpg,train,3,29,400,400,accepted
data\isl_alphabet_digits\train\3\Output Image -14.jpg,train,3,29,400,400,accepted
data\isl_alphabet_digits\train\3\Output Image -437.jpg,train,3,29,400,400,accepted
data\isl_alphabet_digits\train\3\Sign 3 (384).jpeg,train,3,29,400,400,accepted
data\isl_alphabet_digits\train\3\Output Image -405.jpg,train,3,29,400,400,accepted
data\isl_alphabet_digits\train\3\Sign 3 (1).jpeg,train,3,29,400,400,accepted
data\isl_alphabet_digits\train\3\Sign 3 (182).jpeg,train,3,29,400,400,accepted
data\isl_alphabet_digits\train\3\Output Image -39.jpg,train,3,29,400,400,accepted
data\isl_alphabet_digits\train\3\Sign 3 (212).jpeg,train,3,29,400,400,accepted
data\isl_alphabet_digits\train\3\Sign 3 (461).jpeg,train,3,29,400,400,accepted
data\isl_alphabet_digits\train\3\Output Image -299.jpg,train,3,29,400,400,accepted
data\isl_alphabet_digits\train\3\Sign 3 (281).jpeg,train,3,29,400,400,accepted
data\isl_alphabet_digits\train\3\Sign 3 (200).jpeg,train,3,29,400,400,accepted
data\isl_alphabet_digits\train\3\Sign 3 (121).jpeg,train,3,29,400,400,accepted
data\isl_alphabet_digits\train\3\Sign 3 (117).jpeg,train,3,29,400,400,accepted
data\isl_alphabet_digits\train\3\Output Image -485.jpg,train,3,29,400,400,accepted
data\isl_alphabet_digits\train\3\Sign 3 (194).jpeg,train,3,29,400,400,accepted
data\isl_alphabet_digits\train\3\Sign 3 (203).jpeg,train,3,29,400,400,accepted
data\isl_alphabet_digits\train\3\Output Image -194.jpg,train,3,29,400,400,accepted
data\isl_alphabet_digits\train\3\Output Image -163.jpg,train,3,29,400,400,accepted
data\isl_alphabet_digits\train\3\Sign 3 (133).jpeg,train,3,29,400,400,accepted
data\isl_alphabet_digits\train\3\Sign 3 (221).jpeg,train,3,29,400,400,accepted
data\isl_alphabet_digits\train\3\Sign 3 (433).jpeg,train,3,29,400,400,accepted
data\isl_alphabet_digits\train\3\Sign 3 (274).jpeg,train,3,29,400,400,accepted
data\isl_alphabet_digits\train\3\Output Image -332.jpg,train,3,29,400,400,accepted
data\isl_alphabet_digits\train\3\Output Image -129.jpg,train,3,29,400,400,accepted
data\isl_alphabet_digits\train\3\Sign 3 (320).jpeg,train,3,29,400,400,accepted
data\isl_alphabet_digits\train\3\Output Image -368.jpg,train,3,29,400,400,accepted
data\isl_alphabet_digits\train\3\Output Image -111.jpg,train,3,29,400,400,accepted
data\isl_alphabet_digits\train\3\Output Image -238.jpg,train,3,29,400,400,accepted
data\isl_alphabet_digits\train\3\Sign 3 (363).jpeg,train,3,29,400,400,accepted
data\isl_alphabet_digits\train\3\Output Image -77.jpg,train,3,29,400,400,accepted
data\isl_alphabet_digits\train\3\Output Image -193.jpg,train,3,29,400,400,accepted
data\isl_alphabet_digits\train\3\Sign 3 (487).jpeg,train,3,29,400,400,accepted
data\isl_alphabet_digits\train\3\Sign 3 (122).jpeg,train,3,29,400,400,accepted
data\isl_alphabet_digits\train\3\Output Image -225.jpg,train,3,29,400,400,accepted
data\isl_alphabet_digits\train\3\Sign 3 (228).jpeg,train,3,29,400,400,accepted
data\isl_alphabet_digits\train\3\Sign 3 (76).jpeg,train,3,29,400,400,accepted
data\isl_alphabet_digits\train\3\Sign 3 (347).jpeg,train,3,29,400,400,accepted
data\isl_alphabet_digits\train\3\Output Image -6.jpg,train,3,29,400,400,accepted
data\isl_alphabet_digits\train\3\Output Image -72.jpg,train,3,29,400,400,accepted
data\isl_alphabet_digits\train\3\Output Image -127.jpg,train,3,29,400,400,accepted
data\isl_alphabet_digits\train\3\Output Image -480.jpg,train,3,29,400,400,accepted
data\isl_alphabet_digits\train\3\Sign 3 (403).jpeg,train,3,29,400,400,accepted
data\isl_alphabet_digits\train\3\Output Image -209.jpg,train,3,29,400,400,accepted
data\isl_alphabet_digits\train\3\Sign 3 (449).jpeg,train,3,29,400,400,accepted
data\isl_alphabet_digits\train\3\Output Image -96.jpg,train,3,29,400,400,accepted
data\isl_alphabet_digits\train\3\Sign 3 (233).jpeg,train,3,29,400,400,accepted
data\isl_alphabet_digits\train\3\Output Image -171.jpg,train,3,29,400,400,accepted
data\isl_alphabet_digits\train\3\Sign 3 (242).jpeg,train,3,29,400,400,accepted
data\isl_alphabet_digits\train\3\Output Image -454.jpg,train,3,29,400,400,accepted
data\isl_alphabet_digits\train\3\Sign 3 (396).jpeg,train,3,29,400,400,accepted
data\isl_alphabet_digits\train\3\Output Image -286.jpg,train,3,29,400,400,accepted
data\isl_alphabet_digits\train\3\Output Image -359.jpg,train,3,29,400,400,accepted
data\isl_alphabet_digits\train\3\Output Image -267.jpg,train,3,29,400,400,accepted
data\isl_alphabet_digits\train\3\Output Image -338.jpg,train,3,29,400,400,accepted
data\isl_alphabet_digits\train\3\Output Image -487.jpg,train,3,29,400,400,accepted
data\isl_alphabet_digits\train\3\Output Image -99.jpg,train,3,29,400,400,accepted
data\isl_alphabet_digits\train\3\Sign 3 (408).jpeg,train,3,29,400,400,accepted
data\isl_alphabet_digits\train\3\Output Image -97.jpg,train,3,29,400,400,accepted
data\isl_alphabet_digits\train\3\Sign 3 (93).jpeg,train,3,29,400,400,accepted
data\isl_alphabet_digits\train\3\Output Image -2.jpg,train,3,29,400,400,accepted
data\isl_alphabet_digits\train\3\Sign 3 (25).jpeg,train,3,29,400,400,accepted
data\isl_alphabet_digits\train\3\Output Image -494.jpg,train,3,29,400,400,accepted
data\isl_alphabet_digits\train\3\Output Image -347.jpg,train,3,29,400,400,accepted
data\isl_alphabet_digits\train\3\Output Image -295.jpg,train,3,29,400,400,accepted
data\isl_alphabet_digits\train\3\Output Image -423.jpg,train,3,29,400,400,accepted
data\isl_alphabet_digits\train\3\Output Image -288.jpg,train,3,29,400,400,accepted
data\isl_alphabet_digits\train\3\Output Image -460.jpg,train,3,29,400,400,accepted
data\isl_alphabet_digits\train\3\Sign 3 (484).jpeg,train,3,29,400,400,accepted
data\isl_alphabet_digits\train\3\Output Image -245.jpg,train,3,29,400,400,accepted
data\isl_alphabet_digits\train\3\Sign 3 (71).jpeg,train,3,29,400,400,accepted
data\isl_alphabet_digits\train\3\Sign 3 (165).jpeg,train,3,29,400,400,accepted
data\isl_alphabet_digits\train\3\Sign 3 (211).jpeg,train,3,29,400,400,accepted
data\isl_alphabet_digits\train\3\Sign 3 (107).jpeg,train,3,29,400,400,accepted
data\isl_alphabet_digits\train\3\Output Image -321.jpg,train,3,29,400,400,accepted
data\isl_alphabet_digits\train\3\Sign 3 (161).jpeg,train,3,29,400,400,accepted
data\isl_alphabet_digits\train\3\Output Image -175.jpg,train,3,29,400,400,accepted
data\isl_alphabet_digits\train\3\Sign 3 (269).jpeg,train,3,29,400,400,accepted
data\isl_alphabet_digits\train\3\Output Image -470.jpg,train,3,29,400,400,accepted
data\isl_alphabet_digits\train\3\Output Image -421.jpg,train,3,29,400,400,accepted
data\isl_alphabet_digits\train\3\Output Image -389.jpg,train,3,29,400,400,accepted
data\isl_alphabet_digits\train\3\Sign 3 (205).jpeg,train,3,29,400,400,accepted
data\isl_alphabet_digits\train\3\Sign 3 (479).jpeg,train,3,29,400,400,accepted
data\isl_alphabet_digits\train\3\Output Image -329.jpg,train,3,29,400,400,accepted
data\isl_alphabet_digits\train\3\Output Image -229.jpg,train,3,29,400,400,accepted
data\isl_alphabet_digits\train\3\Output Image -116.jpg,train,3,29,400,400,accepted
data\isl_alphabet_digits\train\3\Output Image -56.jpg,train,3,29,400,400,accepted
data\isl_alphabet_digits\train\3\Sign 3 (109).jpeg,train,3,29,400,400,accepted
data\isl_alphabet_digits\train\3\Output Image -13.jpg,train,3,29,400,400,accepted
data\isl_alphabet_digits\train\3\Sign 3 (425).jpeg,train,3,29,400,400,accepted
data\isl_alphabet_digits\train\3\Output Image -204.jpg,train,3,29,400,400,accepted
data\isl_alphabet_digits\train\3\Sign 3 (81).jpeg,train,3,29,400,400,accepted
data\isl_alphabet_digits\train\3\Sign 3 (312).jpeg,train,3,29,400,400,accepted
data\isl_alphabet_digits\train\3\Output Image -402.jpg,train,3,29,400,400,accepted
data\isl_alphabet_digits\train\3\Sign 3 (402).jpeg,train,3,29,400,400,accepted
data\isl_alphabet_digits\train\3\Sign 3 (422).jpeg,train,3,29,400,400,accepted
data\isl_alphabet_digits\train\3\Sign 3 (127).jpeg,train,3,29,400,400,accepted
data\isl_alphabet_digits\train\3\Sign 3 (243).jpeg,train,3,29,400,400,accepted
data\isl_alphabet_digits\train\3\Sign 3 (126).jpeg,train,3,29,400,400,accepted
data\isl_alphabet_digits\train\3\Sign 3 (226).jpeg,train,3,29,400,400,accepted
data\isl_alphabet_digits\train\3\Output Image -409.jpg,train,3,29,400,400,accepted
data\isl_alphabet_digits\train\3\Sign 3 (222).jpeg,train,3,29,400,400,accepted
data\isl_alphabet_digits\train\3\Sign 3 (381).jpeg,train,3,29,400,400,accepted
data\isl_alphabet_digits\train\3\Sign 3 (300).jpeg,train,3,29,400,400,accepted
data\isl_alphabet_digits\train\3\Output Image -28.jpg,train,3,29,400,400,accepted
data\isl_alphabet_digits\train\3\Sign 3 (241).jpeg,train,3,29,400,400,accepted
data\isl_alphabet_digits\train\3\Sign 3 (213).jpeg,train,3,29,400,400,accepted
data\isl_alphabet_digits\train\3\Output Image -115.jpg,train,3,29,400,400,accepted
data\isl_alphabet_digits\train\3\Output Image -109.jpg,train,3,29,400,400,accepted
data\isl_alphabet_digits\train\3\Sign 3 (172).jpeg,train,3,29,400,400,accepted
data\isl_alphabet_digits\train\3\Output Image -94.jpg,train,3,29,400,400,accepted
data\isl_alphabet_digits\train\3\Output Image -343.jpg,train,3,29,400,400,accepted
data\isl_alphabet_digits\train\3\Output Image -388.jpg,train,3,29,400,400,accepted
data\isl_alphabet_digits\train\3\Output Image -396.jpg,train,3,29,400,400,accepted
data\isl_alphabet_digits\train\3\Output Image -151.jpg,train,3,29,400,400,accepted
data\isl_alphabet_digits\train\3\Sign 3 (209).jpeg,train,3,29,400,400,accepted
data\isl_alphabet_digits\train\3\Output Image -59.jpg,train,3,29,400,400,accepted
data\isl_alphabet_digits\train\3\Sign 3 (139).jpeg,train,3,29,400,400,accepted
data\isl_alphabet_digits\train\3\Output Image -16.jpg,train,3,29,400,400,accepted
data\isl_alphabet_digits\train\3\Sign 3 (393).jpeg,train,3,29,400,400,accepted
data\isl_alphabet_digits\train\3\Sign 3 (334).jpeg,train,3,29,400,400,accepted
data\isl_alphabet_digits\train\3\Output Image -281.jpg,train,3,29,400,400,accepted
data\isl_alphabet_digits\train\3\Output Image -311.jpg,train,3,29,400,400,accepted
data\isl_alphabet_digits\train\3\Output Image -142.jpg,train,3,29,400,400,accepted
data\isl_alphabet_digits\train\3\Sign 3 (362).jpeg,train,3,29,400,400,accepted
data\isl_alphabet_digits\train\3\Output Image -365.jpg,train,3,29,400,400,accepted
data\isl_alphabet_digits\train\3\Output Image -320.jpg,train,3,29,400,400,accepted
data\isl_alphabet_digits\train\3\Sign 3 (197).jpeg,train,3,29,400,400,accepted
data\isl_alphabet_digits\train\3\Output Image -406.jpg,train,3,29,400,400,accepted
data\isl_alphabet_digits\train\3\Output Image -76.jpg,train,3,29,400,400,accepted
data\isl_alphabet_digits\train\3\Sign 3 (102).jpeg,train,3,29,400,400,accepted
data\isl_alphabet_digits\train\3\Output Image -316.jpg,train,3,29,400,400,accepted
data\isl_alphabet_digits\train\3\Sign 3 (125).jpeg,train,3,29,400,400,accepted
data\isl_alphabet_digits\train\3\Output Image -290.jpg,train,3,29,400,400,accepted
data\isl_alphabet_digits\train\3\Sign 3 (262).jpeg,train,3,29,400,400,accepted
data\isl_alphabet_digits\train\3\Output Image -117.jpg,train,3,29,400,400,accepted
data\isl_alphabet_digits\train\3\Output Image -139.jpg,train,3,29,400,400,accepted
data\isl_alphabet_digits\train\3\Output Image -310.jpg,train,3,29,400,400,accepted
data\isl_alphabet_digits\train\3\Output Image -358.jpg,train,3,29,400,400,accepted
data\isl_alphabet_digits\train\3\Output Image -15.jpg,train,3,29,400,400,accepted
data\isl_alphabet_digits\train\3\Output Image -206.jpg,train,3,29,400,400,accepted
data\isl_alphabet_digits\train\3\Output Image -223.jpg,train,3,29,400,400,accepted
data\isl_alphabet_digits\train\3\Output Image -356.jpg,train,3,29,400,400,accepted
data\isl_alphabet_digits\train\3\Output Image -141.jpg,train,3,29,400,400,accepted
data\isl_alphabet_digits\train\3\Output Image -131.jpg,train,3,29,400,400,accepted
data\isl_alphabet_digits\train\3\Output Image -369.jpg,train,3,29,400,400,accepted
data\isl_alphabet_digits\train\3\Sign 3 (169).jpeg,train,3,29,400,400,accepted
data\isl_alphabet_digits\train\3\Output Image -280.jpg,train,3,29,400,400,accepted
data\isl_alphabet_digits\train\3\Output Image -203.jpg,train,3,29,400,400,accepted
data\isl_alphabet_digits\train\3\Sign 3 (94).jpeg,train,3,29,400,400,accepted
data\isl_alphabet_digits\train\3\Sign 3 (57).jpeg,train,3,29,400,400,accepted
data\isl_alphabet_digits\train\3\Output Image -265.jpg,train,3,29,400,400,accepted
data\isl_alphabet_digits\train\3\Output Image -304.jpg,train,3,29,400,400,accepted
data\isl_alphabet_digits\train\3\Output Image -291.jpg,train,3,29,400,400,accepted
data\isl_alphabet_digits\train\3\Output Image -447.jpg,train,3,29,400,400,accepted
data\isl_alphabet_digits\train\3\Sign 3 (219).jpeg,train,3,29,400,400,accepted
data\isl_alphabet_digits\train\3\Output Image -418.jpg,train,3,29,400,400,accepted
data\isl_alphabet_digits\train\3\Output Image -32.jpg,train,3,29,400,400,accepted
data\isl_alphabet_digits\train\3\Sign 3 (167).jpeg,train,3,29,400,400,accepted
data\isl_alphabet_digits\train\3\Sign 3 (60).jpeg,train,3,29,400,400,accepted
data\isl_alphabet_digits\train\3\Output Image -276.jpg,train,3,29,400,400,accepted
data\isl_alphabet_digits\train\3\Output Image -370.jpg,train,3,29,400,400,accepted
data\isl_alphabet_digits\train\3\Sign 3 (187).jpeg,train,3,29,400,400,accepted
data\isl_alphabet_digits\train\3\Sign 3 (432).jpeg,train,3,29,400,400,accepted
data\isl_alphabet_digits\train\3\Sign 3 (284).jpeg,train,3,29,400,400,accepted
data\isl_alphabet_digits\train\3\Output Image -157.jpg,train,3,29,400,400,accepted
data\isl_alphabet_digits\train\3\Sign 3 (430).jpeg,train,3,29,400,400,accepted
data\isl_alphabet_digits\train\3\Sign 3 (413).jpeg,train,3,29,400,400,accepted
data\isl_alphabet_digits\train\3\Output Image -42.jpg,train,3,29,400,400,accepted
data\isl_alphabet_digits\train\3\Sign 3 (301).jpeg,train,3,29,400,400,accepted
data\isl_alphabet_digits\train\3\Sign 3 (418).jpeg,train,3,29,400,400,accepted
data\isl_alphabet_digits\train\3\Sign 3 (260).jpeg,train,3,29,400,400,accepted
data\isl_alphabet_digits\train\3\Sign 3 (383).jpeg,train,3,29,400,400,accepted
data\isl_alphabet_digits\train\3\Sign 3 (36).jpeg,train,3,29,400,400,accepted
data\isl_alphabet_digits\train\3\Sign 3 (231).jpeg,train,3,29,400,400,accepted
data\isl_alphabet_digits\train\3\Output Image -168.jpg,train,3,29,400,400,accepted
data\isl_alphabet_digits\train\3\Sign 3 (341).jpeg,train,3,29,400,400,accepted
data\isl_alphabet_digits\train\3\Output Image -296.jpg,train,3,29,400,400,accepted
data\isl_alphabet_digits\train\3\Output Image -177.jpg,train,3,29,400,400,accepted
data\isl_alphabet_digits\train\3\Sign 3 (292).jpeg,train,3,29,400,400,accepted
data\isl_alphabet_digits\train\3\Output Image -197.jpg,train,3,29,400,400,accepted
data\isl_alphabet_digits\train\3\Output Image -113.jpg,train,3,29,400,400,accepted
data\isl_alphabet_digits\train\3\Output Image -80.jpg,train,3,29,400,400,accepted
data\isl_alphabet_digits\train\3\Sign 3 (407).jpeg,train,3,29,400,400,accepted
data\isl_alphabet_digits\train\3\Output Image -351.jpg,train,3,29,400,400,accepted
data\isl_alphabet_digits\train\3\Output Image -383.jpg,train,3,29,400,400,accepted
data\isl_alphabet_digits\train\3\Sign 3 (51).jpeg,train,3,29,400,400,accepted
data\isl_alphabet_digits\train\3\Output Image -205.jpg,train,3,29,400,400,accepted
data\isl_alphabet_digits\train\3\Sign 3 (100).jpeg,train,3,29,400,400,accepted
data\isl_alphabet_digits\train\3\Sign 3 (302).jpeg,train,3,29,400,400,accepted
data\isl_alphabet_digits\train\3\Sign 3 (323).jpeg,train,3,29,400,400,accepted
data\isl_alphabet_digits\train\3\Output Image -325.jpg,train,3,29,400,400,accepted
data\isl_alphabet_digits\train\3\Sign 3 (338).jpeg,train,3,29,400,400,accepted
data\isl_alphabet_digits\train\3\Sign 3 (199).jpeg,train,3,29,400,400,accepted
data\isl_alphabet_digits\train\3\Sign 3 (428).jpeg,train,3,29,400,400,accepted
data\isl_alphabet_digits\train\3\Sign 3 (112).jpeg,train,3,29,400,400,accepted
data\isl_alphabet_digits\train\3\Sign 3 (305).jpeg,train,3,29,400,400,accepted
data\isl_alphabet_digits\train\3\Sign 3 (325).jpeg,train,3,29,400,400,accepted
data\isl_alphabet_digits\train\3\Output Image -107.jpg,train,3,29,400,400,accepted
data\isl_alphabet_digits\train\3\Output Image -468.jpg,train,3,29,400,400,accepted
data\isl_alphabet_digits\train\3\Output Image -239.jpg,train,3,29,400,400,accepted
data\isl_alphabet_digits\train\3\Output Image -85.jpg,train,3,29,400,400,accepted
data\isl_alphabet_digits\train\3\Output Image -4.jpg,train,3,29,400,400,accepted
data\isl_alphabet_digits\train\3\Sign 3 (31).jpeg,train,3,29,400,400,accepted
data\isl_alphabet_digits\train\3\Sign 3 (215).jpeg,train,3,29,400,400,accepted
data\isl_alphabet_digits\train\3\Output Image -156.jpg,train,3,29,400,400,accepted
data\isl_alphabet_digits\train\3\Sign 3 (321).jpeg,train,3,29,400,400,accepted
data\isl_alphabet_digits\train\3\Sign 3 (4).jpeg,train,3,29,400,400,accepted
data\isl_alphabet_digits\train\3\Output Image -114.jpg,train,3,29,400,400,accepted
data\isl_alphabet_digits\train\3\Sign 3 (180).jpeg,train,3,29,400,400,accepted
data\isl_alphabet_digits\train\3\Output Image -367.jpg,train,3,29,400,400,accepted
data\isl_alphabet_digits\train\3\Output Image -65.jpg,train,3,29,400,400,accepted
data\isl_alphabet_digits\train\3\Sign 3 (375).jpeg,train,3,29,400,400,accepted
data\isl_alphabet_digits\train\3\Output Image -178.jpg,train,3,29,400,400,accepted
data\isl_alphabet_digits\train\3\Output Image -272.jpg,train,3,29,400,400,accepted
data\isl_alphabet_digits\train\3\Output Image -146.jpg,train,3,29,400,400,accepted
data\isl_alphabet_digits\train\3\Output Image -215.jpg,train,3,29,400,400,accepted
data\isl_alphabet_digits\train\3\Output Image -395.jpg,train,3,29,400,400,accepted
data\isl_alphabet_digits\train\3\Sign 3 (54).jpeg,train,3,29,400,400,accepted
data\isl_alphabet_digits\train\3\Sign 3 (11).jpeg,train,3,29,400,400,accepted
data\isl_alphabet_digits\train\3\Output Image -191.jpg,train,3,29,400,400,accepted
data\isl_alphabet_digits\train\3\Output Image -410.jpg,train,3,29,400,400,accepted
data\isl_alphabet_digits\train\3\Sign 3 (253).jpeg,train,3,29,400,400,accepted
data\isl_alphabet_digits\train\3\Output Image -416.jpg,train,3,29,400,400,accepted
data\isl_alphabet_digits\train\3\Output Image -208.jpg,train,3,29,400,400,accepted
data\isl_alphabet_digits\train\3\Output Image -355.jpg,train,3,29,400,400,accepted
data\isl_alphabet_digits\train\3\Sign 3 (476).jpeg,train,3,29,400,400,accepted
data\isl_alphabet_digits\train\3\Output Image -153.jpg,train,3,29,400,400,accepted
data\isl_alphabet_digits\train\3\Output Image -493.jpg,train,3,29,400,400,accepted
data\isl_alphabet_digits\train\3\Sign 3 (351).jpeg,train,3,29,400,400,accepted
data\isl_alphabet_digits\train\3\Output Image -465.jpg,train,3,29,400,400,accepted
data\isl_alphabet_digits\train\3\Sign 3 (65).jpeg,train,3,29,400,400,accepted
data\isl_alphabet_digits\train\3\Sign 3 (378).jpeg,train,3,29,400,400,accepted
data\isl_alphabet_digits\train\3\Output Image -345.jpg,train,3,29,400,400,accepted
data\isl_alphabet_digits\train\3\Output Image -284.jpg,train,3,29,400,400,accepted
data\isl_alphabet_digits\train\3\Output Image -399.jpg,train,3,29,400,400,accepted
data\isl_alphabet_digits\train\3\Sign 3 (26).jpeg,train,3,29,400,400,accepted
data\isl_alphabet_digits\train\3\Sign 3 (282).jpeg,train,3,29,400,400,accepted
data\isl_alphabet_digits\train\3\Sign 3 (171).jpeg,train,3,29,400,400,accepted
data\isl_alphabet_digits\train\3\Sign 3 (499).jpeg,train,3,29,400,400,accepted
data\isl_alphabet_digits\train\3\Sign 3 (157).jpeg,train,3,29,400,400,accepted
data\isl_alphabet_digits\train\3\Output Image -110.jpg,train,3,29,400,400,accepted
data\isl_alphabet_digits\train\3\Output Image -312.jpg,train,3,29,400,400,accepted
data\isl_alphabet_digits\train\3\Sign 3 (250).jpeg,train,3,29,400,400,accepted
data\isl_alphabet_digits\train\3\Sign 3 (151).jpeg,train,3,29,400,400,accepted
data\isl_alphabet_digits\train\3\Sign 3 (356).jpeg,train,3,29,400,400,accepted
data\isl_alphabet_digits\train\3\Output Image -235.jpg,train,3,29,400,400,accepted
data\isl_alphabet_digits\train\3\Sign 3 (280).jpeg,train,3,29,400,400,accepted
data\isl_alphabet_digits\train\3\Output Image -293.jpg,train,3,29,400,400,accepted
data\isl_alphabet_digits\train\3\Sign 3 (365).jpeg,train,3,29,400,400,accepted
data\isl_alphabet_digits\train\3\Sign 3 (472).jpeg,train,3,29,400,400,accepted
data\isl_alphabet_digits\train\3\Sign 3 (414).jpeg,train,3,29,400,400,accepted
data\isl_alphabet_digits\train\3\Sign 3 (465).jpeg,train,3,29,400,400,accepted
data\isl_alphabet_digits\train\3\Sign 3 (75).jpeg,train,3,29,400,400,accepted
data\isl_alphabet_digits\train\3\Output Image -294.jpg,train,3,29,400,400,accepted
data\isl_alphabet_digits\train\3\Output Image -207.jpg,train,3,29,400,400,accepted
data\isl_alphabet_digits\train\3\Output Image -250.jpg,train,3,29,400,400,accepted
data\isl_alphabet_digits\train\3\Sign 3 (335).jpeg,train,3,29,400,400,accepted
data\isl_alphabet_digits\train\3\Output Image -152.jpg,train,3,29,400,400,accepted
data\isl_alphabet_digits\train\3\Output Image -422.jpg,train,3,29,400,400,accepted
data\isl_alphabet_digits\train\3\Sign 3 (471).jpeg,train,3,29,400,400,accepted
data\isl_alphabet_digits\train\3\Sign 3 (409).jpeg,train,3,29,400,400,accepted
data\isl_alphabet_digits\train\3\Sign 3 (399).jpeg,train,3,29,400,400,accepted
data\isl_alphabet_digits\train\3\Sign 3 (376).jpeg,train,3,29,400,400,accepted
data\isl_alphabet_digits\train\3\Output Image -360.jpg,train,3,29,400,400,accepted
data\isl_alphabet_digits\train\3\Output Image -91.jpg,train,3,29,400,400,accepted
data\isl_alphabet_digits\train\3\Sign 3 (21).jpeg,train,3,29,400,400,accepted
data\isl_alphabet_digits\train\3\Sign 3 (229).jpeg,train,3,29,400,400,accepted
data\isl_alphabet_digits\train\3\Sign 3 (148).jpeg,train,3,29,400,400,accepted
data\isl_alphabet_digits\train\3\Output Image -335.jpg,train,3,29,400,400,accepted
data\isl_alphabet_digits\train\3\Output Image -297.jpg,train,3,29,400,400,accepted
data\isl_alphabet_digits\train\3\Sign 3 (324).jpeg,train,3,29,400,400,accepted
data\isl_alphabet_digits\train\3\Output Image -401.jpg,train,3,29,400,400,accepted
data\isl_alphabet_digits\train\3\Sign 3 (272).jpeg,train,3,29,400,400,accepted
data\isl_alphabet_digits\train\3\Sign 3 (63).jpeg,train,3,29,400,400,accepted
data\isl_alphabet_digits\train\3\Sign 3 (307).jpeg,train,3,29,400,400,accepted
data\isl_alphabet_digits\train\3\Output Image -102.jpg,train,3,29,400,400,accepted
data\isl_alphabet_digits\train\3\Sign 3 (464).jpeg,train,3,29,400,400,accepted
data\isl_alphabet_digits\train\3\Sign 3 (445).jpeg,train,3,29,400,400,accepted
data\isl_alphabet_digits\train\3\Output Image -167.jpg,train,3,29,400,400,accepted
data\isl_alphabet_digits\train\3\Sign 3 (120).jpeg,train,3,29,400,400,accepted
data\isl_alphabet_digits\train\3\Sign 3 (427).jpeg,train,3,29,400,400,accepted
data\isl_alphabet_digits\train\3\Sign 3 (447).jpeg,train,3,29,400,400,accepted
data\isl_alphabet_digits\train\3\Sign 3 (184).jpeg,train,3,29,400,400,accepted
data\isl_alphabet_digits\train\3\Output Image -339.jpg,train,3,29,400,400,accepted
data\isl_alphabet_digits\train\3\Output Image -200.jpg,train,3,29,400,400,accepted
data\isl_alphabet_digits\train\3\Sign 3 (452).jpeg,train,3,29,400,400,accepted
data\isl_alphabet_digits\train\3\Sign 3 (223).jpeg,train,3,29,400,400,accepted
data\isl_alphabet_digits\train\3\Output Image -160.jpg,train,3,29,400,400,accepted
data\isl_alphabet_digits\train\3\Sign 3 (153).jpeg,train,3,29,400,400,accepted
data\isl_alphabet_digits\train\3\Output Image -408.jpg,train,3,29,400,400,accepted
data\isl_alphabet_digits\train\3\Sign 3 (440).jpeg,train,3,29,400,400,accepted
data\isl_alphabet_digits\train\3\Sign 3 (417).jpeg,train,3,29,400,400,accepted
data\isl_alphabet_digits\train\3\Output Image -221.jpg,train,3,29,400,400,accepted
data\isl_alphabet_digits\train\3\Output Image -349.jpg,train,3,29,400,400,accepted
data\isl_alphabet_digits\train\3\Sign 3 (48).jpeg,train,3,29,400,400,accepted
data\isl_alphabet_digits\train\3\Sign 3 (288).jpeg,train,3,29,400,400,accepted
data\isl_alphabet_digits\train\3\Output Image -130.jpg,train,3,29,400,400,accepted
data\isl_alphabet_digits\train\3\Sign 3 (116).jpeg,train,3,29,400,400,accepted
data\isl_alphabet_digits\train\3\Sign 3 (390).jpeg,train,3,29,400,400,accepted
data\isl_alphabet_digits\train\3\Sign 3 (317).jpeg,train,3,29,400,400,accepted
data\isl_alphabet_digits\train\3\Output Image -429.jpg,train,3,29,400,400,accepted
data\isl_alphabet_digits\train\3\Sign 3 (369).jpeg,train,3,29,400,400,accepted
data\isl_alphabet_digits\train\3\Output Image -363.jpg,train,3,29,400,400,accepted
data\isl_alphabet_digits\train\3\Output Image -66.jpg,train,3,29,400,400,accepted
data\isl_alphabet_digits\train\3\Output Image -234.jpg,train,3,29,400,400,accepted
data\isl_alphabet_digits\train\3\Output Image -49.jpg,train,3,29,400,400,accepted
data\isl_alphabet_digits\train\3\Output Image -213.jpg,train,3,29,400,400,accepted
data\isl_alphabet_digits\train\3\Sign 3 (336).jpeg,train,3,29,400,400,accepted
data\isl_alphabet_digits\train\3\Sign 3 (134).jpeg,train,3,29,400,400,accepted
data\isl_alphabet_digits\train\3\Sign 3 (298).jpeg,train,3,29,400,400,accepted
data\isl_alphabet_digits\train\3\Sign 3 (85).jpeg,train,3,29,400,400,accepted
data\isl_alphabet_digits\train\3\Output Image -328.jpg,train,3,29,400,400,accepted
data\isl_alphabet_digits\train\3\Sign 3 (488).jpeg,train,3,29,400,400,accepted
data\isl_alphabet_digits\train\3\Output Image -211.jpg,train,3,29,400,400,accepted
data\isl_alphabet_digits\train\3\Output Image -199.jpg,train,3,29,400,400,accepted
data\isl_alphabet_digits\train\3\Sign 3 (225).jpeg,train,3,29,400,400,accepted
data\isl_alphabet_digits\train\3\Sign 3 (22).jpeg,train,3,29,400,400,accepted
data\isl_alphabet_digits\train\3\Sign 3 (256).jpeg,train,3,29,400,400,accepted
data\isl_alphabet_digits\train\3\Output Image -182.jpg,train,3,29,400,400,accepted
data\isl_alphabet_digits\train\3\Sign 3 (17).jpeg,train,3,29,400,400,accepted
data\isl_alphabet_digits\train\3\Sign 3 (364).jpeg,train,3,29,400,400,accepted
data\isl_alphabet_digits\train\3\Sign 3 (462).jpeg,train,3,29,400,400,accepted
data\isl_alphabet_digits\train\3\Output Image -491.jpg,train,3,29,400,400,accepted
data\isl_alphabet_digits\train\3\Output Image -144.jpg,train,3,29,400,400,accepted
data\isl_alphabet_digits\train\3\Output Image -31.jpg,train,3,29,400,400,accepted
data\isl_alphabet_digits\train\3\Output Image -112.jpg,train,3,29,400,400,accepted
data\isl_alphabet_digits\train\3\Sign 3 (99).jpeg,train,3,29,400,400,accepted
data\isl_alphabet_digits\train\3\Sign 3 (132).jpeg,train,3,29,400,400,accepted
data\isl_alphabet_digits\train\3\Output Image -298.jpg,train,3,29,400,400,accepted
data\isl_alphabet_digits\train\3\Output Image -103.jpg,train,3,29,400,400,accepted
data\isl_alphabet_digits\train\3\Output Image -185.jpg,train,3,29,400,400,accepted
data\isl_alphabet_digits\train\3\Sign 3 (89).jpeg,train,3,29,400,400,accepted
data\isl_alphabet_digits\train\3\Sign 3 (329).jpeg,train,3,29,400,400,accepted
data\isl_alphabet_digits\train\3\Sign 3 (204).jpeg,train,3,29,400,400,accepted
data\isl_alphabet_digits\train\3\Output Image -24.jpg,train,3,29,400,400,accepted
data\isl_alphabet_digits\train\3\Output Image -407.jpg,train,3,29,400,400,accepted
data\isl_alphabet_digits\train\3\Sign 3 (496).jpeg,train,3,29,400,400,accepted
data\isl_alphabet_digits\train\3\Sign 3 (111).jpeg,train,3,29,400,400,accepted
data\isl_alphabet_digits\train\3\Output Image -384.jpg,train,3,29,400,400,accepted
data\isl_alphabet_digits\train\3\Output Image -75.jpg,train,3,29,400,400,accepted
data\isl_alphabet_digits\train\3\Sign 3 (468).jpeg,train,3,29,400,400,accepted
data\isl_alphabet_digits\train\3\Sign 3 (190).jpeg,train,3,29,400,400,accepted
data\isl_alphabet_digits\train\3\Output Image -287.jpg,train,3,29,400,400,accepted
data\isl_alphabet_digits\train\3\Sign 3 (416).jpeg,train,3,29,400,400,accepted
data\isl_alphabet_digits\train\3\Sign 3 (2).jpeg,train,3,29,400,400,accepted
data\isl_alphabet_digits\train\3\Sign 3 (400).jpeg,train,3,29,400,400,accepted
data\isl_alphabet_digits\train\3\Output Image -472.jpg,train,3,29,400,400,accepted
data\isl_alphabet_digits\train\3\Sign 3 (156).jpeg,train,3,29,400,400,accepted
data\isl_alphabet_digits\train\3\Sign 3 (291).jpeg,train,3,29,400,400,accepted
data\isl_alphabet_digits\train\3\Sign 3 (304).jpeg,train,3,29,400,400,accepted
data\isl_alphabet_digits\train\3\Sign 3 (82).jpeg,train,3,29,400,400,accepted
data\isl_alphabet_digits\train\3\Sign 3 (98).jpeg,train,3,29,400,400,accepted
data\isl_alphabet_digits\train\3\Output Image -30.jpg,train,3,29,400,400,accepted
data\isl_alphabet_digits\train\3\Output Image -71.jpg,train,3,29,400,400,accepted
data\isl_alphabet_digits\train\3\Output Image -307.jpg,train,3,29,400,400,accepted
data\isl_alphabet_digits\train\3\Sign 3 (220).jpeg,train,3,29,400,400,accepted
data\isl_alphabet_digits\train\3\Sign 3 (80).jpeg,train,3,29,400,400,accepted
data\isl_alphabet_digits\train\3\Sign 3 (406).jpeg,train,3,29,400,400,accepted
data\isl_alphabet_digits\train\3\Output Image -187.jpg,train,3,29,400,400,accepted
data\isl_alphabet_digits\train\3\Output Image -44.jpg,train,3,29,400,400,accepted
data\isl_alphabet_digits\train\3\Output Image -440.jpg,train,3,29,400,400,accepted
data\isl_alphabet_digits\train\3\Sign 3 (475).jpeg,train,3,29,400,400,accepted
data\isl_alphabet_digits\train\3\Sign 3 (52).jpeg,train,3,29,400,400,accepted
data\isl_alphabet_digits\train\3\Output Image -22.jpg,train,3,29,400,400,accepted
data\isl_alphabet_digits\train\3\Sign 3 (264).jpeg,train,3,29,400,400,accepted
data\isl_alphabet_digits\train\3\Output Image -397.jpg,train,3,29,400,400,accepted
data\isl_alphabet_digits\train\3\Sign 3 (306).jpeg,train,3,29,400,400,accepted
data\isl_alphabet_digits\train\3\Output Image -172.jpg,train,3,29,400,400,accepted
data\isl_alphabet_digits\train\3\Sign 3 (285).jpeg,train,3,29,400,400,accepted
data\isl_alphabet_digits\train\3\Sign 3 (435).jpeg,train,3,29,400,400,accepted
data\isl_alphabet_digits\train\3\Output Image -5.jpg,train,3,29,400,400,accepted
data\isl_alphabet_digits\train\3\Sign 3 (308).jpeg,train,3,29,400,400,accepted
data\isl_alphabet_digits\train\3\Sign 3 (443).jpeg,train,3,29,400,400,accepted
data\isl_alphabet_digits\train\3\Output Image -353.jpg,train,3,29,400,400,accepted
data\isl_alphabet_digits\train\3\Sign 3 (237).jpeg,train,3,29,400,400,accepted
data\isl_alphabet_digits\train\3\Output Image -378.jpg,train,3,29,400,400,accepted
data\isl_alphabet_digits\train\3\Sign 3 (460).jpeg,train,3,29,400,400,accepted
data\isl_alphabet_digits\train\3\Output Image -128.jpg,train,3,29,400,400,accepted
data\isl_alphabet_digits\train\3\Output Image -444.jpg,train,3,29,400,400,accepted
data\isl_alphabet_digits\train\3\Output Image -226.jpg,train,3,29,400,400,accepted
data\isl_alphabet_digits\train\3\Output Image -60.jpg,train,3,29,400,400,accepted
data\isl_alphabet_digits\train\3\Sign 3 (86).jpeg,train,3,29,400,400,accepted
data\isl_alphabet_digits\train\3\Output Image -390.jpg,train,3,29,400,400,accepted
data\isl_alphabet_digits\train\3\Sign 3 (424).jpeg,train,3,29,400,400,accepted
data\isl_alphabet_digits\train\3\Sign 3 (235).jpeg,train,3,29,400,400,accepted
data\isl_alphabet_digits\train\3\Output Image -262.jpg,train,3,29,400,400,accepted
data\isl_alphabet_digits\train\3\Output Image -145.jpg,train,3,29,400,400,accepted
data\isl_alphabet_digits\train\3\Output Image -445.jpg,train,3,29,400,400,accepted
data\isl_alphabet_digits\train\3\Output Image -186.jpg,train,3,29,400,400,accepted
data\isl_alphabet_digits\train\3\Output Image -275.jpg,train,3,29,400,400,accepted
data\isl_alphabet_digits\train\3\Sign 3 (367).jpeg,train,3,29,400,400,accepted
data\isl_alphabet_digits\train\3\Output Image -263.jpg,train,3,29,400,400,accepted
data\isl_alphabet_digits\train\3\Output Image -309.jpg,train,3,29,400,400,accepted
data\isl_alphabet_digits\train\3\Output Image -174.jpg,train,3,29,400,400,accepted
data\isl_alphabet_digits\train\3\Output Image -308.jpg,train,3,29,400,400,accepted
data\isl_alphabet_digits\train\3\Output Image -11.jpg,train,3,29,400,400,accepted
data\isl_alphabet_digits\train\3\Sign 3 (395).jpeg,train,3,29,400,400,accepted
data\isl_alphabet_digits\train\3\Output Image -123.jpg,train,3,29,400,400,accepted
data\isl_alphabet_digits\train\3\Sign 3 (275).jpeg,train,3,29,400,400,accepted
data\isl_alphabet_digits\train\3\Sign 3 (162).jpeg,train,3,29,400,400,accepted
data\isl_alphabet_digits\train\3\Output Image -458.jpg,train,3,29,400,400,accepted
data\isl_alphabet_digits\train\3\Output Image -183.jpg,train,3,29,400,400,accepted
data\isl_alphabet_digits\train\3\Output Image -271.jpg,train,3,29,400,400,accepted
data\isl_alphabet_digits\train\3\Sign 3 (421).jpeg,train,3,29,400,400,accepted
data\isl_alphabet_digits\train\3\Sign 3 (388).jpeg,train,3,29,400,400,accepted
data\isl_alphabet_digits\train\3\Sign 3 (24).jpeg,train,3,29,400,400,accepted
data\isl_alphabet_digits\train\3\Output Image -228.jpg,train,3,29,400,400,accepted
data\isl_alphabet_digits\train\3\Output Image -268.jpg,train,3,29,400,400,accepted
data\isl_alphabet_digits\train\3\Output Image -425.jpg,train,3,29,400,400,accepted
data\isl_alphabet_digits\train\3\Output Image -21.jpg,train,3,29,400,400,accepted
data\isl_alphabet_digits\train\3\Output Image -499.jpg,train,3,29,400,400,accepted
data\isl_alphabet_digits\train\3\Sign 3 (185).jpeg,train,3,29,400,400,accepted
data\isl_alphabet_digits\train\3\Output Image -93.jpg,train,3,29,400,400,accepted
data\isl_alphabet_digits\train\3\Output Image -463.jpg,train,3,29,400,400,accepted
data\isl_alphabet_digits\train\3\Sign 3 (410).jpeg,train,3,29,400,400,accepted
data\isl_alphabet_digits\train\3\Output Image -387.jpg,train,3,29,400,400,accepted
data\isl_alphabet_digits\train\3\Sign 3 (73).jpeg,train,3,29,400,400,accepted
data\isl_alphabet_digits\train\3\Sign 3 (448).jpeg,train,3,29,400,400,accepted
data\isl_alphabet_digits\train\3\Output Image -89.jpg,train,3,29,400,400,accepted
data\isl_alphabet_digits\train\3\Output Image -68.jpg,train,3,29,400,400,accepted
data\isl_alphabet_digits\train\3\Sign 3 (19).jpeg,train,3,29,400,400,accepted
data\isl_alphabet_digits\train\3\Sign 3 (124).jpeg,train,3,29,400,400,accepted
data\isl_alphabet_digits\train\3\Sign 3 (202).jpeg,train,3,29,400,400,accepted
data\isl_alphabet_digits\train\3\Sign 3 (97).jpeg,train,3,29,400,400,accepted
data\isl_alphabet_digits\train\3\Output Image -201.jpg,train,3,29,400,400,accepted
data\isl_alphabet_digits\train\3\Output Image -247.jpg,train,3,29,400,400,accepted
data\isl_alphabet_digits\train\3\Output Image -136.jpg,train,3,29,400,400,accepted
data\isl_alphabet_digits\train\3\Output Image -119.jpg,train,3,29,400,400,accepted
data\isl_alphabet_digits\train\3\Sign 3 (296).jpeg,train,3,29,400,400,accepted
data\isl_alphabet_digits\train\3\Sign 3 (188).jpeg,train,3,29,400,400,accepted
data\isl_alphabet_digits\train\3\Sign 3 (232).jpeg,train,3,29,400,400,accepted
data\isl_alphabet_digits\train\3\Sign 3 (201).jpeg,train,3,29,400,400,accepted
data\isl_alphabet_digits\train\3\Sign 3 (389).jpeg,train,3,29,400,400,accepted
data\isl_alphabet_digits\train\3\Output Image -476.jpg,train,3,29,400,400,accepted
data\isl_alphabet_digits\train\3\Output Image -132.jpg,train,3,29,400,400,accepted
data\isl_alphabet_digits\train\3\Output Image -479.jpg,train,3,29,400,400,accepted
data\isl_alphabet_digits\train\3\Sign 3 (103).jpeg,train,3,29,400,400,accepted
data\isl_alphabet_digits\train\3\Sign 3 (191).jpeg,train,3,29,400,400,accepted
data\isl_alphabet_digits\train\3\Output Image -414.jpg,train,3,29,400,400,accepted
data\isl_alphabet_digits\train\3\Sign 3 (491).jpeg,train,3,29,400,400,accepted
data\isl_alphabet_digits\train\3\Sign 3 (439).jpeg,train,3,29,400,400,accepted
data\isl_alphabet_digits\train\3\Output Image -303.jpg,train,3,29,400,400,accepted
data\isl_alphabet_digits\train\3\Output Image -269.jpg,train,3,29,400,400,accepted
data\isl_alphabet_digits\train\3\Output Image -278.jpg,train,3,29,400,400,accepted
data\isl_alphabet_digits\train\3\Sign 3 (258).jpeg,train,3,29,400,400,accepted
data\isl_alphabet_digits\val\3\Output Image -8.jpg,val,3,29,400,400,accepted
data\isl_alphabet_digits\val\3\Output Image -342.jpg,val,3,29,400,400,accepted
data\isl_alphabet_digits\val\3\Sign 3 (174).jpeg,val,3,29,400,400,accepted
data\isl_alphabet_digits\val\3\Sign 3 (361).jpeg,val,3,29,400,400,accepted
data\isl_alphabet_digits\val\3\Output Image -448.jpg,val,3,29,400,400,accepted
data\isl_alphabet_digits\val\3\Sign 3 (186).jpeg,val,3,29,400,400,accepted
data\isl_alphabet_digits\val\3\Output Image -484.jpg,val,3,29,400,400,accepted
data\isl_alphabet_digits\val\3\Sign 3 (295).jpeg,val,3,29,400,400,accepted
data\isl_alphabet_digits\val\3\Output Image -120.jpg,val,3,29,400,400,accepted
data\isl_alphabet_digits\val\3\Sign 3 (62).jpeg,val,3,29,400,400,accepted
data\isl_alphabet_digits\val\3\Output Image -453.jpg,val,3,29,400,400,accepted
data\isl_alphabet_digits\val\3\Sign 3 (485).jpeg,val,3,29,400,400,accepted
data\isl_alphabet_digits\val\3\Sign 3 (340).jpeg,val,3,29,400,400,accepted
data\isl_alphabet_digits\val\3\Output Image -43.jpg,val,3,29,400,400,accepted
data\isl_alphabet_digits\val\3\Output Image -138.jpg,val,3,29,400,400,accepted
data\isl_alphabet_digits\val\3\Sign 3 (392).jpeg,val,3,29,400,400,accepted
data\isl_alphabet_digits\val\3\Sign 3 (128).jpeg,val,3,29,400,400,accepted
data\isl_alphabet_digits\val\3\Sign 3 (45).jpeg,val,3,29,400,400,accepted
data\isl_alphabet_digits\val\3\Output Image -362.jpg,val,3,29,400,400,accepted
data\isl_alphabet_digits\val\3\Sign 3 (467).jpeg,val,3,29,400,400,accepted
data\isl_alphabet_digits\val\3\Sign 3 (177).jpeg,val,3,29,400,400,accepted
data\isl_alphabet_digits\val\3\Sign 3 (344).jpeg,val,3,29,400,400,accepted
data\isl_alphabet_digits\val\3\Output Image -125.jpg,val,3,29,400,400,accepted
data\isl_alphabet_digits\val\3\Output Image -51.jpg,val,3,29,400,400,accepted
data\isl_alphabet_digits\val\3\Sign 3 (152).jpeg,val,3,29,400,400,accepted
data\isl_alphabet_digits\val\3\Sign 3 (473).jpeg,val,3,29,400,400,accepted
data\isl_alphabet_digits\val\3\Output Image -190.jpg,val,3,29,400,400,accepted
data\isl_alphabet_digits\val\3\Output Image -361.jpg,val,3,29,400,400,accepted
data\isl_alphabet_digits\val\3\Output Image -424.jpg,val,3,29,400,400,accepted
data\isl_alphabet_digits\val\3\Sign 3 (72).jpeg,val,3,29,400,400,accepted
data\isl_alphabet_digits\val\3\Output Image -336.jpg,val,3,29,400,400,accepted
data\isl_alphabet_digits\val\3\Output Image -23.jpg,val,3,29,400,400,accepted
data\isl_alphabet_digits\val\3\Sign 3 (78).jpeg,val,3,29,400,400,accepted
data\isl_alphabet_digits\val\3\Output Image -327.jpg,val,3,29,400,400,accepted
data\isl_alphabet_digits\val\3\Output Image -37.jpg,val,3,29,400,400,accepted
data\isl_alphabet_digits\val\3\Output Image -319.jpg,val,3,29,400,400,accepted
data\isl_alphabet_digits\val\3\Sign 3 (268).jpeg,val,3,29,400,400,accepted
data\isl_alphabet_digits\val\3\Sign 3 (419).jpeg,val,3,29,400,400,accepted
data\isl_alphabet_digits\val\3\Sign 3 (178).jpeg,val,3,29,400,400,accepted
data\isl_alphabet_digits\val\3\Sign 3 (88).jpeg,val,3,29,400,400,accepted
data\isl_alphabet_digits\val\3\Sign 3 (245).jpeg,val,3,29,400,400,accepted
data\isl_alphabet_digits\val\3\Output Image -69.jpg,val,3,29,400,400,accepted
data\isl_alphabet_digits\val\3\Sign 3 (315).jpeg,val,3,29,400,400,accepted
data\isl_alphabet_digits\val\3\Output Image -392.jpg,val,3,29,400,400,accepted
data\isl_alphabet_digits\val\3\Sign 3 (436).jpeg,val,3,29,400,400,accepted
data\isl_alphabet_digits\val\3\Output Image -376.jpg,val,3,29,400,400,accepted
data\isl_alphabet_digits\val\3\Sign 3 (130).jpeg,val,3,29,400,400,accepted
data\isl_alphabet_digits\val\3\Output Image -258.jpg,val,3,29,400,400,accepted
data\isl_alphabet_digits\val\3\Output Image -233.jpg,val,3,29,400,400,accepted
data\isl_alphabet_digits\val\3\Sign 3 (40).jpeg,val,3,29,400,400,accepted
data\isl_alphabet_digits\val\3\Output Image -415.jpg,val,3,29,400,400,accepted
data\isl_alphabet_digits\val\3\Sign 3 (144).jpeg,val,3,29,400,400,accepted
data\isl_alphabet_digits\val\3\Sign 3 (39).jpeg,val,3,29,400,400,accepted
data\isl_alphabet_digits\val\3\Output Image -164.jpg,val,3,29,400,400,accepted
data\isl_alphabet_digits\val\3\Output Image -260.jpg,val,3,29,400,400,accepted
data\isl_alphabet_digits\val\3\Output Image -57.jpg,val,3,29,400,400,accepted
data\isl_alphabet_digits\val\3\Output Image -443.jpg,val,3,29,400,400,accepted
data\isl_alphabet_digits\val\3\Sign 3 (14).jpeg,val,3,29,400,400,accepted
data\isl_alphabet_digits\val\3\Output Image -217.jpg,val,3,29,400,400,accepted
data\isl_alphabet_digits\val\3\Sign 3 (195).jpeg,val,3,29,400,400,accepted
data\isl_alphabet_digits\val\3\Output Image -26.jpg,val,3,29,400,400,accepted
data\isl_alphabet_digits\val\3\Sign 3 (457).jpeg,val,3,29,400,400,accepted
data\isl_alphabet_digits\val\3\Output Image -122.jpg,val,3,29,400,400,accepted
data\isl_alphabet_digits\val\3\Output Image -439.jpg,val,3,29,400,400,accepted
data\isl_alphabet_digits\val\3\Sign 3 (183).jpeg,val,3,29,400,400,accepted
data\isl_alphabet_digits\val\3\Sign 3 (28).jpeg,val,3,29,400,400,accepted
data\isl_alphabet_digits\val\3\Output Image -496.jpg,val,3,29,400,400,accepted
data\isl_alphabet_digits\val\3\Output Image -34.jpg,val,3,29,400,400,accepted
data\isl_alphabet_digits\val\3\Sign 3 (155).jpeg,val,3,29,400,400,accepted
data\isl_alphabet_digits\val\3\Output Image -165.jpg,val,3,29,400,400,accepted
data\isl_alphabet_digits\val\3\Output Image -488.jpg,val,3,29,400,400,accepted
data\isl_alphabet_digits\val\3\Output Image -78.jpg,val,3,29,400,400,accepted
data\isl_alphabet_digits\val\3\Output Image -441.jpg,val,3,29,400,400,accepted
data\isl_alphabet_digits\val\3\Output Image -436.jpg,val,3,29,400,400,accepted
data\isl_alphabet_digits\val\3\Sign 3 (193).jpeg,val,3,29,400,400,accepted
data\isl_alphabet_digits\val\3\Sign 3 (13).jpeg,val,3,29,400,400,accepted
data\isl_alphabet_digits\val\3\Sign 3 (181).jpeg,val,3,29,400,400,accepted
data\isl_alphabet_digits\val\3\Sign 3 (42).jpeg,val,3,29,400,400,accepted
data\isl_alphabet_digits\val\3\Sign 3 (339).jpeg,val,3,29,400,400,accepted
data\isl_alphabet_digits\val\3\Sign 3 (359).jpeg,val,3,29,400,400,accepted
data\isl_alphabet_digits\val\3\Output Image -259.jpg,val,3,29,400,400,accepted
data\isl_alphabet_digits\val\3\Output Image -148.jpg,val,3,29,400,400,accepted
data\isl_alphabet_digits\val\3\Sign 3 (95).jpeg,val,3,29,400,400,accepted
data\isl_alphabet_digits\val\3\Output Image -400.jpg,val,3,29,400,400,accepted
data\isl_alphabet_digits\val\3\Output Image -88.jpg,val,3,29,400,400,accepted
data\isl_alphabet_digits\val\3\Output Image -490.jpg,val,3,29,400,400,accepted
data\isl_alphabet_digits\val\3\Sign 3 (386).jpeg,val,3,29,400,400,accepted
data\isl_alphabet_digits\val\3\Sign 3 (482).jpeg,val,3,29,400,400,accepted
data\isl_alphabet_digits\val\3\Sign 3 (368).jpeg,val,3,29,400,400,accepted
data\isl_alphabet_digits\val\3\Output Image -216.jpg,val,3,29,400,400,accepted
data\isl_alphabet_digits\val\3\Output Image -317.jpg,val,3,29,400,400,accepted
data\isl_alphabet_digits\val\3\Sign 3 (30).jpeg,val,3,29,400,400,accepted
data\isl_alphabet_digits\val\3\Sign 3 (355).jpeg,val,3,29,400,400,accepted
data\isl_alphabet_digits\val\3\Sign 3 (252).jpeg,val,3,29,400,400,accepted
data\isl_alphabet_digits\val\3\Output Image -417.jpg,val,3,29,400,400,accepted
data\isl_alphabet_digits\val\3\Sign 3 (196).jpeg,val,3,29,400,400,accepted
data\isl_alphabet_digits\val\3\Sign 3 (206).jpeg,val,3,29,400,400,accepted
data\isl_alphabet_digits\val\3\Sign 3 (287).jpeg,val,3,29,400,400,accepted
data\isl_alphabet_digits\val\3\Output Image -118.jpg,val,3,29,400,400,accepted
data\isl_alphabet_digits\val\3\Output Image -192.jpg,val,3,29,400,400,accepted
data\isl_alphabet_digits\val\3\Output Image -386.jpg,val,3,29,400,400,accepted
data\isl_alphabet_digits\val\3\Sign 3 (405).jpeg,val,3,29,400,400,accepted
data\isl_alphabet_digits\val\3\Output Image -83.jpg,val,3,29,400,400,accepted
data\isl_alphabet_digits\val\3\Sign 3 (394).jpeg,val,3,29,400,400,accepted
data\isl_alphabet_digits\val\3\Output Image -95.jpg,val,3,29,400,400,accepted
data\isl_alphabet_digits\val\3\Sign 3 (115).jpeg,val,3,29,400,400,accepted
data\isl_alphabet_digits\val\3\Sign 3 (110).jpeg,val,3,29,400,400,accepted
data\isl_alphabet_digits\val\3\Output Image -10.jpg,val,3,29,400,400,accepted
data\isl_alphabet_digits\val\3\Output Image -241.jpg,val,3,29,400,400,accepted
data\isl_alphabet_digits\val\3\Output Image -220.jpg,val,3,29,400,400,accepted
data\isl_alphabet_digits\val\3\Output Image -411.jpg,val,3,29,400,400,accepted
data\isl_alphabet_digits\val\3\Output Image -459.jpg,val,3,29,400,400,accepted
data\isl_alphabet_digits\val\3\Output Image -179.jpg,val,3,29,400,400,accepted
data\isl_alphabet_digits\val\3\Output Image -364.jpg,val,3,29,400,400,accepted
data\isl_alphabet_digits\val\3\Output Image -173.jpg,val,3,29,400,400,accepted
data\isl_alphabet_digits\val\3\Output Image -314.jpg,val,3,29,400,400,accepted
data\isl_alphabet_digits\val\3\Output Image -371.jpg,val,3,29,400,400,accepted
data\isl_alphabet_digits\val\3\Output Image -340.jpg,val,3,29,400,400,accepted
data\isl_alphabet_digits\val\3\Output Image -315.jpg,val,3,29,400,400,accepted
data\isl_alphabet_digits\val\3\Sign 3 (16).jpeg,val,3,29,400,400,accepted
data\isl_alphabet_digits\val\3\Sign 3 (6).jpeg,val,3,29,400,400,accepted
data\isl_alphabet_digits\val\3\Output Image -143.jpg,val,3,29,400,400,accepted
data\isl_alphabet_digits\val\3\Output Image -195.jpg,val,3,29,400,400,accepted
data\isl_alphabet_digits\val\3\Sign 3 (328).jpeg,val,3,29,400,400,accepted
data\isl_alphabet_digits\val\3\Sign 3 (108).jpeg,val,3,29,400,400,accepted
data\isl_alphabet_digits\val\3\Sign 3 (255).jpeg,val,3,29,400,400,accepted
data\isl_alphabet_digits\test\3\Sign 3 (168).jpeg,test,3,29,400,400,accepted
data\isl_alphabet_digits\test\3\Sign 3 (343).jpeg,test,3,29,400,400,accepted
data\isl_alphabet_digits\test\3\Output Image -331.jpg,test,3,29,400,400,accepted
data\isl_alphabet_digits\test\3\Sign 3 (238).jpeg,test,3,29,400,400,accepted
data\isl_alphabet_digits\test\3\Output Image -98.jpg,test,3,29,400,400,accepted
data\isl_alphabet_digits\test\3\Sign 3 (105).jpeg,test,3,29,400,400,accepted
data\isl_alphabet_digits\test\3\Sign 3 (146).jpeg,test,3,29,400,400,accepted
data\isl_alphabet_digits\test\3\Output Image -375.jpg,test,3,29,400,400,accepted
data\isl_alphabet_digits\test\3\Sign 3 (175).jpeg,test,3,29,400,400,accepted
data\isl_alphabet_digits\test\3\Sign 3 (131).jpeg,test,3,29,400,400,accepted
data\isl_alphabet_digits\test\3\Output Image -212.jpg,test,3,29,400,400,accepted
data\isl_alphabet_digits\test\3\Sign 3 (159).jpeg,test,3,29,400,400,accepted
data\isl_alphabet_digits\test\3\Output Image -45.jpg,test,3,29,400,400,accepted
data\isl_alphabet_digits\test\3\Output Image -232.jpg,test,3,29,400,400,accepted
data\isl_alphabet_digits\test\3\Sign 3 (293).jpeg,test,3,29,400,400,accepted
data\isl_alphabet_digits\test\3\Output Image -432.jpg,test,3,29,400,400,accepted
data\isl_alphabet_digits\test\3\Output Image -237.jpg,test,3,29,400,400,accepted
data\isl_alphabet_digits\test\3\Sign 3 (240).jpeg,test,3,29,400,400,accepted
data\isl_alphabet_digits\test\3\Sign 3 (277).jpeg,test,3,29,400,400,accepted
data\isl_alphabet_digits\test\3\Sign 3 (480).jpeg,test,3,29,400,400,accepted
data\isl_alphabet_digits\test\3\Sign 3 (276).jpeg,test,3,29,400,400,accepted
data\isl_alphabet_digits\test\3\Output Image -149.jpg,test,3,29,400,400,accepted
data\isl_alphabet_digits\test\3\Output Image -181.jpg,test,3,29,400,400,accepted
data\isl_alphabet_digits\test\3\Output Image -344.jpg,test,3,29,400,400,accepted
data\isl_alphabet_digits\test\3\Output Image -18.jpg,test,3,29,400,400,accepted
data\isl_alphabet_digits\test\3\Sign 3 (373).jpeg,test,3,29,400,400,accepted
data\isl_alphabet_digits\test\3\Sign 3 (463).jpeg,test,3,29,400,400,accepted
data\isl_alphabet_digits\test\3\Output Image -394.jpg,test,3,29,400,400,accepted
data\isl_alphabet_digits\test\3\Output Image -36.jpg,test,3,29,400,400,accepted
data\isl_alphabet_digits\test\3\Output Image -240.jpg,test,3,29,400,400,accepted
data\isl_alphabet_digits\test\3\Output Image -19.jpg,test,3,29,400,400,accepted
data\isl_alphabet_digits\test\3\Sign 3 (360).jpeg,test,3,29,400,400,accepted
data\isl_alphabet_digits\test\3\Output Image -264.jpg,test,3,29,400,400,accepted
data\isl_alphabet_digits\test\3\Sign 3 (66).jpeg,test,3,29,400,400,accepted
data\isl_alphabet_digits\test\3\Sign 3 (342).jpeg,test,3,29,400,400,accepted
data\isl_alphabet_digits\test\3\Sign 3 (453).jpeg,test,3,29,400,400,accepted
data\isl_alphabet_digits\test\3\Sign 3 (303).jpeg,test,3,29,400,400,accepted
data\isl_alphabet_digits\test\3\Sign 3 (257).jpeg,test,3,29,400,400,accepted
data\isl_alphabet_digits\test\3\Sign 3 (415).jpeg,test,3,29,400,400,accepted
data\isl_alphabet_digits\test\3\Output Image -106.jpg,test,3,29,400,400,accepted
data\isl_alphabet_digits\test\3\Output Image -430.jpg,test,3,29,400,400,accepted
data\isl_alphabet_digits\test\3\Output Image -277.jpg,test,3,29,400,400,accepted
data\isl_alphabet_digits\test\3\Output Image -282.jpg,test,3,29,400,400,accepted
data\isl_alphabet_digits\test\3\Output Image -243.jpg,test,3,29,400,400,accepted
data\isl_alphabet_digits\test\3\Output Image -478.jpg,test,3,29,400,400,accepted
data\isl_alphabet_digits\test\3\Sign 3 (114).jpeg,test,3,29,400,400,accepted
data\isl_alphabet_digits\test\3\Sign 3 (248).jpeg,test,3,29,400,400,accepted
data\isl_alphabet_digits\test\3\Output Image -55.jpg,test,3,29,400,400,accepted
data\isl_alphabet_digits\test\3\Sign 3 (332).jpeg,test,3,29,400,400,accepted
data\isl_alphabet_digits\test\3\Output Image -257.jpg,test,3,29,400,400,accepted
data\isl_alphabet_digits\test\3\Sign 3 (143).jpeg,test,3,29,400,400,accepted
data\isl_alphabet_digits\test\3\Output Image -101.jpg,test,3,29,400,400,accepted
data\isl_alphabet_digits\test\3\Sign 3 (434).jpeg,test,3,29,400,400,accepted
data\isl_alphabet_digits\test\3\Output Image -86.jpg,test,3,29,400,400,accepted
data\isl_alphabet_digits\test\3\Output Image -90.jpg,test,3,29,400,400,accepted
data\isl_alphabet_digits\test\3\Sign 3 (441).jpeg,test,3,29,400,400,accepted
data\isl_alphabet_digits\test\3\Output Image -159.jpg,test,3,29,400,400,accepted
data\isl_alphabet_digits\test\3\Output Image -433.jpg,test,3,29,400,400,accepted
data\isl_alphabet_digits\test\3\Sign 3 (198).jpeg,test,3,29,400,400,accepted
data\isl_alphabet_digits\test\3\Output Image -482.jpg,test,3,29,400,400,accepted
data\isl_alphabet_digits\test\3\Output Image -188.jpg,test,3,29,400,400,accepted
data\isl_alphabet_digits\test\3\Output Image -202.jpg,test,3,29,400,400,accepted
data\isl_alphabet_digits\test\3\Sign 3 (490).jpeg,test,3,29,400,400,accepted
data\isl_alphabet_digits\test\3\Sign 3 (380).jpeg,test,3,29,400,400,accepted
data\isl_alphabet_digits\test\3\Sign 3 (429).jpeg,test,3,29,400,400,accepted
data\isl_alphabet_digits\test\3\Sign 3 (49).jpeg,test,3,29,400,400,accepted
data\isl_alphabet_digits\test\3\Output Image -352.jpg,test,3,29,400,400,accepted
data\isl_alphabet_digits\test\3\Output Image -222.jpg,test,3,29,400,400,accepted
data\isl_alphabet_digits\test\3\Output Image -155.jpg,test,3,29,400,400,accepted
data\isl_alphabet_digits\test\3\Sign 3 (68).jpeg,test,3,29,400,400,accepted
data\isl_alphabet_digits\test\3\Sign 3 (401).jpeg,test,3,29,400,400,accepted
data\isl_alphabet_digits\test\3\Sign 3 (444).jpeg,test,3,29,400,400,accepted
data\isl_alphabet_digits\test\3\Output Image -242.jpg,test,3,29,400,400,accepted
data\isl_alphabet_digits\test\3\Sign 3 (353).jpeg,test,3,29,400,400,accepted
data\isl_alphabet_digits\test\3\Sign 3 (87).jpeg,test,3,29,400,400,accepted
data\isl_alphabet_digits\test\3\Sign 3 (311).jpeg,test,3,29,400,400,accepted
data\isl_alphabet_digits\test\3\Output Image -413.jpg,test,3,29,400,400,accepted
data\isl_alphabet_digits\test\3\Output Image -301.jpg,test,3,29,400,400,accepted
data\isl_alphabet_digits\test\3\Output Image -404.jpg,test,3,29,400,400,accepted
data\isl_alphabet_digits\test\3\Output Image -92.jpg,test,3,29,400,400,accepted
data\isl_alphabet_digits\test\3\Output Image -63.jpg,test,3,29,400,400,accepted
data\isl_alphabet_digits\test\3\Output Image -471.jpg,test,3,29,400,400,accepted
data\isl_alphabet_digits\test\3\Output Image -462.jpg,test,3,29,400,400,accepted
data\isl_alphabet_digits\test\3\Sign 3 (217).jpeg,test,3,29,400,400,accepted
data\isl_alphabet_digits\test\3\Output Image -457.jpg,test,3,29,400,400,accepted
data\isl_alphabet_digits\test\3\Sign 3 (299).jpeg,test,3,29,400,400,accepted
data\isl_alphabet_digits\test\3\Sign 3 (32).jpeg,test,3,29,400,400,accepted
data\isl_alphabet_digits\test\3\Sign 3 (113).jpeg,test,3,29,400,400,accepted
data\isl_alphabet_digits\test\3\Sign 3 (423).jpeg,test,3,29,400,400,accepted
data\isl_alphabet_digits\test\3\Sign 3 (458).jpeg,test,3,29,400,400,accepted
data\isl_alphabet_digits\test\3\Sign 3 (316).jpeg,test,3,29,400,400,accepted
data\isl_alphabet_digits\test\3\Output Image -169.jpg,test,3,29,400,400,accepted
data\isl_alphabet_digits\test\3\Sign 3 (327).jpeg,test,3,29,400,400,accepted
data\isl_alphabet_digits\test\3\Output Image -252.jpg,test,3,29,400,400,accepted
data\isl_alphabet_digits\test\3\Output Image -380.jpg,test,3,29,400,400,accepted
data\isl_alphabet_digits\test\3\Output Image -82.jpg,test,3,29,400,400,accepted
data\isl_alphabet_digits\test\3\Output Image -285.jpg,test,3,29,400,400,accepted
data\isl_alphabet_digits\test\3\Output Image -48.jpg,test,3,29,400,400,accepted
data\isl_alphabet_digits\test\3\Sign 3 (297).jpeg,test,3,29,400,400,accepted
data\isl_alphabet_digits\test\3\Sign 3 (173).jpeg,test,3,29,400,400,accepted
data\isl_alphabet_digits\test\3\Sign 3 (137).jpeg,test,3,29,400,400,accepted
data\isl_alphabet_digits\test\3\Output Image -300.jpg,test,3,29,400,400,accepted
data\isl_alphabet_digits\test\3\Output Image -302.jpg,test,3,29,400,400,accepted
data\isl_alphabet_digits\test\3\Output Image -382.jpg,test,3,29,400,400,accepted
data\isl_alphabet_digits\test\3\Sign 3 (64).jpeg,test,3,29,400,400,accepted
data\isl_alphabet_digits\test\3\Sign 3 (387).jpeg,test,3,29,400,400,accepted
data\isl_alphabet_digits\test\3\Sign 3 (15).jpeg,test,3,29,400,400,accepted
data\isl_alphabet_digits\test\3\Sign 3 (3).jpeg,test,3,29,400,400,accepted
data\isl_alphabet_digits\test\3\Output Image -435.jpg,test,3,29,400,400,accepted
data\isl_alphabet_digits\test\3\Output Image -224.jpg,test,3,29,400,400,accepted
data\isl_alphabet_digits\test\3\Sign 3 (192).jpeg,test,3,29,400,400,accepted
data\isl_alphabet_digits\test\3\Sign 3 (56).jpeg,test,3,29,400,400,accepted
data\isl_alphabet_digits\test\3\Output Image -137.jpg,test,3,29,400,400,accepted
data\isl_alphabet_digits\test\3\Sign 3 (18).jpeg,test,3,29,400,400,accepted
data\isl_alphabet_digits\test\3\Output Image -35.jpg,test,3,29,400,400,accepted
data\isl_alphabet_digits\test\3\Sign 3 (454).jpeg,test,3,29,400,400,accepted
data\isl_alphabet_digits\test\3\Sign 3 (310).jpeg,test,3,29,400,400,accepted
data\isl_alphabet_digits\test\3\Sign 3 (370).jpeg,test,3,29,400,400,accepted
data\isl_alphabet_digits\test\3\Sign 3 (358).jpeg,test,3,29,400,400,accepted
data\isl_alphabet_digits\test\3\Sign 3 (77).jpeg,test,3,29,400,400,accepted
data\isl_alphabet_digits\test\3\Sign 3 (234).jpeg,test,3,29,400,400,accepted
data\isl_alphabet_digits\test\3\Output Image -219.jpg,test,3,29,400,400,accepted
data\isl_alphabet_digits\test\3\Output Image -25.jpg,test,3,29,400,400,accepted
data\isl_alphabet_digits\test\3\Output Image -105.jpg,test,3,29,400,400,accepted
data\isl_alphabet_digits\test\3\Output Image -100.jpg,test,3,29,400,400,accepted
data\isl_alphabet_digits\test\3\Output Image -256.jpg,test,3,29,400,400,accepted
data\isl_alphabet_digits\train\4\Output Image -305.jpg,train,4,30,400,400,accepted
data\isl_alphabet_digits\train\4\Output Image -454.jpg,train,4,30,400,400,accepted
data\isl_alphabet_digits\train\4\Sign 4 (367).jpeg,train,4,30,400,400,accepted
data\isl_alphabet_digits\train\4\Output Image -41.jpg,train,4,30,400,400,accepted
data\isl_alphabet_digits\train\4\Output Image -214.jpg,train,4,30,400,400,accepted
data\isl_alphabet_digits\train\4\Sign 4 (249).jpeg,train,4,30,400,400,accepted
data\isl_alphabet_digits\train\4\Output Image -219.jpg,train,4,30,400,400,accepted
data\isl_alphabet_digits\train\4\Sign 4 (232).jpeg,train,4,30,400,400,accepted
data\isl_alphabet_digits\train\4\Sign 4 (238).jpeg,train,4,30,400,400,accepted
data\isl_alphabet_digits\train\4\Sign 4 (200).jpeg,train,4,30,400,400,accepted
data\isl_alphabet_digits\train\4\Output Image -215.jpg,train,4,30,400,400,accepted
data\isl_alphabet_digits\train\4\Output Image -292.jpg,train,4,30,400,400,accepted
data\isl_alphabet_digits\train\4\Sign 4 (270).jpeg,train,4,30,400,400,accepted
data\isl_alphabet_digits\train\4\Output Image -369.jpg,train,4,30,400,400,accepted
data\isl_alphabet_digits\train\4\Output Image -138.jpg,train,4,30,400,400,accepted
data\isl_alphabet_digits\train\4\Output Image -336.jpg,train,4,30,400,400,accepted
data\isl_alphabet_digits\train\4\Sign 4 (79).jpeg,train,4,30,400,400,accepted
data\isl_alphabet_digits\train\4\Sign 4 (4).jpeg,train,4,30,400,400,accepted
data\isl_alphabet_digits\train\4\Output Image -5.jpg,train,4,30,400,400,accepted
data\isl_alphabet_digits\train\4\Sign 4 (454).jpeg,train,4,30,400,400,accepted
data\isl_alphabet_digits\train\4\Sign 4 (325).jpeg,train,4,30,400,400,accepted
data\isl_alphabet_digits\train\4\Sign 4 (484).jpeg,train,4,30,400,400,accepted
data\isl_alphabet_digits\train\4\Sign 4 (237).jpeg,train,4,30,400,400,accepted
data\isl_alphabet_digits\train\4\Sign 4 (356).jpeg,train,4,30,400,400,accepted
data\isl_alphabet_digits\train\4\Output Image -461.jpg,train,4,30,400,400,accepted
data\isl_alphabet_digits\train\4\Output Image -490.jpg,train,4,30,400,400,accepted
data\isl_alphabet_digits\train\4\Sign 4 (275).jpeg,train,4,30,400,400,accepted
data\isl_alphabet_digits\train\4\Sign 4 (353).jpeg,train,4,30,400,400,accepted
data\isl_alphabet_digits\train\4\Output Image -57.jpg,train,4,30,400,400,accepted
data\isl_alphabet_digits\train\4\Output Image -100.jpg,train,4,30,400,400,accepted
data\isl_alphabet_digits\train\4\Output Image -95.jpg,train,4,30,400,400,accepted
data\isl_alphabet_digits\train\4\Output Image -328.jpg,train,4,30,400,400,accepted
data\isl_alphabet_digits\train\4\Output Image -299.jpg,train,4,30,400,400,accepted
data\isl_alphabet_digits\train\4\Output Image -355.jpg,train,4,30,400,400,accepted
data\isl_alphabet_digits\train\4\Sign 4 (76).jpeg,train,4,30,400,400,accepted
data\isl_alphabet_digits\train\4\Output Image -270.jpg,train,4,30,400,400,accepted
data\isl_alphabet_digits\train\4\Sign 4 (66).jpeg,train,4,30,400,400,accepted
data\isl_alphabet_digits\train\4\Output Image -79.jpg,train,4,30,400,400,accepted
data\isl_alphabet_digits\train\4\Sign 4 (192).jpeg,train,4,30,400,400,accepted
data\isl_alphabet_digits\train\4\Sign 4 (94).jpeg,train,4,30,400,400,accepted
data\isl_alphabet_digits\train\4\Sign 4 (129).jpeg,train,4,30,400,400,accepted
data\isl_alphabet_digits\train\4\Sign 4 (22).jpeg,train,4,30,400,400,accepted
data\isl_alphabet_digits\train\4\Sign 4 (342).jpeg,train,4,30,400,400,accepted
data\isl_alphabet_digits\train\4\Sign 4 (377).jpeg,train,4,30,400,400,accepted
data\isl_alphabet_digits\train\4\Output Image -102.jpg,train,4,30,400,400,accepted
data\isl_alphabet_digits\train\4\Sign 4 (472).jpeg,train,4,30,400,400,accepted
data\isl_alphabet_digits\train\4\Sign 4 (183).jpeg,train,4,30,400,400,accepted
data\isl_alphabet_digits\train\4\Sign 4 (191).jpeg,train,4,30,400,400,accepted
data\isl_alphabet_digits\train\4\Sign 4 (273).jpeg,train,4,30,400,400,accepted
data\isl_alphabet_digits\train\4\Sign 4 (87).jpeg,train,4,30,400,400,accepted
data\isl_alphabet_digits\train\4\Sign 4 (425).jpeg,train,4,30,400,400,accepted
data\isl_alphabet_digits\train\4\Sign 4 (126).jpeg,train,4,30,400,400,accepted
data\isl_alphabet_digits\train\4\Sign 4 (116).jpeg,train,4,30,400,400,accepted
data\isl_alphabet_digits\train\4\Output Image -221.jpg,train,4,30,400,400,accepted
data\isl_alphabet_digits\train\4\Output Image -265.jpg,train,4,30,400,400,accepted
data\isl_alphabet_digits\train\4\Output Image -492.jpg,train,4,30,400,400,accepted
data\isl_alphabet_digits\train\4\Output Image -261.jpg,train,4,30,400,400,accepted
data\isl_alphabet_digits\train\4\Sign 4 (247).jpeg,train,4,30,400,400,accepted
data\isl_alphabet_digits\train\4\Sign 4 (34).jpeg,train,4,30,400,400,accepted
data\isl_alphabet_digits\train\4\Output Image -223.jpg,train,4,30,400,400,accepted
data\isl_alphabet_digits\train\4\Output Image -106.jpg,train,4,30,400,400,accepted
data\isl_alphabet_digits\train\4\Output Image -210.jpg,train,4,30,400,400,accepted
data\isl_alphabet_digits\train\4\Sign 4 (49).jpeg,train,4,30,400,400,accepted
data\isl_alphabet_digits\train\4\Output Image -443.jpg,train,4,30,400,400,accepted
data\isl_alphabet_digits\train\4\Output Image -51.jpg,train,4,30,400,400,accepted
data\isl_alphabet_digits\train\4\Output Image -222.jpg,train,4,30,400,400,accepted
data\isl_alphabet_digits\train\4\Output Image -466.jpg,train,4,30,400,400,accepted
data\isl_alphabet_digits\train\4\Sign 4 (138).jpeg,train,4,30,400,400,accepted
data\isl_alphabet_digits\train\4\Sign 4 (459).jpeg,train,4,30,400,400,accepted
data\isl_alphabet_digits\train\4\Sign 4 (485).jpeg,train,4,30,400,400,accepted
data\isl_alphabet_digits\train\4\Sign 4 (436).jpeg,train,4,30,400,400,accepted
data\isl_alphabet_digits\train\4\Sign 4 (479).jpeg,train,4,30,400,400,accepted
data\isl_alphabet_digits\train\4\Output Image -392.jpg,train,4,30,400,400,accepted
data\isl_alphabet_digits\train\4\Output Image -394.jpg,train,4,30,400,400,accepted
data\isl_alphabet_digits\train\4\Output Image -113.jpg,train,4,30,400,400,accepted
data\isl_alphabet_digits\train\4\Output Image -184.jpg,train,4,30,400,400,accepted
data\isl_alphabet_digits\train\4\Sign 4 (384).jpeg,train,4,30,400,400,accepted
data\isl_alphabet_digits\train\4\Sign 4 (203).jpeg,train,4,30,400,400,accepted
data\isl_alphabet_digits\train\4\Sign 4 (229).jpeg,train,4,30,400,400,accepted
data\isl_alphabet_digits\train\4\Output Image -309.jpg,train,4,30,400,400,accepted
data\isl_alphabet_digits\train\4\Output Image -298.jpg,train,4,30,400,400,accepted
data\isl_alphabet_digits\train\4\Sign 4 (244).jpeg,train,4,30,400,400,accepted
data\isl_alphabet_digits\train\4\Output Image -220.jpg,train,4,30,400,400,accepted
data\isl_alphabet_digits\train\4\Output Image -290.jpg,train,4,30,400,400,accepted
data\isl_alphabet_digits\train\4\Output Image -306.jpg,train,4,30,400,400,accepted
data\isl_alphabet_digits\train\4\Sign 4 (347).jpeg,train,4,30,400,400,accepted
data\isl_alphabet_digits\train\4\Output Image -144.jpg,train,4,30,400,400,accepted
data\isl_alphabet_digits\train\4\Sign 4 (102).jpeg,train,4,30,400,400,accepted
data\isl_alphabet_digits\train\4\Output Image -422.jpg,train,4,30,400,400,accepted
data\isl_alphabet_digits\train\4\Sign 4 (318).jpeg,train,4,30,400,400,accepted
data\isl_alphabet_digits\train\4\Sign 4 (498).jpeg,train,4,30,400,400,accepted
data\isl_alphabet_digits\train\4\Sign 4 (68).jpeg,train,4,30,400,400,accepted
data\isl_alphabet_digits\train\4\Output Image -401.jpg,train,4,30,400,400,accepted
data\isl_alphabet_digits\train\4\Sign 4 (428).jpeg,train,4,30,400,400,accepted
data\isl_alphabet_digits\train\4\Sign 4 (31).jpeg,train,4,30,400,400,accepted
data\isl_alphabet_digits\train\4\Sign 4 (101).jpeg,train,4,30,400,400,accepted
data\isl_alphabet_digits\train\4\Output Image -478.jpg,train,4,30,400,400,accepted
data\isl_alphabet_digits\train\4\Output Image -204.jpg,train,4,30,400,400,accepted
data\isl_alphabet_digits\train\4\Sign 4 (218).jpeg,train,4,30,400,400,accepted
data\isl_alphabet_digits\train\4\Output Image -20.jpg,train,4,30,400,400,accepted
data\isl_alphabet_digits\train\4\Output Image -64.jpg,train,4,30,400,400,accepted
data\isl_alphabet_digits\train\4\Sign 4 (77).jpeg,train,4,30,400,400,accepted
data\isl_alphabet_digits\train\4\Output Image -332.jpg,train,4,30,400,400,accepted
data\isl_alphabet_digits\train\4\Output Image -18.jpg,train,4,30,400,400,accepted
data\isl_alphabet_digits\train\4\Output Image -413.jpg,train,4,30,400,400,accepted
data\isl_alphabet_digits\train\4\Sign 4 (345).jpeg,train,4,30,400,400,accepted
data\isl_alphabet_digits\train\4\Sign 4 (252).jpeg,train,4,30,400,400,accepted
data\isl_alphabet_digits\train\4\Output Image -460.jpg,train,4,30,400,400,accepted
data\isl_alphabet_digits\train\4\Sign 4 (474).jpeg,train,4,30,400,400,accepted
data\isl_alphabet_digits\train\4\Output Image -465.jpg,train,4,30,400,400,accepted
data\isl_alphabet_digits\train\4\Output Image -429.jpg,train,4,30,400,400,accepted
data\isl_alphabet_digits\train\4\Output Image -86.jpg,train,4,30,400,400,accepted
data\isl_alphabet_digits\train\4\Sign 4 (96).jpeg,train,4,30,400,400,accepted
data\isl_alphabet_digits\train\4\Sign 4 (419).jpeg,train,4,30,400,400,accepted
data\isl_alphabet_digits\train\4\Sign 4 (184).jpeg,train,4,30,400,400,accepted
data\isl_alphabet_digits\train\4\Output Image -233.jpg,train,4,30,400,400,accepted
data\isl_alphabet_digits\train\4\Output Image -432.jpg,train,4,30,400,400,accepted
data\isl_alphabet_digits\train\4\Output Image -24.jpg,train,4,30,400,400,accepted
data\isl_alphabet_digits\train\4\Sign 4 (201).jpeg,train,4,30,400,400,accepted
data\isl_alphabet_digits\train\4\Output Image -278.jpg,train,4,30,400,400,accepted
data\isl_alphabet_digits\train\4\Sign 4 (175).jpeg,train,4,30,400,400,accepted
data\isl_alphabet_digits\train\4\Output Image -225.jpg,train,4,30,400,400,accepted
data\isl_alphabet_digits\train\4\Output Image -284.jpg,train,4,30,400,400,accepted
data\isl_alphabet_digits\train\4\Sign 4 (304).jpeg,train,4,30,400,400,accepted
data\isl_alphabet_digits\train\4\Sign 4 (67).jpeg,train,4,30,400,400,accepted
data\isl_alphabet_digits\train\4\Sign 4 (446).jpeg,train,4,30,400,400,accepted
data\isl_alphabet_digits\train\4\Output Image -295.jpg,train,4,30,400,400,accepted
data\isl_alphabet_digits\train\4\Sign 4 (321).jpeg,train,4,30,400,400,accepted
data\isl_alphabet_digits\train\4\Sign 4 (312).jpeg,train,4,30,400,400,accepted
data\isl_alphabet_digits\train\4\Output Image -77.jpg,train,4,30,400,400,accepted
data\isl_alphabet_digits\train\4\Output Image -200.jpg,train,4,30,400,400,accepted
data\isl_alphabet_digits\train\4\Output Image -456.jpg,train,4,30,400,400,accepted
data\isl_alphabet_digits\train\4\Output Image -196.jpg,train,4,30,400,400,accepted
data\isl_alphabet_digits\train\4\Output Image -158.jpg,train,4,30,400,400,accepted
data\isl_alphabet_digits\train\4\Sign 4 (499).jpeg,train,4,30,400,400,accepted
data\isl_alphabet_digits\train\4\Output Image -442.jpg,train,4,30,400,400,accepted
data\isl_alphabet_digits\train\4\Sign 4 (210).jpeg,train,4,30,400,400,accepted
data\isl_alphabet_digits\train\4\Output Image -271.jpg,train,4,30,400,400,accepted
data\isl_alphabet_digits\train\4\Output Image -340.jpg,train,4,30,400,400,accepted
data\isl_alphabet_digits\train\4\Sign 4 (208).jpeg,train,4,30,400,400,accepted
data\isl_alphabet_digits\train\4\Output Image -431.jpg,train,4,30,400,400,accepted
data\isl_alphabet_digits\train\4\Output Image -268.jpg,train,4,30,400,400,accepted
data\isl_alphabet_digits\train\4\Output Image -276.jpg,train,4,30,400,400,accepted
data\isl_alphabet_digits\train\4\Sign 4 (276).jpeg,train,4,30,400,400,accepted
data\isl_alphabet_digits\train\4\Sign 4 (458).jpeg,train,4,30,400,400,accepted
data\isl_alphabet_digits\train\4\Output Image -3.jpg,train,4,30,400,400,accepted
data\isl_alphabet_digits\train\4\Output Image -107.jpg,train,4,30,400,400,accepted
data\isl_alphabet_digits\train\4\Output Image -148.jpg,train,4,30,400,400,accepted
data\isl_alphabet_digits\train\4\Sign 4 (333).jpeg,train,4,30,400,400,accepted
data\isl_alphabet_digits\train\4\Sign 4 (13).jpeg,train,4,30,400,400,accepted
data\isl_alphabet_digits\train\4\Sign 4 (489).jpeg,train,4,30,400,400,accepted
data\isl_alphabet_digits\train\4\Output Image -419.jpg,train,4,30,400,400,accepted
data\isl_alphabet_digits\train\4\Output Image -44.jpg,train,4,30,400,400,accepted
data\isl_alphabet_digits\train\4\Output Image -351.jpg,train,4,30,400,400,accepted
data\isl_alphabet_digits\train\4\Output Image -62.jpg,train,4,30,400,400,accepted
data\isl_alphabet_digits\train\4\Sign 4 (316).jpeg,train,4,30,400,400,accepted
data\isl_alphabet_digits\train\4\Sign 4 (147).jpeg,train,4,30,400,400,accepted
data\isl_alphabet_digits\train\4\Output Image -12.jpg,train,4,30,400,400,accepted
data\isl_alphabet_digits\train\4\Output Image -434.jpg,train,4,30,400,400,accepted
data\isl_alphabet_digits\train\4\Output Image -310.jpg,train,4,30,400,400,accepted
data\isl_alphabet_digits\train\4\Output Image -452.jpg,train,4,30,400,400,accepted
data\isl_alphabet_digits\train\4\Output Image -303.jpg,train,4,30,400,400,accepted
data\isl_alphabet_digits\train\4\Sign 4 (494).jpeg,train,4,30,400,400,accepted
data\isl_alphabet_digits\train\4\Sign 4 (386).jpeg,train,4,30,400,400,accepted
data\isl_alphabet_digits\train\4\Sign 4 (320).jpeg,train,4,30,400,400,accepted
data\isl_alphabet_digits\train\4\Output Image -307.jpg,train,4,30,400,400,accepted
data\isl_alphabet_digits\train\4\Sign 4 (120).jpeg,train,4,30,400,400,accepted
data\isl_alphabet_digits\train\4\Output Image -249.jpg,train,4,30,400,400,accepted
data\isl_alphabet_digits\train\4\Output Image -132.jpg,train,4,30,400,400,accepted
data\isl_alphabet_digits\train\4\Output Image -192.jpg,train,4,30,400,400,accepted
data\isl_alphabet_digits\train\4\Output Image -218.jpg,train,4,30,400,400,accepted
data\isl_alphabet_digits\train\4\Output Image -251.jpg,train,4,30,400,400,accepted
data\isl_alphabet_digits\train\4\Output Image -37.jpg,train,4,30,400,400,accepted
data\isl_alphabet_digits\train\4\Sign 4 (341).jpeg,train,4,30,400,400,accepted
data\isl_alphabet_digits\train\4\Sign 4 (97).jpeg,train,4,30,400,400,accepted
data\isl_alphabet_digits\train\4\Sign 4 (205).jpeg,train,4,30,400,400,accepted
data\isl_alphabet_digits\train\4\Output Image -252.jpg,train,4,30,400,400,accepted
data\isl_alphabet_digits\train\4\Output Image -485.jpg,train,4,30,400,400,accepted
data\isl_alphabet_digits\train\4\Output Image -92.jpg,train,4,30,400,400,accepted
data\isl_alphabet_digits\train\4\Sign 4 (480).jpeg,train,4,30,400,400,accepted
data\isl_alphabet_digits\train\4\Output Image -367.jpg,train,4,30,400,400,accepted
data\isl_alphabet_digits\train\4\Sign 4 (263).jpeg,train,4,30,400,400,accepted
data\isl_alphabet_digits\train\4\Output Image -463.jpg,train,4,30,400,400,accepted
data\isl_alphabet_digits\train\4\Output Image -168.jpg,train,4,30,400,400,accepted
data\isl_alphabet_digits\train\4\Sign 4 (193).jpeg,train,4,30,400,400,accepted
data\isl_alphabet_digits\train\4\Output Image -436.jpg,train,4,30,400,400,accepted
data\isl_alphabet_digits\train\4\Output Image -423.jpg,train,4,30,400,400,accepted
data\isl_alphabet_digits\train\4\Output Image -202.jpg,train,4,30,400,400,accepted
data\isl_alphabet_digits\train\4\Output Image -388.jpg,train,4,30,400,400,accepted
data\isl_alphabet_digits\train\4\Output Image -352.jpg,train,4,30,400,400,accepted
data\isl_alphabet_digits\train\4\Output Image -177.jpg,train,4,30,400,400,accepted
data\isl_alphabet_digits\train\4\Output Image -163.jpg,train,4,30,400,400,accepted
data\isl_alphabet_digits\train\4\Output Image -491.jpg,train,4,30,400,400,accepted
data\isl_alphabet_digits\train\4\Output Image -139.jpg,train,4,30,400,400,accepted
data\isl_alphabet_digits\train\4\Output Image -379.jpg,train,4,30,400,400,accepted
data\isl_alphabet_digits\train\4\Output Image -262.jpg,train,4,30,400,400,accepted
data\isl_alphabet_digits\train\4\Sign 4 (30).jpeg,train,4,30,400,400,accepted
data\isl_alphabet_digits\train\4\Sign 4 (469).jpeg,train,4,30,400,400,accepted
data\isl_alphabet_digits\train\4\Sign 4 (414).jpeg,train,4,30,400,400,accepted
data\isl_alphabet_digits\train\4\Sign 4 (375).jpeg,train,4,30,400,400,accepted
data\isl_alphabet_digits\train\4\Sign 4 (105).jpeg,train,4,30,400,400,accepted
data\isl_alphabet_digits\train\4\Output Image -444.jpg,train,4,30,400,400,accepted
data\isl_alphabet_digits\train\4\Sign 4 (42).jpeg,train,4,30,400,400,accepted
data\isl_alphabet_digits\train\4\Sign 4 (287).jpeg,train,4,30,400,400,accepted
data\isl_alphabet_digits\train\4\Output Image -400.jpg,train,4,30,400,400,accepted
data\isl_alphabet_digits\train\4\Sign 4 (38).jpeg,train,4,30,400,400,accepted
data\isl_alphabet_digits\train\4\Output Image -455.jpg,train,4,30,400,400,accepted
data\isl_alphabet_digits\train\4\Output Image -67.jpg,train,4,30,400,400,accepted
data\isl_alphabet_digits\train\4\Output Image -114.jpg,train,4,30,400,400,accepted
data\isl_alphabet_digits\train\4\Output Image -368.jpg,train,4,30,400,400,accepted
data\isl_alphabet_digits\train\4\Output Image -99.jpg,train,4,30,400,400,accepted
data\isl_alphabet_digits\train\4\Sign 4 (343).jpeg,train,4,30,400,400,accepted
data\isl_alphabet_digits\train\4\Sign 4 (82).jpeg,train,4,30,400,400,accepted
data\isl_alphabet_digits\train\4\Output Image -78.jpg,train,4,30,400,400,accepted
data\isl_alphabet_digits\train\4\Sign 4 (308).jpeg,train,4,30,400,400,accepted
data\isl_alphabet_digits\train\4\Output Image -185.jpg,train,4,30,400,400,accepted
data\isl_alphabet_digits\train\4\Sign 4 (378).jpeg,train,4,30,400,400,accepted
data\isl_alphabet_digits\train\4\Sign 4 (282).jpeg,train,4,30,400,400,accepted
data\isl_alphabet_digits\train\4\Output Image -264.jpg,train,4,30,400,400,accepted
data\isl_alphabet_digits\train\4\Sign 4 (427).jpeg,train,4,30,400,400,accepted
data\isl_alphabet_digits\train\4\Output Image -266.jpg,train,4,30,400,400,accepted
data\isl_alphabet_digits\train\4\Output Image -183.jpg,train,4,30,400,400,accepted
data\isl_alphabet_digits\train\4\Sign 4 (59).jpeg,train,4,30,400,400,accepted
data\isl_alphabet_digits\train\4\Output Image -217.jpg,train,4,30,400,400,accepted
data\isl_alphabet_digits\train\4\Sign 4 (143).jpeg,train,4,30,400,400,accepted
data\isl_alphabet_digits\train\4\Sign 4 (424).jpeg,train,4,30,400,400,accepted
data\isl_alphabet_digits\train\4\Sign 4 (253).jpeg,train,4,30,400,400,accepted
data\isl_alphabet_digits\train\4\Output Image -363.jpg,train,4,30,400,400,accepted
data\isl_alphabet_digits\train\4\Output Image -349.jpg,train,4,30,400,400,accepted
data\isl_alphabet_digits\train\4\Sign 4 (274).jpeg,train,4,30,400,400,accepted
data\isl_alphabet_digits\train\4\Sign 4 (162).jpeg,train,4,30,400,400,accepted
data\isl_alphabet_digits\train\4\Output Image -335.jpg,train,4,30,400,400,accepted
data\isl_alphabet_digits\train\4\Sign 4 (410).jpeg,train,4,30,400,400,accepted
data\isl_alphabet_digits\train\4\Output Image -316.jpg,train,4,30,400,400,accepted
data\isl_alphabet_digits\train\4\Output Image -110.jpg,train,4,30,400,400,accepted
data\isl_alphabet_digits\train\4\Sign 4 (278).jpeg,train,4,30,400,400,accepted
data\isl_alphabet_digits\train\4\Output Image -361.jpg,train,4,30,400,400,accepted
data\isl_alphabet_digits\train\4\Sign 4 (6).jpeg,train,4,30,400,400,accepted
data\isl_alphabet_digits\train\4\Sign 4 (152).jpeg,train,4,30,400,400,accepted
data\isl_alphabet_digits\train\4\Sign 4 (381).jpeg,train,4,30,400,400,accepted
data\isl_alphabet_digits\train\4\Output Image -425.jpg,train,4,30,400,400,accepted
data\isl_alphabet_digits\train\4\Output Image -65.jpg,train,4,30,400,400,accepted
data\isl_alphabet_digits\train\4\Output Image -447.jpg,train,4,30,400,400,accepted
data\isl_alphabet_digits\train\4\Output Image -230.jpg,train,4,30,400,400,accepted
data\isl_alphabet_digits\train\4\Output Image -243.jpg,train,4,30,400,400,accepted
data\isl_alphabet_digits\train\4\Sign 4 (301).jpeg,train,4,30,400,400,accepted
data\isl_alphabet_digits\train\4\Sign 4 (165).jpeg,train,4,30,400,400,accepted
data\isl_alphabet_digits\train\4\Output Image -399.jpg,train,4,30,400,400,accepted
data\isl_alphabet_digits\train\4\Sign 4 (415).jpeg,train,4,30,400,400,accepted
data\isl_alphabet_digits\train\4\Sign 4 (372).jpeg,train,4,30,400,400,accepted
data\isl_alphabet_digits\train\4\Output Image -433.jpg,train,4,30,400,400,accepted
data\isl_alphabet_digits\train\4\Output Image -254.jpg,train,4,30,400,400,accepted
data\isl_alphabet_digits\train\4\Output Image -241.jpg,train,4,30,400,400,accepted
data\isl_alphabet_digits\train\4\Output Image -323.jpg,train,4,30,400,400,accepted
data\isl_alphabet_digits\train\4\Output Image -390.jpg,train,4,30,400,400,accepted
data\isl_alphabet_digits\train\4\Sign 4 (418).jpeg,train,4,30,400,400,accepted
data\isl_alphabet_digits\train\4\Sign 4 (75).jpeg,train,4,30,400,400,accepted
data\isl_alphabet_digits\train\4\Output Image -494.jpg,train,4,30,400,400,accepted
data\isl_alphabet_digits\train\4\Sign 4 (464).jpeg,train,4,30,400,400,accepted
data\isl_alphabet_digits\train\4\Output Image -238.jpg,train,4,30,400,400,accepted
data\isl_alphabet_digits\train\4\Output Image -49.jpg,train,4,30,400,400,accepted
data\isl_alphabet_digits\train\4\Sign 4 (393).jpeg,train,4,30,400,400,accepted
data\isl_alphabet_digits\train\4\Output Image -377.jpg,train,4,30,400,400,accepted
data\isl_alphabet_digits\train\4\Sign 4 (167).jpeg,train,4,30,400,400,accepted
data\isl_alphabet_digits\train\4\Output Image -154.jpg,train,4,30,400,400,accepted
data\isl_alphabet_digits\train\4\Output Image -156.jpg,train,4,30,400,400,accepted
data\isl_alphabet_digits\train\4\Output Image -350.jpg,train,4,30,400,400,accepted
data\isl_alphabet_digits\train\4\Output Image -8.jpg,train,4,30,400,400,accepted
data\isl_alphabet_digits\train\4\Output Image -280.jpg,train,4,30,400,400,accepted
data\isl_alphabet_digits\train\4\Output Image -371.jpg,train,4,30,400,400,accepted
data\isl_alphabet_digits\train\4\Sign 4 (284).jpeg,train,4,30,400,400,accepted
data\isl_alphabet_digits\train\4\Sign 4 (434).jpeg,train,4,30,400,400,accepted
data\isl_alphabet_digits\train\4\Output Image -348.jpg,train,4,30,400,400,accepted
data\isl_alphabet_digits\train\4\Output Image -258.jpg,train,4,30,400,400,accepted
data\isl_alphabet_digits\train\4\Output Image -134.jpg,train,4,30,400,400,accepted
data\isl_alphabet_digits\train\4\Sign 4 (236).jpeg,train,4,30,400,400,accepted
data\isl_alphabet_digits\train\4\Sign 4 (85).jpeg,train,4,30,400,400,accepted
data\isl_alphabet_digits\train\4\Sign 4 (149).jpeg,train,4,30,400,400,accepted
data\isl_alphabet_digits\train\4\Output Image -237.jpg,train,4,30,400,400,accepted
data\isl_alphabet_digits\train\4\Output Image -318.jpg,train,4,30,400,400,accepted
data\isl_alphabet_digits\train\4\Output Image -250.jpg,train,4,30,400,400,accepted
data\isl_alphabet_digits\train\4\Output Image -296.jpg,train,4,30,400,400,accepted
data\isl_alphabet_digits\train\4\Output Image -162.jpg,train,4,30,400,400,accepted
data\isl_alphabet_digits\train\4\Output Image -9.jpg,train,4,30,400,400,accepted
data\isl_alphabet_digits\train\4\Output Image -174.jpg,train,4,30,400,400,accepted
data\isl_alphabet_digits\train\4\Output Image -362.jpg,train,4,30,400,400,accepted
data\isl_alphabet_digits\train\4\Sign 4 (32).jpeg,train,4,30,400,400,accepted
data\isl_alphabet_digits\train\4\Output Image -406.jpg,train,4,30,400,400,accepted
data\isl_alphabet_digits\train\4\Sign 4 (231).jpeg,train,4,30,400,400,accepted
data\isl_alphabet_digits\train\4\Sign 4 (254).jpeg,train,4,30,400,400,accepted
data\isl_alphabet_digits\train\4\Sign 4 (364).jpeg,train,4,30,400,400,accepted
data\isl_alphabet_digits\train\4\Sign 4 (438).jpeg,train,4,30,400,400,accepted
data\isl_alphabet_digits\train\4\Output Image -56.jpg,train,4,30,400,400,accepted
data\isl_alphabet_digits\train\4\Output Image -300.jpg,train,4,30,400,400,accepted
data\isl_alphabet_digits\train\4\Sign 4 (453).jpeg,train,4,30,400,400,accepted
data\isl_alphabet_digits\train\4\Output Image -38.jpg,train,4,30,400,400,accepted
data\isl_alphabet_digits\train\4\Output Image -324.jpg,train,4,30,400,400,accepted
data\isl_alphabet_digits\train\4\Sign 4 (223).jpeg,train,4,30,400,400,accepted
data\isl_alphabet_digits\train\4\Output Image -288.jpg,train,4,30,400,400,accepted
data\isl_alphabet_digits\train\4\Output Image -141.jpg,train,4,30,400,400,accepted
data\isl_alphabet_digits\train\4\Output Image -72.jpg,train,4,30,400,400,accepted
data\isl_alphabet_digits\train\4\Output Image -384.jpg,train,4,30,400,400,accepted
data\isl_alphabet_digits\train\4\Sign 4 (303).jpeg,train,4,30,400,400,accepted
data\isl_alphabet_digits\train\4\Sign 4 (119).jpeg,train,4,30,400,400,accepted
data\isl_alphabet_digits\train\4\Sign 4 (159).jpeg,train,4,30,400,400,accepted
data\isl_alphabet_digits\train\4\Sign 4 (190).jpeg,train,4,30,400,400,accepted
data\isl_alphabet_digits\train\4\Output Image -304.jpg,train,4,30,400,400,accepted
data\isl_alphabet_digits\train\4\Sign 4 (73).jpeg,train,4,30,400,400,accepted
data\isl_alphabet_digits\train\4\Output Image -66.jpg,train,4,30,400,400,accepted
data\isl_alphabet_digits\train\4\Output Image -404.jpg,train,4,30,400,400,accepted
data\isl_alphabet_digits\train\4\Output Image -342.jpg,train,4,30,400,400,accepted
data\isl_alphabet_digits\train\4\Sign 4 (17).jpeg,train,4,30,400,400,accepted
data\isl_alphabet_digits\train\4\Sign 4 (487).jpeg,train,4,30,400,400,accepted
data\isl_alphabet_digits\train\4\Sign 4 (348).jpeg,train,4,30,400,400,accepted
data\isl_alphabet_digits\train\4\Sign 4 (460).jpeg,train,4,30,400,400,accepted
data\isl_alphabet_digits\train\4\Sign 4 (340).jpeg,train,4,30,400,400,accepted
data\isl_alphabet_digits\train\4\Sign 4 (51).jpeg,train,4,30,400,400,accepted
data\isl_alphabet_digits\train\4\Output Image -69.jpg,train,4,30,400,400,accepted
data\isl_alphabet_digits\train\4\Output Image -75.jpg,train,4,30,400,400,accepted
data\isl_alphabet_digits\train\4\Output Image -411.jpg,train,4,30,400,400,accepted
data\isl_alphabet_digits\train\4\Sign 4 (402).jpeg,train,4,30,400,400,accepted
data\isl_alphabet_digits\train\4\Output Image -90.jpg,train,4,30,400,400,accepted
data\isl_alphabet_digits\train\4\Output Image -7.jpg,train,4,30,400,400,accepted
data\isl_alphabet_digits\train\4\Output Image -345.jpg,train,4,30,400,400,accepted
data\isl_alphabet_digits\train\4\Sign 4 (357).jpeg,train,4,30,400,400,accepted
data\isl_alphabet_digits\train\4\Output Image -227.jpg,train,4,30,400,400,accepted
data\isl_alphabet_digits\train\4\Output Image -489.jpg,train,4,30,400,400,accepted
data\isl_alphabet_digits\train\4\Sign 4 (430).jpeg,train,4,30,400,400,accepted
data\isl_alphabet_digits\train\4\Sign 4 (435).jpeg,train,4,30,400,400,accepted
data\isl_alphabet_digits\train\4\Sign 4 (471).jpeg,train,4,30,400,400,accepted
data\isl_alphabet_digits\train\4\Sign 4 (207).jpeg,train,4,30,400,400,accepted
data\isl_alphabet_digits\train\4\Output Image -128.jpg,train,4,30,400,400,accepted
data\isl_alphabet_digits\train\4\Output Image -370.jpg,train,4,30,400,400,accepted
data\isl_alphabet_digits\train\4\Output Image -4.jpg,train,4,30,400,400,accepted
data\isl_alphabet_digits\train\4\Output Image -479.jpg,train,4,30,400,400,accepted
data\isl_alphabet_digits\train\4\Output Image -372.jpg,train,4,30,400,400,accepted
data\isl_alphabet_digits\train\4\Sign 4 (447).jpeg,train,4,30,400,400,accepted
data\isl_alphabet_digits\train\4\Sign 4 (171).jpeg,train,4,30,400,400,accepted
data\isl_alphabet_digits\train\4\Output Image -273.jpg,train,4,30,400,400,accepted
data\isl_alphabet_digits\train\4\Sign 4 (37).jpeg,train,4,30,400,400,accepted
data\isl_alphabet_digits\train\4\Sign 4 (228).jpeg,train,4,30,400,400,accepted
data\isl_alphabet_digits\train\4\Sign 4 (56).jpeg,train,4,30,400,400,accepted
data\isl_alphabet_digits\train\4\Sign 4 (423).jpeg,train,4,30,400,400,accepted
data\isl_alphabet_digits\train\4\Output Image -161.jpg,train,4,30,400,400,accepted
data\isl_alphabet_digits\train\4\Sign 4 (311).jpeg,train,4,30,400,400,accepted
data\isl_alphabet_digits\train\4\Sign 4 (225).jpeg,train,4,30,400,400,accepted
data\isl_alphabet_digits\train\4\Output Image -211.jpg,train,4,30,400,400,accepted
data\isl_alphabet_digits\train\4\Output Image -267.jpg,train,4,30,400,400,accepted
data\isl_alphabet_digits\train\4\Output Image -339.jpg,train,4,30,400,400,accepted
data\isl_alphabet_digits\train\4\Sign 4 (57).jpeg,train,4,30,400,400,accepted
data\isl_alphabet_digits\train\4\Sign 4 (283).jpeg,train,4,30,400,400,accepted
data\isl_alphabet_digits\train\4\Sign 4 (277).jpeg,train,4,30,400,400,accepted
data\isl_alphabet_digits\train\4\Output Image -245.jpg,train,4,30,400,400,accepted
data\isl_alphabet_digits\train\4\Sign 4 (286).jpeg,train,4,30,400,400,accepted
data\isl_alphabet_digits\train\4\Output Image -311.jpg,train,4,30,400,400,accepted
data\isl_alphabet_digits\train\4\Sign 4 (407).jpeg,train,4,30,400,400,accepted
data\isl_alphabet_digits\train\4\Sign 4 (141).jpeg,train,4,30,400,400,accepted
data\isl_alphabet_digits\train\4\Output Image -58.jpg,train,4,30,400,400,accepted
data\isl_alphabet_digits\train\4\Output Image -430.jpg,train,4,30,400,400,accepted
data\isl_alphabet_digits\train\4\Output Image -416.jpg,train,4,30,400,400,accepted
data\isl_alphabet_digits\train\4\Sign 4 (326).jpeg,train,4,30,400,400,accepted
data\isl_alphabet_digits\train\4\Sign 4 (290).jpeg,train,4,30,400,400,accepted
data\isl_alphabet_digits\train\4\Sign 4 (246).jpeg,train,4,30,400,400,accepted
data\isl_alphabet_digits\train\4\Output Image -191.jpg,train,4,30,400,400,accepted
data\isl_alphabet_digits\train\4\Output Image -381.jpg,train,4,30,400,400,accepted
data\isl_alphabet_digits\train\4\Output Image -475.jpg,train,4,30,400,400,accepted
data\isl_alphabet_digits\train\4\Sign 4 (239).jpeg,train,4,30,400,400,accepted
data\isl_alphabet_digits\train\4\Output Image -239.jpg,train,4,30,400,400,accepted
data\isl_alphabet_digits\train\4\Output Image -321.jpg,train,4,30,400,400,accepted
data\isl_alphabet_digits\train\4\Output Image -48.jpg,train,4,30,400,400,accepted
data\isl_alphabet_digits\train\4\Sign 4 (110).jpeg,train,4,30,400,400,accepted
data\isl_alphabet_digits\train\4\Sign 4 (463).jpeg,train,4,30,400,400,accepted
data\isl_alphabet_digits\train\4\Output Image -375.jpg,train,4,30,400,400,accepted
data\isl_alphabet_digits\train\4\Output Image -481.jpg,train,4,30,400,400,accepted
data\isl_alphabet_digits\train\4\Sign 4 (389).jpeg,train,4,30,400,400,accepted
data\isl_alphabet_digits\train\4\Sign 4 (40).jpeg,train,4,30,400,400,accepted
data\isl_alphabet_digits\train\4\Sign 4 (467).jpeg,train,4,30,400,400,accepted
data\isl_alphabet_digits\train\4\Sign 4 (500).jpeg,train,4,30,400,400,accepted
data\isl_alphabet_digits\train\4\Output Image -459.jpg,train,4,30,400,400,accepted
data\isl_alphabet_digits\train\4\Sign 4 (305).jpeg,train,4,30,400,400,accepted
data\isl_alphabet_digits\train\4\Output Image -125.jpg,train,4,30,400,400,accepted
data\isl_alphabet_digits\train\4\Output Image -197.jpg,train,4,30,400,400,accepted
data\isl_alphabet_digits\train\4\Output Image -142.jpg,train,4,30,400,400,accepted
data\isl_alphabet_digits\train\4\Output Image -439.jpg,train,4,30,400,400,accepted
data\isl_alphabet_digits\train\4\Output Image -287.jpg,train,4,30,400,400,accepted
data\isl_alphabet_digits\train\4\Output Image -229.jpg,train,4,30,400,400,accepted
data\isl_alphabet_digits\train\4\Sign 4 (373).jpeg,train,4,30,400,400,accepted
data\isl_alphabet_digits\train\4\Sign 4 (289).jpeg,train,4,30,400,400,accepted
data\isl_alphabet_digits\train\4\Sign 4 (122).jpeg,train,4,30,400,400,accepted
data\isl_alphabet_digits\train\4\Sign 4 (144).jpeg,train,4,30,400,400,accepted
data\isl_alphabet_digits\train\4\Output Image -101.jpg,train,4,30,400,400,accepted
data\isl_alphabet_digits\train\4\Output Image -226.jpg,train,4,30,400,400,accepted
data\isl_alphabet_digits\train\4\Sign 4 (234).jpeg,train,4,30,400,400,accepted
data\isl_alphabet_digits\train\4\Sign 4 (416).jpeg,train,4,30,400,400,accepted
data\isl_alphabet_digits\train\4\Output Image -115.jpg,train,4,30,400,400,accepted
data\isl_alphabet_digits\train\4\Output Image -440.jpg,train,4,30,400,400,accepted
data\isl_alphabet_digits\train\4\Output Image -45.jpg,train,4,30,400,400,accepted
data\isl_alphabet_digits\train\4\Output Image -96.jpg,train,4,30,400,400,accepted
data\isl_alphabet_digits\train\4\Sign 4 (365).jpeg,train,4,30,400,400,accepted
data\isl_alphabet_digits\train\4\Sign 4 (433).jpeg,train,4,30,400,400,accepted
data\isl_alphabet_digits\train\4\Sign 4 (297).jpeg,train,4,30,400,400,accepted
data\isl_alphabet_digits\train\4\Output Image -441.jpg,train,4,30,400,400,accepted
data\isl_alphabet_digits\train\4\Output Image -427.jpg,train,4,30,400,400,accepted
data\isl_alphabet_digits\train\4\Output Image -22.jpg,train,4,30,400,400,accepted
data\isl_alphabet_digits\train\4\Sign 4 (64).jpeg,train,4,30,400,400,accepted
data\isl_alphabet_digits\train\4\Sign 4 (124).jpeg,train,4,30,400,400,accepted
data\isl_alphabet_digits\train\4\Output Image -53.jpg,train,4,30,400,400,accepted
data\isl_alphabet_digits\train\4\Sign 4 (309).jpeg,train,4,30,400,400,accepted
data\isl_alphabet_digits\train\4\Sign 4 (391).jpeg,train,4,30,400,400,accepted
data\isl_alphabet_digits\train\4\Output Image -61.jpg,train,4,30,400,400,accepted
data\isl_alphabet_digits\train\4\Output Image -314.jpg,train,4,30,400,400,accepted
data\isl_alphabet_digits\train\4\Output Image -285.jpg,train,4,30,400,400,accepted
data\isl_alphabet_digits\train\4\Sign 4 (113).jpeg,train,4,30,400,400,accepted
data\isl_alphabet_digits\train\4\Output Image -172.jpg,train,4,30,400,400,accepted
data\isl_alphabet_digits\train\4\Sign 4 (331).jpeg,train,4,30,400,400,accepted
data\isl_alphabet_digits\train\4\Output Image -129.jpg,train,4,30,400,400,accepted
data\isl_alphabet_digits\train\4\Sign 4 (385).jpeg,train,4,30,400,400,accepted
data\isl_alphabet_digits\train\4\Sign 4 (262).jpeg,train,4,30,400,400,accepted
data\isl_alphabet_digits\train\4\Output Image -39.jpg,train,4,30,400,400,accepted
data\isl_alphabet_digits\train\4\Sign 4 (362).jpeg,train,4,30,400,400,accepted
data\isl_alphabet_digits\train\4\Output Image -359.jpg,train,4,30,400,400,accepted
data\isl_alphabet_digits\train\4\Output Image -88.jpg,train,4,30,400,400,accepted
data\isl_alphabet_digits\train\4\Sign 4 (176).jpeg,train,4,30,400,400,accepted
data\isl_alphabet_digits\train\4\Output Image -136.jpg,train,4,30,400,400,accepted
data\isl_alphabet_digits\train\4\Sign 4 (180).jpeg,train,4,30,400,400,accepted
data\isl_alphabet_digits\train\4\Sign 4 (264).jpeg,train,4,30,400,400,accepted
data\isl_alphabet_digits\train\4\Sign 4 (53).jpeg,train,4,30,400,400,accepted
data\isl_alphabet_digits\train\4\Output Image -120.jpg,train,4,30,400,400,accepted
data\isl_alphabet_digits\train\4\Output Image -153.jpg,train,4,30,400,400,accepted
data\isl_alphabet_digits\train\4\Output Image -10.jpg,train,4,30,400,400,accepted
data\isl_alphabet_digits\train\4\Sign 4 (108).jpeg,train,4,30,400,400,accepted
data\isl_alphabet_digits\train\4\Sign 4 (24).jpeg,train,4,30,400,400,accepted
data\isl_alphabet_digits\train\4\Output Image -80.jpg,train,4,30,400,400,accepted
data\isl_alphabet_digits\train\4\Sign 4 (481).jpeg,train,4,30,400,400,accepted
data\isl_alphabet_digits\train\4\Sign 4 (133).jpeg,train,4,30,400,400,accepted
data\isl_alphabet_digits\train\4\Sign 4 (317).jpeg,train,4,30,400,400,accepted
data\isl_alphabet_digits\train\4\Sign 4 (177).jpeg,train,4,30,400,400,accepted
data\isl_alphabet_digits\train\4\Sign 4 (206).jpeg,train,4,30,400,400,accepted
data\isl_alphabet_digits\train\4\Sign 4 (429).jpeg,train,4,30,400,400,accepted
data\isl_alphabet_digits\train\4\Sign 4 (462).jpeg,train,4,30,400,400,accepted
data\isl_alphabet_digits\train\4\Sign 4 (411).jpeg,train,4,30,400,400,accepted
data\isl_alphabet_digits\train\4\Sign 4 (376).jpeg,train,4,30,400,400,accepted
data\isl_alphabet_digits\train\4\Sign 4 (60).jpeg,train,4,30,400,400,accepted
data\isl_alphabet_digits\train\4\Output Image -326.jpg,train,4,30,400,400,accepted
data\isl_alphabet_digits\train\4\Sign 4 (33).jpeg,train,4,30,400,400,accepted
data\isl_alphabet_digits\train\4\Sign 4 (495).jpeg,train,4,30,400,400,accepted
data\isl_alphabet_digits\train\4\Output Image -240.jpg,train,4,30,400,400,accepted
data\isl_alphabet_digits\train\4\Output Image -170.jpg,train,4,30,400,400,accepted
data\isl_alphabet_digits\train\4\Sign 4 (361).jpeg,train,4,30,400,400,accepted
data\isl_alphabet_digits\train\4\Output Image -437.jpg,train,4,30,400,400,accepted
data\isl_alphabet_digits\train\4\Sign 4 (281).jpeg,train,4,30,400,400,accepted
data\isl_alphabet_digits\train\4\Sign 4 (69).jpeg,train,4,30,400,400,accepted
data\isl_alphabet_digits\train\4\Sign 4 (336).jpeg,train,4,30,400,400,accepted
data\isl_alphabet_digits\train\4\Sign 4 (299).jpeg,train,4,30,400,400,accepted
data\isl_alphabet_digits\train\4\Sign 4 (7).jpeg,train,4,30,400,400,accepted
data\isl_alphabet_digits\train\4\Output Image -1.jpg,train,4,30,400,400,accepted
data\isl_alphabet_digits\train\4\Sign 4 (300).jpeg,train,4,30,400,400,accepted
data\isl_alphabet_digits\train\4\Sign 4 (450).jpeg,train,4,30,400,400,accepted
data\isl_alphabet_digits\train\4\Output Image -59.jpg,train,4,30,400,400,accepted
data\isl_alphabet_digits\train\4\Sign 4 (285).jpeg,train,4,30,400,400,accepted
data\isl_alphabet_digits\train\4\Output Image -360.jpg,train,4,30,400,400,accepted
data\isl_alphabet_digits\train\4\Output Image -182.jpg,train,4,30,400,400,accepted
data\isl_alphabet_digits\train\4\Output Image -46.jpg,train,4,30,400,400,accepted
data\isl_alphabet_digits\train\4\Sign 4 (15).jpeg,train,4,30,400,400,accepted
data\isl_alphabet_digits\train\4\Output Image -315.jpg,train,4,30,400,400,accepted
data\isl_alphabet_digits\train\4\Output Image -246.jpg,train,4,30,400,400,accepted
data\isl_alphabet_digits\train\4\Output Image -71.jpg,train,4,30,400,400,accepted
data\isl_alphabet_digits\train\4\Sign 4 (130).jpeg,train,4,30,400,400,accepted
data\isl_alphabet_digits\train\4\Output Image -474.jpg,train,4,30,400,400,accepted
data\isl_alphabet_digits\train\4\Sign 4 (219).jpeg,train,4,30,400,400,accepted
data\isl_alphabet_digits\train\4\Sign 4 (2).jpeg,train,4,30,400,400,accepted
data\isl_alphabet_digits\train\4\Output Image -93.jpg,train,4,30,400,400,accepted
data\isl_alphabet_digits\train\4\Sign 4 (103).jpeg,train,4,30,400,400,accepted
data\isl_alphabet_digits\train\4\Output Image -131.jpg,train,4,30,400,400,accepted
data\isl_alphabet_digits\train\4\Sign 4 (260).jpeg,train,4,30,400,400,accepted
data\isl_alphabet_digits\train\4\Output Image -83.jpg,train,4,30,400,400,accepted
data\isl_alphabet_digits\train\4\Output Image -145.jpg,train,4,30,400,400,accepted
data\isl_alphabet_digits\train\4\Output Image -496.jpg,train,4,30,400,400,accepted
data\isl_alphabet_digits\train\4\Output Image -354.jpg,train,4,30,400,400,accepted
data\isl_alphabet_digits\train\4\Output Image -231.jpg,train,4,30,400,400,accepted
data\isl_alphabet_digits\train\4\Sign 4 (491).jpeg,train,4,30,400,400,accepted
data\isl_alphabet_digits\train\4\Output Image -418.jpg,train,4,30,400,400,accepted
data\isl_alphabet_digits\train\4\Sign 4 (71).jpeg,train,4,30,400,400,accepted
data\isl_alphabet_digits\train\4\Output Image -175.jpg,train,4,30,400,400,accepted
data\isl_alphabet_digits\train\4\Output Image -55.jpg,train,4,30,400,400,accepted
data\isl_alphabet_digits\train\4\Output Image -187.jpg,train,4,30,400,400,accepted
data\isl_alphabet_digits\train\4\Output Image -178.jpg,train,4,30,400,400,accepted
data\isl_alphabet_digits\train\4\Sign 4 (212).jpeg,train,4,30,400,400,accepted
data\isl_alphabet_digits\train\4\Sign 4 (135).jpeg,train,4,30,400,400,accepted
data\isl_alphabet_digits\train\4\Output Image -327.jpg,train,4,30,400,400,accepted
data\isl_alphabet_digits\train\4\Sign 4 (258).jpeg,train,4,30,400,400,accepted
data\isl_alphabet_digits\train\4\Sign 4 (166).jpeg,train,4,30,400,400,accepted
data\isl_alphabet_digits\train\4\Output Image -281.jpg,train,4,30,400,400,accepted
data\isl_alphabet_digits\train\4\Sign 4 (95).jpeg,train,4,30,400,400,accepted
data\isl_alphabet_digits\train\4\Output Image -393.jpg,train,4,30,400,400,accepted
data\isl_alphabet_digits\train\4\Output Image -82.jpg,train,4,30,400,400,accepted
data\isl_alphabet_digits\train\4\Output Image -40.jpg,train,4,30,400,400,accepted
data\isl_alphabet_digits\train\4\Output Image -462.jpg,train,4,30,400,400,accepted
data\isl_alphabet_digits\train\4\Sign 4 (394).jpeg,train,4,30,400,400,accepted
data\isl_alphabet_digits\train\4\Output Image -109.jpg,train,4,30,400,400,accepted
data\isl_alphabet_digits\train\4\Output Image -272.jpg,train,4,30,400,400,accepted
data\isl_alphabet_digits\train\4\Sign 4 (88).jpeg,train,4,30,400,400,accepted
data\isl_alphabet_digits\train\4\Sign 4 (250).jpeg,train,4,30,400,400,accepted
data\isl_alphabet_digits\train\4\Sign 4 (39).jpeg,train,4,30,400,400,accepted
data\isl_alphabet_digits\train\4\Output Image -320.jpg,train,4,30,400,400,accepted
data\isl_alphabet_digits\train\4\Sign 4 (114).jpeg,train,4,30,400,400,accepted
data\isl_alphabet_digits\train\4\Sign 4 (371).jpeg,train,4,30,400,400,accepted
data\isl_alphabet_digits\train\4\Output Image -108.jpg,train,4,30,400,400,accepted
data\isl_alphabet_digits\train\4\Sign 4 (468).jpeg,train,4,30,400,400,accepted
data\isl_alphabet_digits\train\4\Output Image -122.jpg,train,4,30,400,400,accepted
data\isl_alphabet_digits\train\4\Sign 4 (54).jpeg,train,4,30,400,400,accepted
data\isl_alphabet_digits\train\4\Output Image -498.jpg,train,4,30,400,400,accepted
data\isl_alphabet_digits\train\4\Output Image -353.jpg,train,4,30,400,400,accepted
data\isl_alphabet_digits\train\4\Output Image -151.jpg,train,4,30,400,400,accepted
data\isl_alphabet_digits\train\4\Sign 4 (221).jpeg,train,4,30,400,400,accepted
data\isl_alphabet_digits\train\4\Sign 4 (382).jpeg,train,4,30,400,400,accepted
data\isl_alphabet_digits\train\4\Output Image -366.jpg,train,4,30,400,400,accepted
data\isl_alphabet_digits\train\4\Sign 4 (461).jpeg,train,4,30,400,400,accepted
data\isl_alphabet_digits\train\4\Output Image -21.jpg,train,4,30,400,400,accepted
data\isl_alphabet_digits\train\4\Output Image -391.jpg,train,4,30,400,400,accepted
data\isl_alphabet_digits\train\4\Sign 4 (441).jpeg,train,4,30,400,400,accepted
data\isl_alphabet_digits\train\4\Output Image -274.jpg,train,4,30,400,400,accepted
data\isl_alphabet_digits\train\4\Output Image -94.jpg,train,4,30,400,400,accepted
data\isl_alphabet_digits\train\4\Output Image -111.jpg,train,4,30,400,400,accepted
data\isl_alphabet_digits\train\4\Output Image -488.jpg,train,4,30,400,400,accepted
data\isl_alphabet_digits\train\4\Output Image -289.jpg,train,4,30,400,400,accepted
data\isl_alphabet_digits\train\4\Output Image -308.jpg,train,4,30,400,400,accepted
data\isl_alphabet_digits\train\4\Sign 4 (409).jpeg,train,4,30,400,400,accepted
data\isl_alphabet_digits\train\4\Sign 4 (390).jpeg,train,4,30,400,400,accepted
data\isl_alphabet_digits\train\4\Sign 4 (422).jpeg,train,4,30,400,400,accepted
data\isl_alphabet_digits\train\4\Sign 4 (195).jpeg,train,4,30,400,400,accepted
data\isl_alphabet_digits\train\4\Output Image -28.jpg,train,4,30,400,400,accepted
data\isl_alphabet_digits\train\4\Sign 4 (457).jpeg,train,4,30,400,400,accepted
data\isl_alphabet_digits\train\4\Output Image -81.jpg,train,4,30,400,400,accepted
data\isl_alphabet_digits\train\4\Sign 4 (449).jpeg,train,4,30,400,400,accepted
data\isl_alphabet_digits\train\4\Sign 4 (204).jpeg,train,4,30,400,400,accepted
data\isl_alphabet_digits\train\4\Output Image -171.jpg,train,4,30,400,400,accepted
data\isl_alphabet_digits\train\4\Output Image -283.jpg,train,4,30,400,400,accepted
data\isl_alphabet_digits\train\4\Output Image -407.jpg,train,4,30,400,400,accepted
data\isl_alphabet_digits\train\4\Sign 4 (154).jpeg,train,4,30,400,400,accepted
data\isl_alphabet_digits\train\4\Sign 4 (41).jpeg,train,4,30,400,400,accepted
data\isl_alphabet_digits\train\4\Sign 4 (27).jpeg,train,4,30,400,400,accepted
data\isl_alphabet_digits\train\4\Sign 4 (426).jpeg,train,4,30,400,400,accepted
data\isl_alphabet_digits\train\4\Output Image -60.jpg,train,4,30,400,400,accepted
data\isl_alphabet_digits\train\4\Sign 4 (294).jpeg,train,4,30,400,400,accepted
data\isl_alphabet_digits\train\4\Output Image -244.jpg,train,4,30,400,400,accepted
data\isl_alphabet_digits\train\4\Sign 4 (1).jpeg,train,4,30,400,400,accepted
data\isl_alphabet_digits\train\4\Output Image -103.jpg,train,4,30,400,400,accepted
data\isl_alphabet_digits\train\4\Output Image -15.jpg,train,4,30,400,400,accepted
data\isl_alphabet_digits\train\4\Sign 4 (118).jpeg,train,4,30,400,400,accepted
data\isl_alphabet_digits\train\4\Output Image -180.jpg,train,4,30,400,400,accepted
data\isl_alphabet_digits\train\4\Output Image -330.jpg,train,4,30,400,400,accepted
data\isl_alphabet_digits\train\4\Output Image -181.jpg,train,4,30,400,400,accepted
data\isl_alphabet_digits\train\4\Output Image -29.jpg,train,4,30,400,400,accepted
data\isl_alphabet_digits\train\4\Sign 4 (134).jpeg,train,4,30,400,400,accepted
data\isl_alphabet_digits\train\4\Output Image -116.jpg,train,4,30,400,400,accepted
data\isl_alphabet_digits\train\4\Output Image -471.jpg,train,4,30,400,400,accepted
data\isl_alphabet_digits\train\4\Output Image -476.jpg,train,4,30,400,400,accepted
data\isl_alphabet_digits\train\4\Output Image -165.jpg,train,4,30,400,400,accepted
data\isl_alphabet_digits\train\4\Output Image -118.jpg,train,4,30,400,400,accepted
data\isl_alphabet_digits\train\4\Sign 4 (280).jpeg,train,4,30,400,400,accepted
data\isl_alphabet_digits\train\4\Output Image -341.jpg,train,4,30,400,400,accepted
data\isl_alphabet_digits\train\4\Sign 4 (437).jpeg,train,4,30,400,400,accepted
data\isl_alphabet_digits\train\4\Sign 4 (125).jpeg,train,4,30,400,400,accepted
data\isl_alphabet_digits\train\4\Output Image -206.jpg,train,4,30,400,400,accepted
data\isl_alphabet_digits\train\4\Output Image -313.jpg,train,4,30,400,400,accepted
data\isl_alphabet_digits\train\4\Output Image -334.jpg,train,4,30,400,400,accepted
data\isl_alphabet_digits\train\4\Sign 4 (269).jpeg,train,4,30,400,400,accepted
data\isl_alphabet_digits\train\4\Sign 4 (266).jpeg,train,4,30,400,400,accepted
data\isl_alphabet_digits\train\4\Sign 4 (44).jpeg,train,4,30,400,400,accepted
data\isl_alphabet_digits\train\4\Output Image -2.jpg,train,4,30,400,400,accepted
data\isl_alphabet_digits\train\4\Output Image -194.jpg,train,4,30,400,400,accepted
data\isl_alphabet_digits\train\4\Sign 4 (151).jpeg,train,4,30,400,400,accepted
data\isl_alphabet_digits\train\4\Output Image -157.jpg,train,4,30,400,400,accepted
data\isl_alphabet_digits\train\4\Sign 4 (355).jpeg,train,4,30,400,400,accepted
data\isl_alphabet_digits\train\4\Sign 4 (330).jpeg,train,4,30,400,400,accepted
data\isl_alphabet_digits\train\4\Sign 4 (337).jpeg,train,4,30,400,400,accepted
data\isl_alphabet_digits\train\4\Sign 4 (194).jpeg,train,4,30,400,400,accepted
data\isl_alphabet_digits\train\4\Sign 4 (251).jpeg,train,4,30,400,400,accepted
data\isl_alphabet_digits\train\4\Output Image -36.jpg,train,4,30,400,400,accepted
data\isl_alphabet_digits\train\4\Output Image -297.jpg,train,4,30,400,400,accepted
data\isl_alphabet_digits\train\4\Output Image -487.jpg,train,4,30,400,400,accepted
data\isl_alphabet_digits\train\4\Output Image -414.jpg,train,4,30,400,400,accepted
data\isl_alphabet_digits\train\4\Output Image -484.jpg,train,4,30,400,400,accepted
data\isl_alphabet_digits\train\4\Sign 4 (369).jpeg,train,4,30,400,400,accepted
data\isl_alphabet_digits\train\4\Output Image -235.jpg,train,4,30,400,400,accepted
data\isl_alphabet_digits\train\4\Sign 4 (310).jpeg,train,4,30,400,400,accepted
data\isl_alphabet_digits\train\4\Sign 4 (405).jpeg,train,4,30,400,400,accepted
data\isl_alphabet_digits\train\4\Sign 4 (123).jpeg,train,4,30,400,400,accepted
data\isl_alphabet_digits\train\4\Sign 4 (272).jpeg,train,4,30,400,400,accepted
data\isl_alphabet_digits\train\4\Sign 4 (359).jpeg,train,4,30,400,400,accepted
data\isl_alphabet_digits\train\4\Sign 4 (470).jpeg,train,4,30,400,400,accepted
data\isl_alphabet_digits\train\4\Output Image -73.jpg,train,4,30,400,400,accepted
data\isl_alphabet_digits\train\4\Output Image -395.jpg,train,4,30,400,400,accepted
data\isl_alphabet_digits\train\4\Output Image -188.jpg,train,4,30,400,400,accepted
data\isl_alphabet_digits\train\4\Sign 4 (43).jpeg,train,4,30,400,400,accepted
data\isl_alphabet_digits\train\4\Output Image -11.jpg,train,4,30,400,400,accepted
data\isl_alphabet_digits\train\4\Output Image -167.jpg,train,4,30,400,400,accepted
data\isl_alphabet_digits\train\4\Output Image -105.jpg,train,4,30,400,400,accepted
data\isl_alphabet_digits\train\4\Sign 4 (443).jpeg,train,4,30,400,400,accepted
data\isl_alphabet_digits\train\4\Output Image -234.jpg,train,4,30,400,400,accepted
data\isl_alphabet_digits\train\4\Sign 4 (117).jpeg,train,4,30,400,400,accepted
data\isl_alphabet_digits\train\4\Output Image -166.jpg,train,4,30,400,400,accepted
data\isl_alphabet_digits\train\4\Output Image -269.jpg,train,4,30,400,400,accepted
data\isl_alphabet_digits\train\4\Output Image -149.jpg,train,4,30,400,400,accepted
data\isl_alphabet_digits\train\4\Sign 4 (292).jpeg,train,4,30,400,400,accepted
data\isl_alphabet_digits\train\4\Output Image -344.jpg,train,4,30,400,400,accepted
data\isl_alphabet_digits\train\4\Output Image -468.jpg,train,4,30,400,400,accepted
data\isl_alphabet_digits\train\4\Output Image -412.jpg,train,4,30,400,400,accepted
data\isl_alphabet_digits\train\4\Output Image -228.jpg,train,4,30,400,400,accepted
data\isl_alphabet_digits\train\4\Sign 4 (182).jpeg,train,4,30,400,400,accepted
data\isl_alphabet_digits\train\4\Sign 4 (157).jpeg,train,4,30,400,400,accepted
data\isl_alphabet_digits\train\4\Output Image -104.jpg,train,4,30,400,400,accepted
data\isl_alphabet_digits\train\4\Output Image -493.jpg,train,4,30,400,400,accepted
data\isl_alphabet_digits\train\4\Sign 4 (492).jpeg,train,4,30,400,400,accepted
data\isl_alphabet_digits\train\4\Output Image -123.jpg,train,4,30,400,400,accepted
data\isl_alphabet_digits\train\4\Sign 4 (383).jpeg,train,4,30,400,400,accepted
data\isl_alphabet_digits\train\4\Output Image -364.jpg,train,4,30,400,400,accepted
data\isl_alphabet_digits\train\4\Sign 4 (131).jpeg,train,4,30,400,400,accepted
data\isl_alphabet_digits\train\4\Sign 4 (241).jpeg,train,4,30,400,400,accepted
data\isl_alphabet_digits\train\4\Sign 4 (74).jpeg,train,4,30,400,400,accepted
data\isl_alphabet_digits\train\4\Output Image -424.jpg,train,4,30,400,400,accepted
data\isl_alphabet_digits\train\4\Sign 4 (363).jpeg,train,4,30,400,400,accepted
data\isl_alphabet_digits\train\4\Sign 4 (28).jpeg,train,4,30,400,400,accepted
data\isl_alphabet_digits\train\4\Sign 4 (306).jpeg,train,4,30,400,400,accepted
data\isl_alphabet_digits\train\4\Sign 4 (439).jpeg,train,4,30,400,400,accepted
data\isl_alphabet_digits\train\4\Output Image -85.jpg,train,4,30,400,400,accepted
data\isl_alphabet_digits\train\4\Sign 4 (55).jpeg,train,4,30,400,400,accepted
data\isl_alphabet_digits\train\4\Sign 4 (465).jpeg,train,4,30,400,400,accepted
data\isl_alphabet_digits\train\4\Output Image -449.jpg,train,4,30,400,400,accepted
data\isl_alphabet_digits\train\4\Output Image -438.jpg,train,4,30,400,400,accepted
data\isl_alphabet_digits\train\4\Sign 4 (477).jpeg,train,4,30,400,400,accepted
data\isl_alphabet_digits\train\4\Sign 4 (61).jpeg,train,4,30,400,400,accepted
data\isl_alphabet_digits\train\4\Output Image -426.jpg,train,4,30,400,400,accepted
data\isl_alphabet_digits\train\4\Sign 4 (261).jpeg,train,4,30,400,400,accepted
data\isl_alphabet_digits\train\4\Sign 4 (146).jpeg,train,4,30,400,400,accepted
data\isl_alphabet_digits\train\4\Sign 4 (89).jpeg,train,4,30,400,400,accepted
data\isl_alphabet_digits\train\4\Sign 4 (139).jpeg,train,4,30,400,400,accepted
data\isl_alphabet_digits\train\4\Sign 4 (217).jpeg,train,4,30,400,400,accepted
data\isl_alphabet_digits\train\4\Sign 4 (417).jpeg,train,4,30,400,400,accepted
data\isl_alphabet_digits\train\4\Sign 4 (187).jpeg,train,4,30,400,400,accepted
data\isl_alphabet_digits\train\4\Sign 4 (222).jpeg,train,4,30,400,400,accepted
data\isl_alphabet_digits\train\4\Sign 4 (72).jpeg,train,4,30,400,400,accepted
data\isl_alphabet_digits\train\4\Output Image -259.jpg,train,4,30,400,400,accepted
data\isl_alphabet_digits\train\4\Sign 4 (160).jpeg,train,4,30,400,400,accepted
data\isl_alphabet_digits\train\4\Sign 4 (12).jpeg,train,4,30,400,400,accepted
data\isl_alphabet_digits\train\4\Output Image -31.jpg,train,4,30,400,400,accepted
data\isl_alphabet_digits\train\4\Output Image -458.jpg,train,4,30,400,400,accepted
data\isl_alphabet_digits\train\4\Output Image -98.jpg,train,4,30,400,400,accepted
data\isl_alphabet_digits\train\4\Output Image -203.jpg,train,4,30,400,400,accepted
data\isl_alphabet_digits\train\4\Output Image -408.jpg,train,4,30,400,400,accepted
data\isl_alphabet_digits\train\4\Output Image -25.jpg,train,4,30,400,400,accepted
data\isl_alphabet_digits\train\4\Output Image -333.jpg,train,4,30,400,400,accepted
data\isl_alphabet_digits\train\4\Output Image -428.jpg,train,4,30,400,400,accepted
data\isl_alphabet_digits\train\4\Sign 4 (29).jpeg,train,4,30,400,400,accepted
data\isl_alphabet_digits\train\4\Output Image -467.jpg,train,4,30,400,400,accepted
data\isl_alphabet_digits\train\4\Sign 4 (313).jpeg,train,4,30,400,400,accepted
data\isl_alphabet_digits\train\4\Output Image -322.jpg,train,4,30,400,400,accepted
data\isl_alphabet_digits\train\4\Output Image -417.jpg,train,4,30,400,400,accepted
data\isl_alphabet_digits\train\4\Sign 4 (215).jpeg,train,4,30,400,400,accepted
data\isl_alphabet_digits\train\4\Sign 4 (233).jpeg,train,4,30,400,400,accepted
data\isl_alphabet_digits\train\4\Sign 4 (196).jpeg,train,4,30,400,400,accepted
data\isl_alphabet_digits\train\4\Sign 4 (9).jpeg,train,4,30,400,400,accepted
data\isl_alphabet_digits\train\4\Sign 4 (189).jpeg,train,4,30,400,400,accepted
data\isl_alphabet_digits\train\4\Sign 4 (339).jpeg,train,4,30,400,400,accepted
data\isl_alphabet_digits\train\4\Output Image -173.jpg,train,4,30,400,400,accepted
data\isl_alphabet_digits\train\4\Output Image -179.jpg,train,4,30,400,400,accepted
data\isl_alphabet_digits\train\4\Output Image -373.jpg,train,4,30,400,400,accepted
data\isl_alphabet_digits\train\4\Sign 4 (486).jpeg,train,4,30,400,400,accepted
data\isl_alphabet_digits\train\4\Sign 4 (128).jpeg,train,4,30,400,400,accepted
data\isl_alphabet_digits\train\4\Sign 4 (267).jpeg,train,4,30,400,400,accepted
data\isl_alphabet_digits\train\4\Sign 4 (35).jpeg,train,4,30,400,400,accepted
data\isl_alphabet_digits\train\4\Sign 4 (388).jpeg,train,4,30,400,400,accepted
data\isl_alphabet_digits\train\4\Sign 4 (145).jpeg,train,4,30,400,400,accepted
data\isl_alphabet_digits\train\4\Output Image -137.jpg,train,4,30,400,400,accepted
data\isl_alphabet_digits\train\4\Sign 4 (478).jpeg,train,4,30,400,400,accepted
data\isl_alphabet_digits\train\4\Sign 4 (440).jpeg,train,4,30,400,400,accepted
data\isl_alphabet_digits\val\4\Output Image -402.jpg,val,4,30,400,400,accepted
data\isl_alphabet_digits\val\4\Sign 4 (186).jpeg,val,4,30,400,400,accepted
data\isl_alphabet_digits\val\4\Sign 4 (240).jpeg,val,4,30,400,400,accepted
data\isl_alphabet_digits\val\4\Output Image -383.jpg,val,4,30,400,400,accepted
data\isl_alphabet_digits\val\4\Output Image -76.jpg,val,4,30,400,400,accepted
data\isl_alphabet_digits\val\4\Sign 4 (137).jpeg,val,4,30,400,400,accepted
data\isl_alphabet_digits\val\4\Output Image -224.jpg,val,4,30,400,400,accepted
data\isl_alphabet_digits\val\4\Output Image -374.jpg,val,4,30,400,400,accepted
data\isl_alphabet_digits\val\4\Output Image -43.jpg,val,4,30,400,400,accepted
data\isl_alphabet_digits\val\4\Sign 4 (185).jpeg,val,4,30,400,400,accepted
data\isl_alphabet_digits\val\4\Output Image -453.jpg,val,4,30,400,400,accepted
data\isl_alphabet_digits\val\4\Sign 4 (354).jpeg,val,4,30,400,400,accepted
data\isl_alphabet_digits\val\4\Sign 4 (90).jpeg,val,4,30,400,400,accepted
data\isl_alphabet_digits\val\4\Sign 4 (396).jpeg,val,4,30,400,400,accepted
data\isl_alphabet_digits\val\4\Sign 4 (8).jpeg,val,4,30,400,400,accepted
data\isl_alphabet_digits\val\4\Sign 4 (3).jpeg,val,4,30,400,400,accepted
data\isl_alphabet_digits\val\4\Sign 4 (442).jpeg,val,4,30,400,400,accepted
data\isl_alphabet_digits\val\4\Output Image -159.jpg,val,4,30,400,400,accepted
data\isl_alphabet_digits\val\4\Sign 4 (214).jpeg,val,4,30,400,400,accepted
data\isl_alphabet_digits\val\4\Sign 4 (488).jpeg,val,4,30,400,400,accepted
data\isl_alphabet_digits\val\4\Sign 4 (400).jpeg,val,4,30,400,400,accepted
data\isl_alphabet_digits\val\4\Sign 4 (93).jpeg,val,4,30,400,400,accepted
data\isl_alphabet_digits\val\4\Sign 4 (78).jpeg,val,4,30,400,400,accepted
data\isl_alphabet_digits\val\4\Sign 4 (257).jpeg,val,4,30,400,400,accepted
data\isl_alphabet_digits\val\4\Sign 4 (20).jpeg,val,4,30,400,400,accepted
data\isl_alphabet_digits\val\4\Output Image -50.jpg,val,4,30,400,400,accepted
data\isl_alphabet_digits\val\4\Sign 4 (202).jpeg,val,4,30,400,400,accepted
data\isl_alphabet_digits\val\4\Output Image -205.jpg,val,4,30,400,400,accepted
data\isl_alphabet_digits\val\4\Sign 4 (23).jpeg,val,4,30,400,400,accepted
data\isl_alphabet_digits\val\4\Sign 4 (295).jpeg,val,4,30,400,400,accepted
data\isl_alphabet_digits\val\4\Output Image -469.jpg,val,4,30,400,400,accepted
data\isl_alphabet_digits\val\4\Sign 4 (324).jpeg,val,4,30,400,400,accepted
data\isl_alphabet_digits\val\4\Output Image -445.jpg,val,4,30,400,400,accepted
data\isl_alphabet_digits\val\4\Sign 4 (80).jpeg,val,4,30,400,400,accepted
data\isl_alphabet_digits\val\4\Sign 4 (404).jpeg,val,4,30,400,400,accepted
data\isl_alphabet_digits\val\4\Output Image -499.jpg,val,4,30,400,400,accepted
data\isl_alphabet_digits\val\4\Sign 4 (475).jpeg,val,4,30,400,400,accepted
data\isl_alphabet_digits\val\4\Sign 4 (401).jpeg,val,4,30,400,400,accepted
data\isl_alphabet_digits\val\4\Sign 4 (350).jpeg,val,4,30,400,400,accepted
data\isl_alphabet_digits\val\4\Output Image -376.jpg,val,4,30,400,400,accepted
data\isl_alphabet_digits\val\4\Sign 4 (327).jpeg,val,4,30,400,400,accepted
data\isl_alphabet_digits\val\4\Sign 4 (224).jpeg,val,4,30,400,400,accepted
data\isl_alphabet_digits\val\4\Output Image -282.jpg,val,4,30,400,400,accepted
data\isl_alphabet_digits\val\4\Sign 4 (63).jpeg,val,4,30,400,400,accepted
data\isl_alphabet_digits\val\4\Sign 4 (158).jpeg,val,4,30,400,400,accepted
data\isl_alphabet_digits\val\4\Output Image -19.jpg,val,4,30,400,400,accepted
data\isl_alphabet_digits\val\4\Output Image -213.jpg,val,4,30,400,400,accepted
data\isl_alphabet_digits\val\4\Sign 4 (170).jpeg,val,4,30,400,400,accepted
data\isl_alphabet_digits\val\4\Sign 4 (476).jpeg,val,4,30,400,400,accepted
data\isl_alphabet_digits\val\4\Output Image -257.jpg,val,4,30,400,400,accepted
data\isl_alphabet_digits\val\4\Sign 4 (227).jpeg,val,4,30,400,400,accepted
data\isl_alphabet_digits\val\4\Output Image -13.jpg,val,4,30,400,400,accepted
data\isl_alphabet_digits\val\4\Sign 4 (19).jpeg,val,4,30,400,400,accepted
data\isl_alphabet_digits\val\4\Output Image -201.jpg,val,4,30,400,400,accepted
data\isl_alphabet_digits\val\4\Sign 4 (18).jpeg,val,4,30,400,400,accepted
data\isl_alphabet_digits\val\4\Sign 4 (86).jpeg,val,4,30,400,400,accepted
data\isl_alphabet_digits\val\4\Output Image -397.jpg,val,4,30,400,400,accepted
data\isl_alphabet_digits\val\4\Output Image -319.jpg,val,4,30,400,400,accepted
data\isl_alphabet_digits\val\4\Sign 4 (493).jpeg,val,4,30,400,400,accepted
data\isl_alphabet_digits\val\4\Output Image -143.jpg,val,4,30,400,400,accepted
data\isl_alphabet_digits\val\4\Sign 4 (322).jpeg,val,4,30,400,400,accepted
data\isl_alphabet_digits\val\4\Sign 4 (14).jpeg,val,4,30,400,400,accepted
data\isl_alphabet_digits\val\4\Sign 4 (188).jpeg,val,4,30,400,400,accepted
data\isl_alphabet_digits\val\4\Sign 4 (368).jpeg,val,4,30,400,400,accepted
data\isl_alphabet_digits\val\4\Output Image -329.jpg,val,4,30,400,400,accepted
data\isl_alphabet_digits\val\4\Sign 4 (235).jpeg,val,4,30,400,400,accepted
data\isl_alphabet_digits\val\4\Output Image -74.jpg,val,4,30,400,400,accepted
data\isl_alphabet_digits\val\4\Output Image -117.jpg,val,4,30,400,400,accepted
data\isl_alphabet_digits\val\4\Output Image -405.jpg,val,4,30,400,400,accepted
data\isl_alphabet_digits\val\4\Sign 4 (328).jpeg,val,4,30,400,400,accepted
data\isl_alphabet_digits\val\4\Output Image -152.jpg,val,4,30,400,400,accepted
data\isl_alphabet_digits\val\4\Sign 4 (298).jpeg,val,4,30,400,400,accepted
data\isl_alphabet_digits\val\4\Sign 4 (198).jpeg,val,4,30,400,400,accepted
data\isl_alphabet_digits\val\4\Sign 4 (395).jpeg,val,4,30,400,400,accepted
data\isl_alphabet_digits\val\4\Output Image -343.jpg,val,4,30,400,400,accepted
data\isl_alphabet_digits\val\4\Sign 4 (46).jpeg,val,4,30,400,400,accepted
data\isl_alphabet_digits\val\4\Output Image -473.jpg,val,4,30,400,400,accepted
data\isl_alphabet_digits\val\4\Sign 4 (10).jpeg,val,4,30,400,400,accepted
data\isl_alphabet_digits\val\4\Output Image -448.jpg,val,4,30,400,400,accepted
data\isl_alphabet_digits\val\4\Sign 4 (107).jpeg,val,4,30,400,400,accepted
data\isl_alphabet_digits\val\4\Output Image -312.jpg,val,4,30,400,400,accepted
data\isl_alphabet_digits\val\4\Output Image -256.jpg,val,4,30,400,400,accepted
data\isl_alphabet_digits\val\4\Sign 4 (431).jpeg,val,4,30,400,400,accepted
data\isl_alphabet_digits\val\4\Output Image -164.jpg,val,4,30,400,400,accepted
data\isl_alphabet_digits\val\4\Sign 4 (323).jpeg,val,4,30,400,400,accepted
data\isl_alphabet_digits\val\4\Sign 4 (121).jpeg,val,4,30,400,400,accepted
data\isl_alphabet_digits\val\4\Sign 4 (490).jpeg,val,4,30,400,400,accepted
data\isl_alphabet_digits\val\4\Sign 4 (104).jpeg,val,4,30,400,400,accepted
data\isl_alphabet_digits\val\4\Sign 4 (243).jpeg,val,4,30,400,400,accepted
data\isl_alphabet_digits\val\4\Sign 4 (335).jpeg,val,4,30,400,400,accepted
data\isl_alphabet_digits\val\4\Output Image -87.jpg,val,4,30,400,400,accepted
data\isl_alphabet_digits\val\4\Output Image -451.jpg,val,4,30,400,400,accepted
data\isl_alphabet_digits\val\4\Sign 4 (288).jpeg,val,4,30,400,400,accepted
data\isl_alphabet_digits\val\4\Output Image -119.jpg,val,4,30,400,400,accepted
data\isl_alphabet_digits\val\4\Output Image -212.jpg,val,4,30,400,400,accepted
data\isl_alphabet_digits\val\4\Output Image -495.jpg,val,4,30,400,400,accepted
data\isl_alphabet_digits\val\4\Sign 4 (91).jpeg,val,4,30,400,400,accepted
data\isl_alphabet_digits\val\4\Sign 4 (332).jpeg,val,4,30,400,400,accepted
data\isl_alphabet_digits\val\4\Output Image -242.jpg,val,4,30,400,400,accepted
data\isl_alphabet_digits\val\4\Output Image -356.jpg,val,4,30,400,400,accepted
data\isl_alphabet_digits\val\4\Sign 4 (392).jpeg,val,4,30,400,400,accepted
data\isl_alphabet_digits\val\4\Output Image -186.jpg,val,4,30,400,400,accepted
data\isl_alphabet_digits\val\4\Sign 4 (379).jpeg,val,4,30,400,400,accepted
data\isl_alphabet_digits\val\4\Sign 4 (293).jpeg,val,4,30,400,400,accepted
data\isl_alphabet_digits\val\4\Sign 4 (452).jpeg,val,4,30,400,400,accepted
data\isl_alphabet_digits\val\4\Sign 4 (106).jpeg,val,4,30,400,400,accepted
data\isl_alphabet_digits\val\4\Sign 4 (84).jpeg,val,4,30,400,400,accepted
data\isl_alphabet_digits\val\4\Output Image -409.jpg,val,4,30,400,400,accepted
data\isl_alphabet_digits\val\4\Output Image -482.jpg,val,4,30,400,400,accepted
data\isl_alphabet_digits\val\4\Sign 4 (413).jpeg,val,4,30,400,400,accepted
data\isl_alphabet_digits\val\4\Sign 4 (399).jpeg,val,4,30,400,400,accepted
data\isl_alphabet_digits\val\4\Sign 4 (370).jpeg,val,4,30,400,400,accepted
data\isl_alphabet_digits\val\4\Sign 4 (92).jpeg,val,4,30,400,400,accepted
data\isl_alphabet_digits\val\4\Sign 4 (164).jpeg,val,4,30,400,400,accepted
data\isl_alphabet_digits\val\4\Sign 4 (482).jpeg,val,4,30,400,400,accepted
data\isl_alphabet_digits\val\4\Output Image -415.jpg,val,4,30,400,400,accepted
data\isl_alphabet_digits\val\4\Output Image -14.jpg,val,4,30,400,400,accepted
data\isl_alphabet_digits\val\4\Sign 4 (314).jpeg,val,4,30,400,400,accepted
data\isl_alphabet_digits\val\4\Output Image -410.jpg,val,4,30,400,400,accepted
data\isl_alphabet_digits\val\4\Sign 4 (148).jpeg,val,4,30,400,400,accepted
data\isl_alphabet_digits\val\4\Output Image -293.jpg,val,4,30,400,400,accepted
data\isl_alphabet_digits\val\4\Output Image -127.jpg,val,4,30,400,400,accepted
data\isl_alphabet_digits\val\4\Output Image -91.jpg,val,4,30,400,400,accepted
data\isl_alphabet_digits\val\4\Sign 4 (456).jpeg,val,4,30,400,400,accepted
data\isl_alphabet_digits\val\4\Output Image -193.jpg,val,4,30,400,400,accepted
data\isl_alphabet_digits\val\4\Sign 4 (173).jpeg,val,4,30,400,400,accepted
data\isl_alphabet_digits\val\4\Sign 4 (36).jpeg,val,4,30,400,400,accepted
data\isl_alphabet_digits\val\4\Sign 4 (406).jpeg,val,4,30,400,400,accepted
data\isl_alphabet_digits\val\4\Output Image -337.jpg,val,4,30,400,400,accepted
data\isl_alphabet_digits\val\4\Sign 4 (497).jpeg,val,4,30,400,400,accepted
data\isl_alphabet_digits\val\4\Sign 4 (338).jpeg,val,4,30,400,400,accepted
data\isl_alphabet_digits\val\4\Sign 4 (408).jpeg,val,4,30,400,400,accepted
data\isl_alphabet_digits\val\4\Sign 4 (315).jpeg,val,4,30,400,400,accepted
data\isl_alphabet_digits\val\4\Sign 4 (5).jpeg,val,4,30,400,400,accepted
data\isl_alphabet_digits\val\4\Output Image -275.jpg,val,4,30,400,400,accepted
data\isl_alphabet_digits\val\4\Output Image -500.jpg,val,4,30,400,400,accepted
data\isl_alphabet_digits\val\4\Output Image -331.jpg,val,4,30,400,400,accepted
data\isl_alphabet_digits\val\4\Output Image -176.jpg,val,4,30,400,400,accepted
data\isl_alphabet_digits\val\4\Sign 4 (132).jpeg,val,4,30,400,400,accepted
data\isl_alphabet_digits\val\4\Sign 4 (271).jpeg,val,4,30,400,400,accepted
data\isl_alphabet_digits\val\4\Sign 4 (242).jpeg,val,4,30,400,400,accepted
data\isl_alphabet_digits\val\4\Sign 4 (466).jpeg,val,4,30,400,400,accepted
data\isl_alphabet_digits\val\4\Sign 4 (448).jpeg,val,4,30,400,400,accepted
data\isl_alphabet_digits\val\4\Sign 4 (99).jpeg,val,4,30,400,400,accepted
data\isl_alphabet_digits\val\4\Sign 4 (142).jpeg,val,4,30,400,400,accepted
data\isl_alphabet_digits\test\4\Output Image -483.jpg,test,4,30,400,400,accepted
data\isl_alphabet_digits\test\4\Output Image -47.jpg,test,4,30,400,400,accepted
data\isl_alphabet_digits\test\4\Sign 4 (140).jpeg,test,4,30,400,400,accepted
data\isl_alphabet_digits\test\4\Sign 4 (100).jpeg,test,4,30,400,400,accepted
data\isl_alphabet_digits\test\4\Output Image -133.jpg,test,4,30,400,400,accepted
data\isl_alphabet_digits\test\4\Output Image -472.jpg,test,4,30,400,400,accepted
data\isl_alphabet_digits\test\4\Sign 4 (319).jpeg,test,4,30,400,400,accepted
data\isl_alphabet_digits\test\4\Output Image -480.jpg,test,4,30,400,400,accepted
data\isl_alphabet_digits\test\4\Output Image -34.jpg,test,4,30,400,400,accepted
data\isl_alphabet_digits\test\4\Output Image -294.jpg,test,4,30,400,400,accepted
data\isl_alphabet_digits\test\4\Output Image -195.jpg,test,4,30,400,400,accepted
data\isl_alphabet_digits\test\4\Sign 4 (197).jpeg,test,4,30,400,400,accepted
data\isl_alphabet_digits\test\4\Output Image -389.jpg,test,4,30,400,400,accepted
data\isl_alphabet_digits\test\4\Sign 4 (344).jpeg,test,4,30,400,400,accepted
data\isl_alphabet_digits\test\4\Sign 4 (25).jpeg,test,4,30,400,400,accepted
data\isl_alphabet_digits\test\4\Sign 4 (451).jpeg,test,4,30,400,400,accepted
data\isl_alphabet_digits\test\4\Output Image -486.jpg,test,4,30,400,400,accepted
data\isl_alphabet_digits\test\4\Output Image -189.jpg,test,4,30,400,400,accepted
data\isl_alphabet_digits\test\4\Output Image -124.jpg,test,4,30,400,400,accepted
data\isl_alphabet_digits\test\4\Output Image -477.jpg,test,4,30,400,400,accepted
data\isl_alphabet_digits\test\4\Sign 4 (444).jpeg,test,4,30,400,400,accepted
data\isl_alphabet_digits\test\4\Output Image -52.jpg,test,4,30,400,400,accepted
data\isl_alphabet_digits\test\4\Sign 4 (83).jpeg,test,4,30,400,400,accepted
data\isl_alphabet_digits\test\4\Output Image -464.jpg,test,4,30,400,400,accepted
data\isl_alphabet_digits\test\4\Sign 4 (172).jpeg,test,4,30,400,400,accepted
data\isl_alphabet_digits\test\4\Output Image -247.jpg,test,4,30,400,400,accepted
data\isl_alphabet_digits\test\4\Output Image -198.jpg,test,4,30,400,400,accepted
data\isl_alphabet_digits\test\4\Output Image -68.jpg,test,4,30,400,400,accepted
data\isl_alphabet_digits\test\4\Sign 4 (352).jpeg,test,4,30,400,400,accepted
data\isl_alphabet_digits\test\4\Sign 4 (16).jpeg,test,4,30,400,400,accepted
data\isl_alphabet_digits\test\4\Output Image -147.jpg,test,4,30,400,400,accepted
data\isl_alphabet_digits\test\4\Sign 4 (360).jpeg,test,4,30,400,400,accepted
data\isl_alphabet_digits\test\4\Sign 4 (58).jpeg,test,4,30,400,400,accepted
data\isl_alphabet_digits\test\4\Output Image -42.jpg,test,4,30,400,400,accepted
data\isl_alphabet_digits\test\4\Sign 4 (420).jpeg,test,4,30,400,400,accepted
data\isl_alphabet_digits\test\4\Sign 4 (127).jpeg,test,4,30,400,400,accepted
data\isl_alphabet_digits\test\4\Output Image -386.jpg,test,4,30,400,400,accepted
data\isl_alphabet_digits\test\4\Sign 4 (211).jpeg,test,4,30,400,400,accepted
data\isl_alphabet_digits\test\4\Output Image -35.jpg,test,4,30,400,400,accepted
data\isl_alphabet_digits\test\4\Sign 4 (358).jpeg,test,4,30,400,400,accepted
data\isl_alphabet_digits\test\4\Output Image -396.jpg,test,4,30,400,400,accepted
data\isl_alphabet_digits\test\4\Output Image -365.jpg,test,4,30,400,400,accepted
data\isl_alphabet_digits\test\4\Sign 4 (220).jpeg,test,4,30,400,400,accepted
data\isl_alphabet_digits\test\4\Sign 4 (455).jpeg,test,4,30,400,400,accepted
data\isl_alphabet_digits\test\4\Sign 4 (259).jpeg,test,4,30,400,400,accepted
data\isl_alphabet_digits\test\4\Sign 4 (349).jpeg,test,4,30,400,400,accepted
data\isl_alphabet_digits\test\4\Output Image -338.jpg,test,4,30,400,400,accepted
data\isl_alphabet_digits\test\4\Output Image -435.jpg,test,4,30,400,400,accepted
data\isl_alphabet_digits\test\4\Output Image -398.jpg,test,4,30,400,400,accepted
data\isl_alphabet_digits\test\4\Output Image -140.jpg,test,4,30,400,400,accepted
data\isl_alphabet_digits\test\4\Output Image -146.jpg,test,4,30,400,400,accepted
data\isl_alphabet_digits\test\4\Sign 4 (432).jpeg,test,4,30,400,400,accepted
data\isl_alphabet_digits\test\4\Output Image -121.jpg,test,4,30,400,400,accepted
data\isl_alphabet_digits\test\4\Sign 4 (256).jpeg,test,4,30,400,400,accepted
data\isl_alphabet_digits\test\4\Sign 4 (109).jpeg,test,4,30,400,400,accepted
data\isl_alphabet_digits\test\4\Output Image -63.jpg,test,4,30,400,400,accepted
data\isl_alphabet_digits\test\4\Sign 4 (230).jpeg,test,4,30,400,400,accepted
data\isl_alphabet_digits\test\4\Output Image -325.jpg,test,4,30,400,400,accepted
data\isl_alphabet_digits\test\4\Output Image -97.jpg,test,4,30,400,400,accepted
data\isl_alphabet_digits\test\4\Sign 4 (213).jpeg,test,4,30,400,400,accepted
data\isl_alphabet_digits\test\4\Sign 4 (268).jpeg,test,4,30,400,400,accepted
data\isl_alphabet_digits\test\4\Output Image -357.jpg,test,4,30,400,400,accepted
data\isl_alphabet_digits\test\4\Output Image -277.jpg,test,4,30,400,400,accepted
data\isl_alphabet_digits\test\4\Output Image -358.jpg,test,4,30,400,400,accepted
data\isl_alphabet_digits\test\4\Output Image -286.jpg,test,4,30,400,400,accepted
data\isl_alphabet_digits\test\4\Sign 4 (397).jpeg,test,4,30,400,400,accepted
data\isl_alphabet_digits\test\4\Sign 4 (150).jpeg,test,4,30,400,400,accepted
data\isl_alphabet_digits\test\4\Output Image -23.jpg,test,4,30,400,400,accepted
data\isl_alphabet_digits\test\4\Output Image -232.jpg,test,4,30,400,400,accepted
data\isl_alphabet_digits\test\4\Sign 4 (81).jpeg,test,4,30,400,400,accepted
data\isl_alphabet_digits\test\4\Sign 4 (21).jpeg,test,4,30,400,400,accepted
data\isl_alphabet_digits\test\4\Sign 4 (62).jpeg,test,4,30,400,400,accepted
data\isl_alphabet_digits\test\4\Sign 4 (181).jpeg,test,4,30,400,400,accepted
data\isl_alphabet_digits\test\4\Sign 4 (334).jpeg,test,4,30,400,400,accepted
data\isl_alphabet_digits\test\4\Sign 4 (153).jpeg,test,4,30,400,400,accepted
data\isl_alphabet_digits\test\4\Sign 4 (329).jpeg,test,4,30,400,400,accepted
data\isl_alphabet_digits\test\4\Output Image -457.jpg,test,4,30,400,400,accepted
data\isl_alphabet_digits\test\4\Output Image -347.jpg,test,4,30,400,400,accepted
data\isl_alphabet_digits\test\4\Sign 4 (65).jpeg,test,4,30,400,400,accepted
data\isl_alphabet_digits\test\4\Output Image -317.jpg,test,4,30,400,400,accepted
data\isl_alphabet_digits\test\4\Output Image -54.jpg,test,4,30,400,400,accepted
data\isl_alphabet_digits\test\4\Sign 4 (161).jpeg,test,4,30,400,400,accepted
data\isl_alphabet_digits\test\4\Output Image -263.jpg,test,4,30,400,400,accepted
data\isl_alphabet_digits\test\4\Output Image -30.jpg,test,4,30,400,400,accepted
data\isl_alphabet_digits\test\4\Output Image -27.jpg,test,4,30,400,400,accepted
data\isl_alphabet_digits\test\4\Output Image -446.jpg,test,4,30,400,400,accepted
data\isl_alphabet_digits\test\4\Output Image -84.jpg,test,4,30,400,400,accepted
data\isl_alphabet_digits\test\4\Output Image -253.jpg,test,4,30,400,400,accepted
data\isl_alphabet_digits\test\4\Output Image -207.jpg,test,4,30,400,400,accepted
data\isl_alphabet_digits\test\4\Sign 4 (473).jpeg,test,4,30,400,400,accepted
data\isl_alphabet_digits\test\4\Sign 4 (412).jpeg,test,4,30,400,400,accepted
data\isl_alphabet_digits\test\4\Output Image -6.jpg,test,4,30,400,400,accepted
data\isl_alphabet_digits\test\4\Sign 4 (248).jpeg,test,4,30,400,400,accepted
data\isl_alphabet_digits\test\4\Output Image -420.jpg,test,4,30,400,400,accepted
data\isl_alphabet_digits\test\4\Sign 4 (296).jpeg,test,4,30,400,400,accepted
data\isl_alphabet_digits\test\4\Output Image -135.jpg,test,4,30,400,400,accepted
data\isl_alphabet_digits\test\4\Sign 4 (174).jpeg,test,4,30,400,400,accepted
data\isl_alphabet_digits\test\4\Sign 4 (398).jpeg,test,4,30,400,400,accepted
data\isl_alphabet_digits\test\4\Sign 4 (179).jpeg,test,4,30,400,400,accepted
data\isl_alphabet_digits\test\4\Sign 4 (366).jpeg,test,4,30,400,400,accepted
data\isl_alphabet_digits\test\4\Sign 4 (245).jpeg,test,4,30,400,400,accepted
data\isl_alphabet_digits\test\4\Output Image -236.jpg,test,4,30,400,400,accepted
data\isl_alphabet_digits\test\4\Output Image -160.jpg,test,4,30,400,400,accepted
data\isl_alphabet_digits\test\4\Output Image -16.jpg,test,4,30,400,400,accepted
data\isl_alphabet_digits\test\4\Output Image -260.jpg,test,4,30,400,400,accepted
data\isl_alphabet_digits\test\4\Sign 4 (178).jpeg,test,4,30,400,400,accepted
data\isl_alphabet_digits\test\4\Sign 4 (483).jpeg,test,4,30,400,400,accepted
data\isl_alphabet_digits\test\4\Output Image -32.jpg,test,4,30,400,400,accepted
data\isl_alphabet_digits\test\4\Sign 4 (52).jpeg,test,4,30,400,400,accepted
data\isl_alphabet_digits\test\4\Sign 4 (496).jpeg,test,4,30,400,400,accepted
data\isl_alphabet_digits\test\4\Output Image -382.jpg,test,4,30,400,400,accepted
data\isl_alphabet_digits\test\4\Output Image -126.jpg,test,4,30,400,400,accepted
data\isl_alphabet_digits\test\4\Output Image -33.jpg,test,4,30,400,400,accepted
data\isl_alphabet_digits\test\4\Output Image -248.jpg,test,4,30,400,400,accepted
data\isl_alphabet_digits\test\4\Sign 4 (374).jpeg,test,4,30,400,400,accepted
data\isl_alphabet_digits\test\4\Output Image -130.jpg,test,4,30,400,400,accepted
data\isl_alphabet_digits\test\4\Sign 4 (48).jpeg,test,4,30,400,400,accepted
data\isl_alphabet_digits\test\4\Output Image -403.jpg,test,4,30,400,400,accepted
data\isl_alphabet_digits\test\4\Sign 4 (156).jpeg,test,4,30,400,400,accepted
data\isl_alphabet_digits\test\4\Sign 4 (136).jpeg,test,4,30,400,400,accepted
data\isl_alphabet_digits\test\4\Sign 4 (307).jpeg,test,4,30,400,400,accepted
data\isl_alphabet_digits\test\4\Sign 4 (351).jpeg,test,4,30,400,400,accepted
data\isl_alphabet_digits\test\4\Sign 4 (111).jpeg,test,4,30,400,400,accepted
data\isl_alphabet_digits\test\4\Sign 4 (163).jpeg,test,4,30,400,400,accepted
data\isl_alphabet_digits\test\4\Output Image -208.jpg,test,4,30,400,400,accepted
data\isl_alphabet_digits\test\4\Sign 4 (115).jpeg,test,4,30,400,400,accepted
data\isl_alphabet_digits\test\4\Sign 4 (168).jpeg,test,4,30,400,400,accepted
data\isl_alphabet_digits\test\4\Output Image -385.jpg,test,4,30,400,400,accepted
data\isl_alphabet_digits\test\4\Sign 4 (98).jpeg,test,4,30,400,400,accepted
data\isl_alphabet_digits\test\4\Output Image -378.jpg,test,4,30,400,400,accepted
data\isl_alphabet_digits\test\4\Sign 4 (265).jpeg,test,4,30,400,400,accepted
data\isl_alphabet_digits\test\4\Output Image -301.jpg,test,4,30,400,400,accepted
data\isl_alphabet_digits\test\4\Output Image -17.jpg,test,4,30,400,400,accepted
data\isl_alphabet_digits\test\4\Sign 4 (45).jpeg,test,4,30,400,400,accepted
data\isl_alphabet_digits\test\4\Sign 4 (50).jpeg,test,4,30,400,400,accepted
data\isl_alphabet_digits\test\4\Output Image -190.jpg,test,4,30,400,400,accepted
data\isl_alphabet_digits\test\4\Output Image -450.jpg,test,4,30,400,400,accepted
data\isl_alphabet_digits\test\4\Output Image -470.jpg,test,4,30,400,400,accepted
data\isl_alphabet_digits\test\4\Sign 4 (47).jpeg,test,4,30,400,400,accepted
data\isl_alphabet_digits\test\4\Sign 4 (226).jpeg,test,4,30,400,400,accepted
data\isl_alphabet_digits\test\4\Sign 4 (403).jpeg,test,4,30,400,400,accepted
data\isl_alphabet_digits\test\4\Output Image -89.jpg,test,4,30,400,400,accepted
data\isl_alphabet_digits\test\4\Sign 4 (445).jpeg,test,4,30,400,400,accepted
data\isl_alphabet_digits\test\4\Sign 4 (11).jpeg,test,4,30,400,400,accepted
data\isl_alphabet_digits\test\4\Output Image -497.jpg,test,4,30,400,400,accepted
data\isl_alphabet_digits\test\4\Output Image -150.jpg,test,4,30,400,400,accepted
data\isl_alphabet_digits\train\5\Output Image -14.jpg,train,5,31,400,400,accepted
data\isl_alphabet_digits\train\5\Output Image -58.jpg,train,5,31,400,400,accepted
data\isl_alphabet_digits\train\5\Sign 5 (227).jpeg,train,5,31,400,400,accepted
data\isl_alphabet_digits\train\5\Sign 5 (412).jpeg,train,5,31,400,400,accepted
data\isl_alphabet_digits\train\5\Output Image -109.jpg,train,5,31,400,400,accepted
data\isl_alphabet_digits\train\5\Sign 5 (54).jpeg,train,5,31,400,400,accepted
data\isl_alphabet_digits\train\5\Output Image -429.jpg,train,5,31,400,400,accepted
data\isl_alphabet_digits\train\5\Output Image -230.jpg,train,5,31,400,400,accepted
data\isl_alphabet_digits\train\5\Output Image -227.jpg,train,5,31,400,400,accepted
data\isl_alphabet_digits\train\5\Output Image -15.jpg,train,5,31,400,400,accepted
data\isl_alphabet_digits\train\5\Sign 5 (178).jpeg,train,5,31,400,400,accepted
data\isl_alphabet_digits\train\5\Sign 5 (480).jpeg,train,5,31,400,400,accepted
data\isl_alphabet_digits\train\5\Output Image -278.jpg,train,5,31,400,400,accepted
data\isl_alphabet_digits\train\5\Output Image -490.jpg,train,5,31,400,400,accepted
data\isl_alphabet_digits\train\5\Sign 5 (327).jpeg,train,5,31,400,400,accepted
data\isl_alphabet_digits\train\5\Sign 5 (27).jpeg,train,5,31,400,400,accepted
data\isl_alphabet_digits\train\5\Output Image -243.jpg,train,5,31,400,400,accepted
data\isl_alphabet_digits\train\5\Output Image -280.jpg,train,5,31,400,400,accepted
data\isl_alphabet_digits\train\5\Sign 5 (291).jpeg,train,5,31,400,400,accepted
data\isl_alphabet_digits\train\5\Sign 5 (428).jpeg,train,5,31,400,400,accepted
data\isl_alphabet_digits\train\5\Output Image -478.jpg,train,5,31,400,400,accepted
data\isl_alphabet_digits\train\5\Sign 5 (476).jpeg,train,5,31,400,400,accepted
data\isl_alphabet_digits\train\5\Sign 5 (393).jpeg,train,5,31,400,400,accepted
data\isl_alphabet_digits\train\5\Sign 5 (329).jpeg,train,5,31,400,400,accepted
data\isl_alphabet_digits\train\5\Sign 5 (155).jpeg,train,5,31,400,400,accepted
data\isl_alphabet_digits\train\5\Output Image -303.jpg,train,5,31,400,400,accepted
data\isl_alphabet_digits\train\5\Output Image -179.jpg,train,5,31,400,400,accepted
data\isl_alphabet_digits\train\5\Output Image -150.jpg,train,5,31,400,400,accepted
data\isl_alphabet_digits\train\5\Output Image -321.jpg,train,5,31,400,400,accepted
data\isl_alphabet_digits\train\5\Output Image -389.jpg,train,5,31,400,400,accepted
data\isl_alphabet_digits\train\5\Output Image -135.jpg,train,5,31,400,400,accepted
data\isl_alphabet_digits\train\5\Sign 5 (486).jpeg,train,5,31,400,400,accepted
data\isl_alphabet_digits\train\5\Sign 5 (230).jpeg,train,5,31,400,400,accepted
data\isl_alphabet_digits\train\5\Output Image -354.jpg,train,5,31,400,400,accepted
data\isl_alphabet_digits\train\5\Sign 5 (170).jpeg,train,5,31,400,400,accepted
data\isl_alphabet_digits\train\5\Output Image -310.jpg,train,5,31,400,400,accepted
data\isl_alphabet_digits\train\5\Output Image -262.jpg,train,5,31,400,400,accepted
data\isl_alphabet_digits\train\5\Output Image -349.jpg,train,5,31,400,400,accepted
data\isl_alphabet_digits\train\5\Sign 5 (411).jpeg,train,5,31,400,400,accepted
data\isl_alphabet_digits\train\5\Sign 5 (313).jpeg,train,5,31,400,400,accepted
data\isl_alphabet_digits\train\5\Output Image -367.jpg,train,5,31,400,400,accepted
data\isl_alphabet_digits\train\5\Sign 5 (204).jpeg,train,5,31,400,400,accepted
data\isl_alphabet_digits\train\5\Output Image -171.jpg,train,5,31,400,400,accepted
data\isl_alphabet_digits\train\5\Output Image -312.jpg,train,5,31,400,400,accepted
data\isl_alphabet_digits\train\5\Sign 5 (174).jpeg,train,5,31,400,400,accepted
data\isl_alphabet_digits\train\5\Sign 5 (332).jpeg,train,5,31,400,400,accepted
data\isl_alphabet_digits\train\5\Sign 5 (134).jpeg,train,5,31,400,400,accepted
data\isl_alphabet_digits\train\5\Sign 5 (126).jpeg,train,5,31,400,400,accepted
data\isl_alphabet_digits\train\5\Sign 5 (270).jpeg,train,5,31,400,400,accepted
data\isl_alphabet_digits\train\5\Sign 5 (80).jpeg,train,5,31,400,400,accepted
data\isl_alphabet_digits\train\5\Sign 5 (288).jpeg,train,5,31,400,400,accepted
data\isl_alphabet_digits\train\5\Sign 5 (316).jpeg,train,5,31,400,400,accepted
data\isl_alphabet_digits\train\5\Output Image -424.jpg,train,5,31,400,400,accepted
data\isl_alphabet_digits\train\5\Output Image -62.jpg,train,5,31,400,400,accepted
data\isl_alphabet_digits\train\5\Sign 5 (491).jpeg,train,5,31,400,400,accepted
data\isl_alphabet_digits\train\5\Sign 5 (90).jpeg,train,5,31,400,400,accepted
data\isl_alphabet_digits\train\5\Sign 5 (83).jpeg,train,5,31,400,400,accepted
data\isl_alphabet_digits\train\5\Sign 5 (73).jpeg,train,5,31,400,400,accepted
data\isl_alphabet_digits\train\5\Output Image -71.jpg,train,5,31,400,400,accepted
data\isl_alphabet_digits\train\5\Output Image -440.jpg,train,5,31,400,400,accepted
data\isl_alphabet_digits\train\5\Sign 5 (104).jpeg,train,5,31,400,400,accepted
data\isl_alphabet_digits\train\5\Sign 5 (312).jpeg,train,5,31,400,400,accepted
data\isl_alphabet_digits\train\5\Sign 5 (120).jpeg,train,5,31,400,400,accepted
data\isl_alphabet_digits\train\5\Output Image -305.jpg,train,5,31,400,400,accepted
data\isl_alphabet_digits\train\5\Output Image -271.jpg,train,5,31,400,400,accepted
data\isl_alphabet_digits\train\5\Output Image -20.jpg,train,5,31,400,400,accepted
data\isl_alphabet_digits\train\5\Output Image -344.jpg,train,5,31,400,400,accepted
data\isl_alphabet_digits\train\5\Sign 5 (53).jpeg,train,5,31,400,400,accepted
data\isl_alphabet_digits\train\5\Sign 5 (296).jpeg,train,5,31,400,400,accepted
data\isl_alphabet_digits\train\5\Output Image -276.jpg,train,5,31,400,400,accepted
data\isl_alphabet_digits\train\5\Sign 5 (242).jpeg,train,5,31,400,400,accepted
data\isl_alphabet_digits\train\5\Sign 5 (42).jpeg,train,5,31,400,400,accepted
data\isl_alphabet_digits\train\5\Sign 5 (237).jpeg,train,5,31,400,400,accepted
data\isl_alphabet_digits\train\5\Output Image -237.jpg,train,5,31,400,400,accepted
data\isl_alphabet_digits\train\5\Sign 5 (124).jpeg,train,5,31,400,400,accepted
data\isl_alphabet_digits\train\5\Sign 5 (211).jpeg,train,5,31,400,400,accepted
data\isl_alphabet_digits\train\5\Sign 5 (324).jpeg,train,5,31,400,400,accepted
data\isl_alphabet_digits\train\5\Output Image -137.jpg,train,5,31,400,400,accepted
data\isl_alphabet_digits\train\5\Output Image -144.jpg,train,5,31,400,400,accepted
data\isl_alphabet_digits\train\5\Sign 5 (231).jpeg,train,5,31,400,400,accepted
data\isl_alphabet_digits\train\5\Output Image -148.jpg,train,5,31,400,400,accepted
data\isl_alphabet_digits\train\5\Output Image -474.jpg,train,5,31,400,400,accepted
data\isl_alphabet_digits\train\5\Output Image -426.jpg,train,5,31,400,400,accepted
data\isl_alphabet_digits\train\5\Sign 5 (462).jpeg,train,5,31,400,400,accepted
data\isl_alphabet_digits\train\5\Sign 5 (82).jpeg,train,5,31,400,400,accepted
data\isl_alphabet_digits\train\5\Output Image -258.jpg,train,5,31,400,400,accepted
data\isl_alphabet_digits\train\5\Output Image -122.jpg,train,5,31,400,400,accepted
data\isl_alphabet_digits\train\5\Output Image -224.jpg,train,5,31,400,400,accepted
data\isl_alphabet_digits\train\5\Output Image -453.jpg,train,5,31,400,400,accepted
data\isl_alphabet_digits\train\5\Sign 5 (451).jpeg,train,5,31,400,400,accepted
data\isl_alphabet_digits\train\5\Output Image -452.jpg,train,5,31,400,400,accepted
data\isl_alphabet_digits\train\5\Sign 5 (392).jpeg,train,5,31,400,400,accepted
data\isl_alphabet_digits\train\5\Sign 5 (63).jpeg,train,5,31,400,400,accepted
data\isl_alphabet_digits\train\5\Output Image -269.jpg,train,5,31,400,400,accepted
data\isl_alphabet_digits\train\5\Sign 5 (435).jpeg,train,5,31,400,400,accepted
data\isl_alphabet_digits\train\5\Sign 5 (206).jpeg,train,5,31,400,400,accepted
data\isl_alphabet_digits\train\5\Output Image -433.jpg,train,5,31,400,400,accepted
data\isl_alphabet_digits\train\5\Sign 5 (59).jpeg,train,5,31,400,400,accepted
data\isl_alphabet_digits\train\5\Sign 5 (114).jpeg,train,5,31,400,400,accepted
data\isl_alphabet_digits\train\5\Output Image -202.jpg,train,5,31,400,400,accepted
data\isl_alphabet_digits\train\5\Output Image -216.jpg,train,5,31,400,400,accepted
data\isl_alphabet_digits\train\5\Sign 5 (40).jpeg,train,5,31,400,400,accepted
data\isl_alphabet_digits\train\5\Sign 5 (261).jpeg,train,5,31,400,400,accepted
data\isl_alphabet_digits\train\5\Output Image -335.jpg,train,5,31,400,400,accepted
data\isl_alphabet_digits\train\5\Sign 5 (127).jpeg,train,5,31,400,400,accepted
data\isl_alphabet_digits\train\5\Output Image -416.jpg,train,5,31,400,400,accepted
data\isl_alphabet_digits\train\5\Output Image -373.jpg,train,5,31,400,400,accepted
data\isl_alphabet_digits\train\5\Output Image -196.jpg,train,5,31,400,400,accepted
data\isl_alphabet_digits\train\5\Output Image -294.jpg,train,5,31,400,400,accepted
data\isl_alphabet_digits\train\5\Sign 5 (51).jpeg,train,5,31,400,400,accepted
data\isl_alphabet_digits\train\5\Sign 5 (167).jpeg,train,5,31,400,400,accepted
data\isl_alphabet_digits\train\5\Output Image -183.jpg,train,5,31,400,400,accepted
data\isl_alphabet_digits\train\5\Output Image -115.jpg,train,5,31,400,400,accepted
data\isl_alphabet_digits\train\5\Output Image -331.jpg,train,5,31,400,400,accepted
data\isl_alphabet_digits\train\5\Sign 5 (8).jpeg,train,5,31,400,400,accepted
data\isl_alphabet_digits\train\5\Output Image -217.jpg,train,5,31,400,400,accepted
data\isl_alphabet_digits\train\5\Output Image -9.jpg,train,5,31,400,400,accepted
data\isl_alphabet_digits\train\5\Sign 5 (213).jpeg,train,5,31,400,400,accepted
data\isl_alphabet_digits\train\5\Output Image -185.jpg,train,5,31,400,400,accepted
data\isl_alphabet_digits\train\5\Output Image -18.jpg,train,5,31,400,400,accepted
data\isl_alphabet_digits\train\5\Sign 5 (96).jpeg,train,5,31,400,400,accepted
data\isl_alphabet_digits\train\5\Output Image -337.jpg,train,5,31,400,400,accepted
data\isl_alphabet_digits\train\5\Sign 5 (175).jpeg,train,5,31,400,400,accepted
data\isl_alphabet_digits\train\5\Output Image -385.jpg,train,5,31,400,400,accepted
data\isl_alphabet_digits\train\5\Output Image -143.jpg,train,5,31,400,400,accepted
data\isl_alphabet_digits\train\5\Output Image -341.jpg,train,5,31,400,400,accepted
data\isl_alphabet_digits\train\5\Sign 5 (169).jpeg,train,5,31,400,400,accepted
data\isl_alphabet_digits\train\5\Sign 5 (254).jpeg,train,5,31,400,400,accepted
data\isl_alphabet_digits\train\5\Sign 5 (274).jpeg,train,5,31,400,400,accepted
data\isl_alphabet_digits\train\5\Sign 5 (78).jpeg,train,5,31,400,400,accepted
data\isl_alphabet_digits\train\5\Output Image -246.jpg,train,5,31,400,400,accepted
data\isl_alphabet_digits\train\5\Output Image -142.jpg,train,5,31,400,400,accepted
data\isl_alphabet_digits\train\5\Sign 5 (163).jpeg,train,5,31,400,400,accepted
data\isl_alphabet_digits\train\5\Output Image -49.jpg,train,5,31,400,400,accepted
data\isl_alphabet_digits\train\5\Sign 5 (424).jpeg,train,5,31,400,400,accepted
data\isl_alphabet_digits\train\5\Sign 5 (436).jpeg,train,5,31,400,400,accepted
data\isl_alphabet_digits\train\5\Sign 5 (431).jpeg,train,5,31,400,400,accepted
data\isl_alphabet_digits\train\5\Sign 5 (405).jpeg,train,5,31,400,400,accepted
data\isl_alphabet_digits\train\5\Output Image -78.jpg,train,5,31,400,400,accepted
data\isl_alphabet_digits\train\5\Output Image -277.jpg,train,5,31,400,400,accepted
data\isl_alphabet_digits\train\5\Sign 5 (10).jpeg,train,5,31,400,400,accepted
data\isl_alphabet_digits\train\5\Sign 5 (65).jpeg,train,5,31,400,400,accepted
data\isl_alphabet_digits\train\5\Output Image -392.jpg,train,5,31,400,400,accepted
data\isl_alphabet_digits\train\5\Sign 5 (179).jpeg,train,5,31,400,400,accepted
data\isl_alphabet_digits\train\5\Output Image -275.jpg,train,5,31,400,400,accepted
data\isl_alphabet_digits\train\5\Sign 5 (308).jpeg,train,5,31,400,400,accepted
data\isl_alphabet_digits\train\5\Output Image -215.jpg,train,5,31,400,400,accepted
data\isl_alphabet_digits\train\5\Sign 5 (314).jpeg,train,5,31,400,400,accepted
data\isl_alphabet_digits\train\5\Output Image -75.jpg,train,5,31,400,400,accepted
data\isl_alphabet_digits\train\5\Output Image -328.jpg,train,5,31,400,400,accepted
data\isl_alphabet_digits\train\5\Output Image -498.jpg,train,5,31,400,400,accepted
data\isl_alphabet_digits\train\5\Output Image -362.jpg,train,5,31,400,400,accepted
data\isl_alphabet_digits\train\5\Sign 5 (293).jpeg,train,5,31,400,400,accepted
data\isl_alphabet_digits\train\5\Output Image -291.jpg,train,5,31,400,400,accepted
data\isl_alphabet_digits\train\5\Sign 5 (239).jpeg,train,5,31,400,400,accepted
data\isl_alphabet_digits\train\5\Sign 5 (186).jpeg,train,5,31,400,400,accepted
data\isl_alphabet_digits\train\5\Sign 5 (465).jpeg,train,5,31,400,400,accepted
data\isl_alphabet_digits\train\5\Sign 5 (357).jpeg,train,5,31,400,400,accepted
data\isl_alphabet_digits\train\5\Sign 5 (301).jpeg,train,5,31,400,400,accepted
data\isl_alphabet_digits\train\5\Output Image -493.jpg,train,5,31,400,400,accepted
data\isl_alphabet_digits\train\5\Sign 5 (260).jpeg,train,5,31,400,400,accepted
data\isl_alphabet_digits\train\5\Sign 5 (162).jpeg,train,5,31,400,400,accepted
data\isl_alphabet_digits\train\5\Output Image -194.jpg,train,5,31,400,400,accepted
data\isl_alphabet_digits\train\5\Output Image -456.jpg,train,5,31,400,400,accepted
data\isl_alphabet_digits\train\5\Output Image -403.jpg,train,5,31,400,400,accepted
data\isl_alphabet_digits\train\5\Output Image -174.jpg,train,5,31,400,400,accepted
data\isl_alphabet_digits\train\5\Sign 5 (249).jpeg,train,5,31,400,400,accepted
data\isl_alphabet_digits\train\5\Output Image -51.jpg,train,5,31,400,400,accepted
data\isl_alphabet_digits\train\5\Output Image -323.jpg,train,5,31,400,400,accepted
data\isl_alphabet_digits\train\5\Sign 5 (46).jpeg,train,5,31,400,400,accepted
data\isl_alphabet_digits\train\5\Output Image -98.jpg,train,5,31,400,400,accepted
data\isl_alphabet_digits\train\5\Sign 5 (427).jpeg,train,5,31,400,400,accepted
data\isl_alphabet_digits\train\5\Sign 5 (373).jpeg,train,5,31,400,400,accepted
data\isl_alphabet_digits\train\5\Sign 5 (44).jpeg,train,5,31,400,400,accepted
data\isl_alphabet_digits\train\5\Sign 5 (146).jpeg,train,5,31,400,400,accepted
data\isl_alphabet_digits\train\5\Output Image -68.jpg,train,5,31,400,400,accepted
data\isl_alphabet_digits\train\5\Output Image -327.jpg,train,5,31,400,400,accepted
data\isl_alphabet_digits\train\5\Output Image -123.jpg,train,5,31,400,400,accepted
data\isl_alphabet_digits\train\5\Sign 5 (378).jpeg,train,5,31,400,400,accepted
data\isl_alphabet_digits\train\5\Sign 5 (353).jpeg,train,5,31,400,400,accepted
data\isl_alphabet_digits\train\5\Sign 5 (113).jpeg,train,5,31,400,400,accepted
data\isl_alphabet_digits\train\5\Sign 5 (152).jpeg,train,5,31,400,400,accepted
data\isl_alphabet_digits\train\5\Output Image -342.jpg,train,5,31,400,400,accepted
data\isl_alphabet_digits\train\5\Sign 5 (15).jpeg,train,5,31,400,400,accepted
data\isl_alphabet_digits\train\5\Sign 5 (108).jpeg,train,5,31,400,400,accepted
data\isl_alphabet_digits\train\5\Output Image -479.jpg,train,5,31,400,400,accepted
data\isl_alphabet_digits\train\5\Sign 5 (75).jpeg,train,5,31,400,400,accepted
data\isl_alphabet_digits\train\5\Output Image -176.jpg,train,5,31,400,400,accepted
data\isl_alphabet_digits\train\5\Sign 5 (269).jpeg,train,5,31,400,400,accepted
data\isl_alphabet_digits\train\5\Output Image -235.jpg,train,5,31,400,400,accepted
data\isl_alphabet_digits\train\5\Output Image -90.jpg,train,5,31,400,400,accepted
data\isl_alphabet_digits\train\5\Output Image -443.jpg,train,5,31,400,400,accepted
data\isl_alphabet_digits\train\5\Sign 5 (500).jpeg,train,5,31,400,400,accepted
data\isl_alphabet_digits\train\5\Sign 5 (14).jpeg,train,5,31,400,400,accepted
data\isl_alphabet_digits\train\5\Output Image -387.jpg,train,5,31,400,400,accepted
data\isl_alphabet_digits\train\5\Sign 5 (201).jpeg,train,5,31,400,400,accepted
data\isl_alphabet_digits\train\5\Sign 5 (326).jpeg,train,5,31,400,400,accepted
data\isl_alphabet_digits\train\5\Sign 5 (496).jpeg,train,5,31,400,400,accepted
data\isl_alphabet_digits\train\5\Sign 5 (273).jpeg,train,5,31,400,400,accepted
data\isl_alphabet_digits\train\5\Sign 5 (490).jpeg,train,5,31,400,400,accepted
data\isl_alphabet_digits\train\5\Sign 5 (257).jpeg,train,5,31,400,400,accepted
data\isl_alphabet_digits\train\5\Sign 5 (240).jpeg,train,5,31,400,400,accepted
data\isl_alphabet_digits\train\5\Sign 5 (154).jpeg,train,5,31,400,400,accepted
data\isl_alphabet_digits\train\5\Sign 5 (338).jpeg,train,5,31,400,400,accepted
data\isl_alphabet_digits\train\5\Sign 5 (406).jpeg,train,5,31,400,400,accepted
data\isl_alphabet_digits\train\5\Output Image -454.jpg,train,5,31,400,400,accepted
data\isl_alphabet_digits\train\5\Output Image -190.jpg,train,5,31,400,400,accepted
data\isl_alphabet_digits\train\5\Output Image -482.jpg,train,5,31,400,400,accepted
data\isl_alphabet_digits\train\5\Output Image -168.jpg,train,5,31,400,400,accepted
data\isl_alphabet_digits\train\5\Sign 5 (216).jpeg,train,5,31,400,400,accepted
data\isl_alphabet_digits\train\5\Sign 5 (365).jpeg,train,5,31,400,400,accepted
data\isl_alphabet_digits\train\5\Output Image -169.jpg,train,5,31,400,400,accepted
data\isl_alphabet_digits\train\5\Sign 5 (366).jpeg,train,5,31,400,400,accepted
data\isl_alphabet_digits\train\5\Sign 5 (166).jpeg,train,5,31,400,400,accepted
data\isl_alphabet_digits\train\5\Sign 5 (321).jpeg,train,5,31,400,400,accepted
data\isl_alphabet_digits\train\5\Output Image -253.jpg,train,5,31,400,400,accepted
data\isl_alphabet_digits\train\5\Sign 5 (497).jpeg,train,5,31,400,400,accepted
data\isl_alphabet_digits\train\5\Output Image -263.jpg,train,5,31,400,400,accepted
data\isl_alphabet_digits\train\5\Sign 5 (19).jpeg,train,5,31,400,400,accepted
data\isl_alphabet_digits\train\5\Output Image -261.jpg,train,5,31,400,400,accepted
data\isl_alphabet_digits\train\5\Output Image -48.jpg,train,5,31,400,400,accepted
data\isl_alphabet_digits\train\5\Output Image -445.jpg,train,5,31,400,400,accepted
data\isl_alphabet_digits\train\5\Sign 5 (25).jpeg,train,5,31,400,400,accepted
data\isl_alphabet_digits\train\5\Sign 5 (359).jpeg,train,5,31,400,400,accepted
data\isl_alphabet_digits\train\5\Sign 5 (223).jpeg,train,5,31,400,400,accepted
data\isl_alphabet_digits\train\5\Sign 5 (224).jpeg,train,5,31,400,400,accepted
data\isl_alphabet_digits\train\5\Output Image -67.jpg,train,5,31,400,400,accepted
data\isl_alphabet_digits\train\5\Sign 5 (340).jpeg,train,5,31,400,400,accepted
data\isl_alphabet_digits\train\5\Output Image -377.jpg,train,5,31,400,400,accepted
data\isl_alphabet_digits\train\5\Sign 5 (419).jpeg,train,5,31,400,400,accepted
data\isl_alphabet_digits\train\5\Output Image -431.jpg,train,5,31,400,400,accepted
data\isl_alphabet_digits\train\5\Sign 5 (276).jpeg,train,5,31,400,400,accepted
data\isl_alphabet_digits\train\5\Output Image -397.jpg,train,5,31,400,400,accepted
data\isl_alphabet_digits\train\5\Sign 5 (31).jpeg,train,5,31,400,400,accepted
data\isl_alphabet_digits\train\5\Output Image -175.jpg,train,5,31,400,400,accepted
data\isl_alphabet_digits\train\5\Sign 5 (439).jpeg,train,5,31,400,400,accepted
data\isl_alphabet_digits\train\5\Sign 5 (105).jpeg,train,5,31,400,400,accepted
data\isl_alphabet_digits\train\5\Sign 5 (495).jpeg,train,5,31,400,400,accepted
data\isl_alphabet_digits\train\5\Sign 5 (376).jpeg,train,5,31,400,400,accepted
data\isl_alphabet_digits\train\5\Sign 5 (464).jpeg,train,5,31,400,400,accepted
data\isl_alphabet_digits\train\5\Output Image -384.jpg,train,5,31,400,400,accepted
data\isl_alphabet_digits\train\5\Sign 5 (97).jpeg,train,5,31,400,400,accepted
data\isl_alphabet_digits\train\5\Sign 5 (319).jpeg,train,5,31,400,400,accepted
data\isl_alphabet_digits\train\5\Sign 5 (349).jpeg,train,5,31,400,400,accepted
data\isl_alphabet_digits\train\5\Output Image -34.jpg,train,5,31,400,400,accepted
data\isl_alphabet_digits\train\5\Sign 5 (344).jpeg,train,5,31,400,400,accepted
data\isl_alphabet_digits\train\5\Sign 5 (302).jpeg,train,5,31,400,400,accepted
data\isl_alphabet_digits\train\5\Output Image -364.jpg,train,5,31,400,400,accepted
data\isl_alphabet_digits\train\5\Sign 5 (16).jpeg,train,5,31,400,400,accepted
data\isl_alphabet_digits\train\5\Sign 5 (441).jpeg,train,5,31,400,400,accepted
data\isl_alphabet_digits\train\5\Output Image -208.jpg,train,5,31,400,400,accepted
data\isl_alphabet_digits\train\5\Sign 5 (380).jpeg,train,5,31,400,400,accepted
data\isl_alphabet_digits\train\5\Sign 5 (475).jpeg,train,5,31,400,400,accepted
data\isl_alphabet_digits\train\5\Output Image -69.jpg,train,5,31,400,400,accepted
data\isl_alphabet_digits\train\5\Output Image -267.jpg,train,5,31,400,400,accepted
data\isl_alphabet_digits\train\5\Output Image -228.jpg,train,5,31,400,400,accepted
data\isl_alphabet_digits\train\5\Output Image -118.jpg,train,5,31,400,400,accepted
data\isl_alphabet_digits\train\5\Sign 5 (18).jpeg,train,5,31,400,400,accepted
data\isl_alphabet_digits\train\5\Output Image -133.jpg,train,5,31,400,400,accepted
data\isl_alphabet_digits\train\5\Output Image -300.jpg,train,5,31,400,400,accepted
data\isl_alphabet_digits\train\5\Sign 5 (402).jpeg,train,5,31,400,400,accepted
data\isl_alphabet_digits\train\5\Sign 5 (420).jpeg,train,5,31,400,400,accepted
data\isl_alphabet_digits\train\5\Output Image -30.jpg,train,5,31,400,400,accepted
data\isl_alphabet_digits\train\5\Sign 5 (37).jpeg,train,5,31,400,400,accepted
data\isl_alphabet_digits\train\5\Sign 5 (32).jpeg,train,5,31,400,400,accepted
data\isl_alphabet_digits\train\5\Sign 5 (361).jpeg,train,5,31,400,400,accepted
data\isl_alphabet_digits\train\5\Sign 5 (160).jpeg,train,5,31,400,400,accepted
data\isl_alphabet_digits\train\5\Output Image -210.jpg,train,5,31,400,400,accepted
data\isl_alphabet_digits\train\5\Output Image -184.jpg,train,5,31,400,400,accepted
data\isl_alphabet_digits\train\5\Sign 5 (30).jpeg,train,5,31,400,400,accepted
data\isl_alphabet_digits\train\5\Output Image -45.jpg,train,5,31,400,400,accepted
data\isl_alphabet_digits\train\5\Output Image -338.jpg,train,5,31,400,400,accepted
data\isl_alphabet_digits\train\5\Output Image -297.jpg,train,5,31,400,400,accepted
data\isl_alphabet_digits\train\5\Sign 5 (400).jpeg,train,5,31,400,400,accepted
data\isl_alphabet_digits\train\5\Sign 5 (177).jpeg,train,5,31,400,400,accepted
data\isl_alphabet_digits\train\5\Sign 5 (297).jpeg,train,5,31,400,400,accepted
data\isl_alphabet_digits\train\5\Sign 5 (433).jpeg,train,5,31,400,400,accepted
data\isl_alphabet_digits\train\5\Sign 5 (267).jpeg,train,5,31,400,400,accepted
data\isl_alphabet_digits\train\5\Output Image -428.jpg,train,5,31,400,400,accepted
data\isl_alphabet_digits\train\5\Sign 5 (385).jpeg,train,5,31,400,400,accepted
data\isl_alphabet_digits\train\5\Output Image -451.jpg,train,5,31,400,400,accepted
data\isl_alphabet_digits\train\5\Output Image -483.jpg,train,5,31,400,400,accepted
data\isl_alphabet_digits\train\5\Sign 5 (322).jpeg,train,5,31,400,400,accepted
data\isl_alphabet_digits\train\5\Output Image -357.jpg,train,5,31,400,400,accepted
data\isl_alphabet_digits\train\5\Output Image -181.jpg,train,5,31,400,400,accepted
data\isl_alphabet_digits\train\5\Sign 5 (130).jpeg,train,5,31,400,400,accepted
data\isl_alphabet_digits\train\5\Sign 5 (23).jpeg,train,5,31,400,400,accepted
data\isl_alphabet_digits\train\5\Output Image -287.jpg,train,5,31,400,400,accepted
data\isl_alphabet_digits\train\5\Output Image -434.jpg,train,5,31,400,400,accepted
data\isl_alphabet_digits\train\5\Sign 5 (158).jpeg,train,5,31,400,400,accepted
data\isl_alphabet_digits\train\5\Output Image -172.jpg,train,5,31,400,400,accepted
data\isl_alphabet_digits\train\5\Output Image -460.jpg,train,5,31,400,400,accepted
data\isl_alphabet_digits\train\5\Output Image -355.jpg,train,5,31,400,400,accepted
data\isl_alphabet_digits\train\5\Sign 5 (190).jpeg,train,5,31,400,400,accepted
data\isl_alphabet_digits\train\5\Sign 5 (144).jpeg,train,5,31,400,400,accepted
data\isl_alphabet_digits\train\5\Sign 5 (444).jpeg,train,5,31,400,400,accepted
data\isl_alphabet_digits\train\5\Output Image -244.jpg,train,5,31,400,400,accepted
data\isl_alphabet_digits\train\5\Output Image -306.jpg,train,5,31,400,400,accepted
data\isl_alphabet_digits\train\5\Output Image -166.jpg,train,5,31,400,400,accepted
data\isl_alphabet_digits\train\5\Output Image -125.jpg,train,5,31,400,400,accepted
data\isl_alphabet_digits\train\5\Output Image -394.jpg,train,5,31,400,400,accepted
data\isl_alphabet_digits\train\5\Output Image -200.jpg,train,5,31,400,400,accepted
data\isl_alphabet_digits\train\5\Output Image -124.jpg,train,5,31,400,400,accepted
data\isl_alphabet_digits\train\5\Sign 5 (360).jpeg,train,5,31,400,400,accepted
data\isl_alphabet_digits\train\5\Output Image -401.jpg,train,5,31,400,400,accepted
data\isl_alphabet_digits\train\5\Sign 5 (498).jpeg,train,5,31,400,400,accepted
data\isl_alphabet_digits\train\5\Output Image -240.jpg,train,5,31,400,400,accepted
data\isl_alphabet_digits\train\5\Sign 5 (215).jpeg,train,5,31,400,400,accepted
data\isl_alphabet_digits\train\5\Sign 5 (76).jpeg,train,5,31,400,400,accepted
data\isl_alphabet_digits\train\5\Sign 5 (87).jpeg,train,5,31,400,400,accepted
data\isl_alphabet_digits\train\5\Sign 5 (173).jpeg,train,5,31,400,400,accepted
data\isl_alphabet_digits\train\5\Sign 5 (394).jpeg,train,5,31,400,400,accepted
data\isl_alphabet_digits\train\5\Output Image -396.jpg,train,5,31,400,400,accepted
data\isl_alphabet_digits\train\5\Output Image -255.jpg,train,5,31,400,400,accepted
data\isl_alphabet_digits\train\5\Output Image -231.jpg,train,5,31,400,400,accepted
data\isl_alphabet_digits\train\5\Sign 5 (258).jpeg,train,5,31,400,400,accepted
data\isl_alphabet_digits\train\5\Output Image -449.jpg,train,5,31,400,400,accepted
data\isl_alphabet_digits\train\5\Output Image -455.jpg,train,5,31,400,400,accepted
data\isl_alphabet_digits\train\5\Sign 5 (138).jpeg,train,5,31,400,400,accepted
data\isl_alphabet_digits\train\5\Output Image -19.jpg,train,5,31,400,400,accepted
data\isl_alphabet_digits\train\5\Sign 5 (84).jpeg,train,5,31,400,400,accepted
data\isl_alphabet_digits\train\5\Output Image -497.jpg,train,5,31,400,400,accepted
data\isl_alphabet_digits\train\5\Output Image -104.jpg,train,5,31,400,400,accepted
data\isl_alphabet_digits\train\5\Sign 5 (95).jpeg,train,5,31,400,400,accepted
data\isl_alphabet_digits\train\5\Output Image -477.jpg,train,5,31,400,400,accepted
data\isl_alphabet_digits\train\5\Sign 5 (118).jpeg,train,5,31,400,400,accepted
data\isl_alphabet_digits\train\5\Output Image -170.jpg,train,5,31,400,400,accepted
data\isl_alphabet_digits\train\5\Sign 5 (164).jpeg,train,5,31,400,400,accepted
data\isl_alphabet_digits\train\5\Output Image -288.jpg,train,5,31,400,400,accepted
data\isl_alphabet_digits\train\5\Sign 5 (354).jpeg,train,5,31,400,400,accepted
data\isl_alphabet_digits\train\5\Output Image -111.jpg,train,5,31,400,400,accepted
data\isl_alphabet_digits\train\5\Output Image -264.jpg,train,5,31,400,400,accepted
data\isl_alphabet_digits\train\5\Sign 5 (457).jpeg,train,5,31,400,400,accepted
data\isl_alphabet_digits\train\5\Output Image -301.jpg,train,5,31,400,400,accepted
data\isl_alphabet_digits\train\5\Sign 5 (165).jpeg,train,5,31,400,400,accepted
data\isl_alphabet_digits\train\5\Sign 5 (391).jpeg,train,5,31,400,400,accepted
data\isl_alphabet_digits\train\5\Sign 5 (482).jpeg,train,5,31,400,400,accepted
data\isl_alphabet_digits\train\5\Sign 5 (350).jpeg,train,5,31,400,400,accepted
data\isl_alphabet_digits\train\5\Output Image -473.jpg,train,5,31,400,400,accepted
data\isl_alphabet_digits\train\5\Sign 5 (161).jpeg,train,5,31,400,400,accepted
data\isl_alphabet_digits\train\5\Sign 5 (88).jpeg,train,5,31,400,400,accepted
data\isl_alphabet_digits\train\5\Output Image -371.jpg,train,5,31,400,400,accepted
data\isl_alphabet_digits\train\5\Output Image -336.jpg,train,5,31,400,400,accepted
data\isl_alphabet_digits\train\5\Sign 5 (317).jpeg,train,5,31,400,400,accepted
data\isl_alphabet_digits\train\5\Sign 5 (112).jpeg,train,5,31,400,400,accepted
data\isl_alphabet_digits\train\5\Output Image -332.jpg,train,5,31,400,400,accepted
data\isl_alphabet_digits\train\5\Sign 5 (281).jpeg,train,5,31,400,400,accepted
data\isl_alphabet_digits\train\5\Output Image -57.jpg,train,5,31,400,400,accepted
data\isl_alphabet_digits\train\5\Sign 5 (300).jpeg,train,5,31,400,400,accepted
data\isl_alphabet_digits\train\5\Sign 5 (493).jpeg,train,5,31,400,400,accepted
data\isl_alphabet_digits\train\5\Output Image -55.jpg,train,5,31,400,400,accepted
data\isl_alphabet_digits\train\5\Sign 5 (379).jpeg,train,5,31,400,400,accepted
data\isl_alphabet_digits\train\5\Sign 5 (98).jpeg,train,5,31,400,400,accepted
data\isl_alphabet_digits\train\5\Sign 5 (49).jpeg,train,5,31,400,400,accepted
data\isl_alphabet_digits\train\5\Output Image -157.jpg,train,5,31,400,400,accepted
data\isl_alphabet_digits\train\5\Output Image -284.jpg,train,5,31,400,400,accepted
data\isl_alphabet_digits\train\5\Output Image -59.jpg,train,5,31,400,400,accepted
data\isl_alphabet_digits\train\5\Output Image -307.jpg,train,5,31,400,400,accepted
data\isl_alphabet_digits\train\5\Output Image -119.jpg,train,5,31,400,400,accepted
data\isl_alphabet_digits\train\5\Sign 5 (421).jpeg,train,5,31,400,400,accepted
data\isl_alphabet_digits\train\5\Sign 5 (12).jpeg,train,5,31,400,400,accepted
data\isl_alphabet_digits\train\5\Sign 5 (369).jpeg,train,5,31,400,400,accepted
data\isl_alphabet_digits\train\5\Sign 5 (128).jpeg,train,5,31,400,400,accepted
data\isl_alphabet_digits\train\5\Sign 5 (67).jpeg,train,5,31,400,400,accepted
data\isl_alphabet_digits\train\5\Output Image -381.jpg,train,5,31,400,400,accepted
data\isl_alphabet_digits\train\5\Sign 5 (472).jpeg,train,5,31,400,400,accepted
data\isl_alphabet_digits\train\5\Sign 5 (473).jpeg,train,5,31,400,400,accepted
data\isl_alphabet_digits\train\5\Output Image -35.jpg,train,5,31,400,400,accepted
data\isl_alphabet_digits\train\5\Sign 5 (409).jpeg,train,5,31,400,400,accepted
data\isl_alphabet_digits\train\5\Sign 5 (279).jpeg,train,5,31,400,400,accepted
data\isl_alphabet_digits\train\5\Sign 5 (106).jpeg,train,5,31,400,400,accepted
data\isl_alphabet_digits\train\5\Sign 5 (244).jpeg,train,5,31,400,400,accepted
data\isl_alphabet_digits\train\5\Sign 5 (299).jpeg,train,5,31,400,400,accepted
data\isl_alphabet_digits\train\5\Output Image -160.jpg,train,5,31,400,400,accepted
data\isl_alphabet_digits\train\5\Output Image -361.jpg,train,5,31,400,400,accepted
data\isl_alphabet_digits\train\5\Output Image -129.jpg,train,5,31,400,400,accepted
data\isl_alphabet_digits\train\5\Output Image -126.jpg,train,5,31,400,400,accepted
data\isl_alphabet_digits\train\5\Output Image -147.jpg,train,5,31,400,400,accepted
data\isl_alphabet_digits\train\5\Output Image -73.jpg,train,5,31,400,400,accepted
data\isl_alphabet_digits\train\5\Output Image -313.jpg,train,5,31,400,400,accepted
data\isl_alphabet_digits\train\5\Output Image -139.jpg,train,5,31,400,400,accepted
data\isl_alphabet_digits\train\5\Sign 5 (459).jpeg,train,5,31,400,400,accepted
data\isl_alphabet_digits\train\5\Output Image -286.jpg,train,5,31,400,400,accepted
data\isl_alphabet_digits\train\5\Sign 5 (214).jpeg,train,5,31,400,400,accepted
data\isl_alphabet_digits\train\5\Output Image -407.jpg,train,5,31,400,400,accepted
data\isl_alphabet_digits\train\5\Sign 5 (123).jpeg,train,5,31,400,400,accepted
data\isl_alphabet_digits\train\5\Output Image -412.jpg,train,5,31,400,400,accepted
data\isl_alphabet_digits\train\5\Sign 5 (139).jpeg,train,5,31,400,400,accepted
data\isl_alphabet_digits\train\5\Output Image -494.jpg,train,5,31,400,400,accepted
data\isl_alphabet_digits\train\5\Sign 5 (71).jpeg,train,5,31,400,400,accepted
data\isl_alphabet_digits\train\5\Output Image -145.jpg,train,5,31,400,400,accepted
data\isl_alphabet_digits\train\5\Sign 5 (310).jpeg,train,5,31,400,400,accepted
data\isl_alphabet_digits\train\5\Output Image -382.jpg,train,5,31,400,400,accepted
data\isl_alphabet_digits\train\5\Output Image -270.jpg,train,5,31,400,400,accepted
data\isl_alphabet_digits\train\5\Output Image -188.jpg,train,5,31,400,400,accepted
data\isl_alphabet_digits\train\5\Output Image -309.jpg,train,5,31,400,400,accepted
data\isl_alphabet_digits\train\5\Output Image -265.jpg,train,5,31,400,400,accepted
data\isl_alphabet_digits\train\5\Sign 5 (398).jpeg,train,5,31,400,400,accepted
data\isl_alphabet_digits\train\5\Output Image -405.jpg,train,5,31,400,400,accepted
data\isl_alphabet_digits\train\5\Sign 5 (467).jpeg,train,5,31,400,400,accepted
data\isl_alphabet_digits\train\5\Sign 5 (440).jpeg,train,5,31,400,400,accepted
data\isl_alphabet_digits\train\5\Sign 5 (422).jpeg,train,5,31,400,400,accepted
data\isl_alphabet_digits\train\5\Sign 5 (474).jpeg,train,5,31,400,400,accepted
data\isl_alphabet_digits\train\5\Output Image -66.jpg,train,5,31,400,400,accepted
data\isl_alphabet_digits\train\5\Sign 5 (147).jpeg,train,5,31,400,400,accepted
data\isl_alphabet_digits\train\5\Sign 5 (295).jpeg,train,5,31,400,400,accepted
data\isl_alphabet_digits\train\5\Output Image -365.jpg,train,5,31,400,400,accepted
data\isl_alphabet_digits\train\5\Sign 5 (74).jpeg,train,5,31,400,400,accepted
data\isl_alphabet_digits\train\5\Output Image -229.jpg,train,5,31,400,400,accepted
data\isl_alphabet_digits\train\5\Sign 5 (39).jpeg,train,5,31,400,400,accepted
data\isl_alphabet_digits\train\5\Sign 5 (408).jpeg,train,5,31,400,400,accepted
data\isl_alphabet_digits\train\5\Output Image -438.jpg,train,5,31,400,400,accepted
data\isl_alphabet_digits\train\5\Output Image -146.jpg,train,5,31,400,400,accepted
data\isl_alphabet_digits\train\5\Output Image -100.jpg,train,5,31,400,400,accepted
data\isl_alphabet_digits\train\5\Sign 5 (101).jpeg,train,5,31,400,400,accepted
data\isl_alphabet_digits\train\5\Output Image -320.jpg,train,5,31,400,400,accepted
data\isl_alphabet_digits\train\5\Sign 5 (347).jpeg,train,5,31,400,400,accepted
data\isl_alphabet_digits\train\5\Sign 5 (455).jpeg,train,5,31,400,400,accepted
data\isl_alphabet_digits\train\5\Sign 5 (176).jpeg,train,5,31,400,400,accepted
data\isl_alphabet_digits\train\5\Output Image -204.jpg,train,5,31,400,400,accepted
data\isl_alphabet_digits\train\5\Sign 5 (137).jpeg,train,5,31,400,400,accepted
data\isl_alphabet_digits\train\5\Output Image -1.jpg,train,5,31,400,400,accepted
data\isl_alphabet_digits\train\5\Sign 5 (50).jpeg,train,5,31,400,400,accepted
data\isl_alphabet_digits\train\5\Sign 5 (188).jpeg,train,5,31,400,400,accepted
data\isl_alphabet_digits\train\5\Sign 5 (4).jpeg,train,5,31,400,400,accepted
data\isl_alphabet_digits\train\5\Sign 5 (235).jpeg,train,5,31,400,400,accepted
data\isl_alphabet_digits\train\5\Output Image -488.jpg,train,5,31,400,400,accepted
data\isl_alphabet_digits\train\5\Sign 5 (323).jpeg,train,5,31,400,400,accepted
data\isl_alphabet_digits\train\5\Output Image -233.jpg,train,5,31,400,400,accepted
data\isl_alphabet_digits\train\5\Output Image -225.jpg,train,5,31,400,400,accepted
data\isl_alphabet_digits\train\5\Sign 5 (47).jpeg,train,5,31,400,400,accepted
data\isl_alphabet_digits\train\5\Sign 5 (336).jpeg,train,5,31,400,400,accepted
data\isl_alphabet_digits\train\5\Output Image -121.jpg,train,5,31,400,400,accepted
data\isl_alphabet_digits\train\5\Output Image -302.jpg,train,5,31,400,400,accepted
data\isl_alphabet_digits\train\5\Sign 5 (478).jpeg,train,5,31,400,400,accepted
data\isl_alphabet_digits\train\5\Sign 5 (337).jpeg,train,5,31,400,400,accepted
data\isl_alphabet_digits\train\5\Output Image -400.jpg,train,5,31,400,400,accepted
data\isl_alphabet_digits\train\5\Sign 5 (229).jpeg,train,5,31,400,400,accepted
data\isl_alphabet_digits\train\5\Sign 5 (432).jpeg,train,5,31,400,400,accepted
data\isl_alphabet_digits\train\5\Output Image -444.jpg,train,5,31,400,400,accepted
data\isl_alphabet_digits\train\5\Output Image -99.jpg,train,5,31,400,400,accepted
data\isl_alphabet_digits\train\5\Sign 5 (277).jpeg,train,5,31,400,400,accepted
data\isl_alphabet_digits\train\5\Sign 5 (6).jpeg,train,5,31,400,400,accepted
data\isl_alphabet_digits\train\5\Output Image -374.jpg,train,5,31,400,400,accepted
data\isl_alphabet_digits\train\5\Output Image -435.jpg,train,5,31,400,400,accepted
data\isl_alphabet_digits\train\5\Output Image -346.jpg,train,5,31,400,400,accepted
data\isl_alphabet_digits\train\5\Output Image -238.jpg,train,5,31,400,400,accepted
data\isl_alphabet_digits\train\5\Output Image -442.jpg,train,5,31,400,400,accepted
data\isl_alphabet_digits\train\5\Sign 5 (210).jpeg,train,5,31,400,400,accepted
data\isl_alphabet_digits\train\5\Sign 5 (386).jpeg,train,5,31,400,400,accepted
data\isl_alphabet_digits\train\5\Sign 5 (382).jpeg,train,5,31,400,400,accepted
data\isl_alphabet_digits\train\5\Output Image -351.jpg,train,5,31,400,400,accepted
data\isl_alphabet_digits\train\5\Output Image -37.jpg,train,5,31,400,400,accepted
data\isl_alphabet_digits\train\5\Output Image -25.jpg,train,5,31,400,400,accepted
data\isl_alphabet_digits\train\5\Output Image -6.jpg,train,5,31,400,400,accepted
data\isl_alphabet_digits\train\5\Sign 5 (407).jpeg,train,5,31,400,400,accepted
data\isl_alphabet_digits\train\5\Sign 5 (151).jpeg,train,5,31,400,400,accepted
data\isl_alphabet_digits\train\5\Output Image -206.jpg,train,5,31,400,400,accepted
data\isl_alphabet_digits\train\5\Sign 5 (399).jpeg,train,5,31,400,400,accepted
data\isl_alphabet_digits\train\5\Output Image -481.jpg,train,5,31,400,400,accepted
data\isl_alphabet_digits\train\5\Output Image -330.jpg,train,5,31,400,400,accepted
data\isl_alphabet_digits\train\5\Sign 5 (358).jpeg,train,5,31,400,400,accepted
data\isl_alphabet_digits\train\5\Output Image -164.jpg,train,5,31,400,400,accepted
data\isl_alphabet_digits\train\5\Sign 5 (343).jpeg,train,5,31,400,400,accepted
data\isl_alphabet_digits\train\5\Sign 5 (384).jpeg,train,5,31,400,400,accepted
data\isl_alphabet_digits\train\5\Sign 5 (446).jpeg,train,5,31,400,400,accepted
data\isl_alphabet_digits\train\5\Sign 5 (2).jpeg,train,5,31,400,400,accepted
data\isl_alphabet_digits\train\5\Sign 5 (234).jpeg,train,5,31,400,400,accepted
data\isl_alphabet_digits\train\5\Sign 5 (265).jpeg,train,5,31,400,400,accepted
data\isl_alphabet_digits\train\5\Output Image -279.jpg,train,5,31,400,400,accepted
data\isl_alphabet_digits\train\5\Output Image -293.jpg,train,5,31,400,400,accepted
data\isl_alphabet_digits\train\5\Output Image -248.jpg,train,5,31,400,400,accepted
data\isl_alphabet_digits\train\5\Output Image -16.jpg,train,5,31,400,400,accepted
data\isl_alphabet_digits\train\5\Sign 5 (56).jpeg,train,5,31,400,400,accepted
data\isl_alphabet_digits\train\5\Output Image -406.jpg,train,5,31,400,400,accepted
data\isl_alphabet_digits\train\5\Output Image -388.jpg,train,5,31,400,400,accepted
data\isl_alphabet_digits\train\5\Output Image -214.jpg,train,5,31,400,400,accepted
data\isl_alphabet_digits\train\5\Output Image -422.jpg,train,5,31,400,400,accepted
data\isl_alphabet_digits\train\5\Output Image -369.jpg,train,5,31,400,400,accepted
data\isl_alphabet_digits\train\5\Output Image -475.jpg,train,5,31,400,400,accepted
data\isl_alphabet_digits\train\5\Output Image -439.jpg,train,5,31,400,400,accepted
data\isl_alphabet_digits\train\5\Sign 5 (172).jpeg,train,5,31,400,400,accepted
data\isl_alphabet_digits\train\5\Output Image -76.jpg,train,5,31,400,400,accepted
data\isl_alphabet_digits\train\5\Output Image -220.jpg,train,5,31,400,400,accepted
data\isl_alphabet_digits\train\5\Sign 5 (13).jpeg,train,5,31,400,400,accepted
data\isl_alphabet_digits\train\5\Sign 5 (339).jpeg,train,5,31,400,400,accepted
data\isl_alphabet_digits\train\5\Sign 5 (184).jpeg,train,5,31,400,400,accepted
data\isl_alphabet_digits\train\5\Sign 5 (20).jpeg,train,5,31,400,400,accepted
data\isl_alphabet_digits\train\5\Output Image -425.jpg,train,5,31,400,400,accepted
data\isl_alphabet_digits\train\5\Sign 5 (245).jpeg,train,5,31,400,400,accepted
data\isl_alphabet_digits\train\5\Sign 5 (425).jpeg,train,5,31,400,400,accepted
data\isl_alphabet_digits\train\5\Sign 5 (460).jpeg,train,5,31,400,400,accepted
data\isl_alphabet_digits\train\5\Sign 5 (132).jpeg,train,5,31,400,400,accepted
data\isl_alphabet_digits\train\5\Sign 5 (264).jpeg,train,5,31,400,400,accepted
data\isl_alphabet_digits\train\5\Sign 5 (352).jpeg,train,5,31,400,400,accepted
data\isl_alphabet_digits\train\5\Output Image -151.jpg,train,5,31,400,400,accepted
data\isl_alphabet_digits\train\5\Sign 5 (463).jpeg,train,5,31,400,400,accepted
data\isl_alphabet_digits\train\5\Sign 5 (325).jpeg,train,5,31,400,400,accepted
data\isl_alphabet_digits\train\5\Sign 5 (238).jpeg,train,5,31,400,400,accepted
data\isl_alphabet_digits\train\5\Output Image -110.jpg,train,5,31,400,400,accepted
data\isl_alphabet_digits\train\5\Output Image -356.jpg,train,5,31,400,400,accepted
data\isl_alphabet_digits\train\5\Sign 5 (383).jpeg,train,5,31,400,400,accepted
data\isl_alphabet_digits\train\5\Output Image -134.jpg,train,5,31,400,400,accepted
data\isl_alphabet_digits\train\5\Output Image -11.jpg,train,5,31,400,400,accepted
data\isl_alphabet_digits\train\5\Output Image -136.jpg,train,5,31,400,400,accepted
data\isl_alphabet_digits\train\5\Sign 5 (122).jpeg,train,5,31,400,400,accepted
data\isl_alphabet_digits\train\5\Output Image -64.jpg,train,5,31,400,400,accepted
data\isl_alphabet_digits\train\5\Sign 5 (248).jpeg,train,5,31,400,400,accepted
data\isl_alphabet_digits\train\5\Output Image -390.jpg,train,5,31,400,400,accepted
data\isl_alphabet_digits\train\5\Sign 5 (17).jpeg,train,5,31,400,400,accepted
data\isl_alphabet_digits\train\5\Output Image -466.jpg,train,5,31,400,400,accepted
data\isl_alphabet_digits\train\5\Sign 5 (241).jpeg,train,5,31,400,400,accepted
data\isl_alphabet_digits\train\5\Sign 5 (79).jpeg,train,5,31,400,400,accepted
data\isl_alphabet_digits\train\5\Output Image -77.jpg,train,5,31,400,400,accepted
data\isl_alphabet_digits\train\5\Sign 5 (103).jpeg,train,5,31,400,400,accepted
data\isl_alphabet_digits\train\5\Output Image -476.jpg,train,5,31,400,400,accepted
data\isl_alphabet_digits\train\5\Output Image -152.jpg,train,5,31,400,400,accepted
data\isl_alphabet_digits\train\5\Output Image -334.jpg,train,5,31,400,400,accepted
data\isl_alphabet_digits\train\5\Output Image -391.jpg,train,5,31,400,400,accepted
data\isl_alphabet_digits\train\5\Sign 5 (356).jpeg,train,5,31,400,400,accepted
data\isl_alphabet_digits\train\5\Sign 5 (494).jpeg,train,5,31,400,400,accepted
data\isl_alphabet_digits\train\5\Sign 5 (136).jpeg,train,5,31,400,400,accepted
data\isl_alphabet_digits\train\5\Sign 5 (447).jpeg,train,5,31,400,400,accepted
data\isl_alphabet_digits\train\5\Sign 5 (209).jpeg,train,5,31,400,400,accepted
data\isl_alphabet_digits\train\5\Output Image -198.jpg,train,5,31,400,400,accepted
data\isl_alphabet_digits\train\5\Sign 5 (271).jpeg,train,5,31,400,400,accepted
data\isl_alphabet_digits\train\5\Output Image -292.jpg,train,5,31,400,400,accepted
data\isl_alphabet_digits\train\5\Output Image -2.jpg,train,5,31,400,400,accepted
data\isl_alphabet_digits\train\5\Sign 5 (62).jpeg,train,5,31,400,400,accepted
data\isl_alphabet_digits\train\5\Output Image -187.jpg,train,5,31,400,400,accepted
data\isl_alphabet_digits\train\5\Sign 5 (278).jpeg,train,5,31,400,400,accepted
data\isl_alphabet_digits\train\5\Sign 5 (280).jpeg,train,5,31,400,400,accepted
data\isl_alphabet_digits\train\5\Sign 5 (438).jpeg,train,5,31,400,400,accepted
data\isl_alphabet_digits\train\5\Sign 5 (306).jpeg,train,5,31,400,400,accepted
data\isl_alphabet_digits\train\5\Sign 5 (57).jpeg,train,5,31,400,400,accepted
data\isl_alphabet_digits\train\5\Sign 5 (286).jpeg,train,5,31,400,400,accepted
data\isl_alphabet_digits\train\5\Sign 5 (330).jpeg,train,5,31,400,400,accepted
data\isl_alphabet_digits\train\5\Output Image -161.jpg,train,5,31,400,400,accepted
data\isl_alphabet_digits\train\5\Output Image -250.jpg,train,5,31,400,400,accepted
data\isl_alphabet_digits\train\5\Output Image -383.jpg,train,5,31,400,400,accepted
data\isl_alphabet_digits\train\5\Output Image -87.jpg,train,5,31,400,400,accepted
data\isl_alphabet_digits\train\5\Output Image -195.jpg,train,5,31,400,400,accepted
data\isl_alphabet_digits\train\5\Output Image -158.jpg,train,5,31,400,400,accepted
data\isl_alphabet_digits\train\5\Sign 5 (142).jpeg,train,5,31,400,400,accepted
data\isl_alphabet_digits\train\5\Sign 5 (364).jpeg,train,5,31,400,400,accepted
data\isl_alphabet_digits\train\5\Output Image -40.jpg,train,5,31,400,400,accepted
data\isl_alphabet_digits\train\5\Sign 5 (318).jpeg,train,5,31,400,400,accepted
data\isl_alphabet_digits\train\5\Sign 5 (458).jpeg,train,5,31,400,400,accepted
data\isl_alphabet_digits\train\5\Output Image -350.jpg,train,5,31,400,400,accepted
data\isl_alphabet_digits\train\5\Sign 5 (193).jpeg,train,5,31,400,400,accepted
data\isl_alphabet_digits\train\5\Output Image -186.jpg,train,5,31,400,400,accepted
data\isl_alphabet_digits\train\5\Output Image -339.jpg,train,5,31,400,400,accepted
data\isl_alphabet_digits\train\5\Sign 5 (129).jpeg,train,5,31,400,400,accepted
data\isl_alphabet_digits\train\5\Sign 5 (287).jpeg,train,5,31,400,400,accepted
data\isl_alphabet_digits\train\5\Output Image -419.jpg,train,5,31,400,400,accepted
data\isl_alphabet_digits\train\5\Sign 5 (156).jpeg,train,5,31,400,400,accepted
data\isl_alphabet_digits\train\5\Sign 5 (233).jpeg,train,5,31,400,400,accepted
data\isl_alphabet_digits\train\5\Sign 5 (33).jpeg,train,5,31,400,400,accepted
data\isl_alphabet_digits\train\5\Sign 5 (363).jpeg,train,5,31,400,400,accepted
data\isl_alphabet_digits\train\5\Output Image -418.jpg,train,5,31,400,400,accepted
data\isl_alphabet_digits\train\5\Sign 5 (345).jpeg,train,5,31,400,400,accepted
data\isl_alphabet_digits\train\5\Output Image -427.jpg,train,5,31,400,400,accepted
data\isl_alphabet_digits\train\5\Sign 5 (150).jpeg,train,5,31,400,400,accepted
data\isl_alphabet_digits\train\5\Sign 5 (148).jpeg,train,5,31,400,400,accepted
data\isl_alphabet_digits\train\5\Sign 5 (232).jpeg,train,5,31,400,400,accepted
data\isl_alphabet_digits\train\5\Sign 5 (450).jpeg,train,5,31,400,400,accepted
data\isl_alphabet_digits\train\5\Sign 5 (121).jpeg,train,5,31,400,400,accepted
data\isl_alphabet_digits\train\5\Output Image -80.jpg,train,5,31,400,400,accepted
data\isl_alphabet_digits\train\5\Output Image -314.jpg,train,5,31,400,400,accepted
data\isl_alphabet_digits\train\5\Output Image -409.jpg,train,5,31,400,400,accepted
data\isl_alphabet_digits\train\5\Sign 5 (489).jpeg,train,5,31,400,400,accepted
data\isl_alphabet_digits\train\5\Sign 5 (362).jpeg,train,5,31,400,400,accepted
data\isl_alphabet_digits\train\5\Output Image -94.jpg,train,5,31,400,400,accepted
data\isl_alphabet_digits\train\5\Sign 5 (484).jpeg,train,5,31,400,400,accepted
data\isl_alphabet_digits\train\5\Sign 5 (91).jpeg,train,5,31,400,400,accepted
data\isl_alphabet_digits\train\5\Output Image -256.jpg,train,5,31,400,400,accepted
data\isl_alphabet_digits\train\5\Sign 5 (423).jpeg,train,5,31,400,400,accepted
data\isl_alphabet_digits\train\5\Output Image -380.jpg,train,5,31,400,400,accepted
data\isl_alphabet_digits\train\5\Sign 5 (397).jpeg,train,5,31,400,400,accepted
data\isl_alphabet_digits\train\5\Output Image -149.jpg,train,5,31,400,400,accepted
data\isl_alphabet_digits\train\5\Output Image -70.jpg,train,5,31,400,400,accepted
data\isl_alphabet_digits\train\5\Sign 5 (263).jpeg,train,5,31,400,400,accepted
data\isl_alphabet_digits\train\5\Output Image -352.jpg,train,5,31,400,400,accepted
data\isl_alphabet_digits\train\5\Sign 5 (417).jpeg,train,5,31,400,400,accepted
data\isl_alphabet_digits\train\5\Output Image -386.jpg,train,5,31,400,400,accepted
data\isl_alphabet_digits\train\5\Sign 5 (292).jpeg,train,5,31,400,400,accepted
data\isl_alphabet_digits\train\5\Sign 5 (284).jpeg,train,5,31,400,400,accepted
data\isl_alphabet_digits\train\5\Sign 5 (3).jpeg,train,5,31,400,400,accepted
data\isl_alphabet_digits\train\5\Output Image -203.jpg,train,5,31,400,400,accepted
data\isl_alphabet_digits\train\5\Output Image -489.jpg,train,5,31,400,400,accepted
data\isl_alphabet_digits\train\5\Output Image -234.jpg,train,5,31,400,400,accepted
data\isl_alphabet_digits\train\5\Sign 5 (375).jpeg,train,5,31,400,400,accepted
data\isl_alphabet_digits\train\5\Output Image -120.jpg,train,5,31,400,400,accepted
data\isl_alphabet_digits\train\5\Output Image -317.jpg,train,5,31,400,400,accepted
data\isl_alphabet_digits\train\5\Output Image -376.jpg,train,5,31,400,400,accepted
data\isl_alphabet_digits\train\5\Sign 5 (221).jpeg,train,5,31,400,400,accepted
data\isl_alphabet_digits\train\5\Output Image -395.jpg,train,5,31,400,400,accepted
data\isl_alphabet_digits\train\5\Sign 5 (370).jpeg,train,5,31,400,400,accepted
data\isl_alphabet_digits\train\5\Sign 5 (415).jpeg,train,5,31,400,400,accepted
data\isl_alphabet_digits\train\5\Sign 5 (466).jpeg,train,5,31,400,400,accepted
data\isl_alphabet_digits\train\5\Sign 5 (351).jpeg,train,5,31,400,400,accepted
data\isl_alphabet_digits\train\5\Output Image -308.jpg,train,5,31,400,400,accepted
data\isl_alphabet_digits\train\5\Output Image -44.jpg,train,5,31,400,400,accepted
data\isl_alphabet_digits\train\5\Sign 5 (453).jpeg,train,5,31,400,400,accepted
data\isl_alphabet_digits\train\5\Output Image -209.jpg,train,5,31,400,400,accepted
data\isl_alphabet_digits\train\5\Output Image -88.jpg,train,5,31,400,400,accepted
data\isl_alphabet_digits\train\5\Sign 5 (456).jpeg,train,5,31,400,400,accepted
data\isl_alphabet_digits\train\5\Output Image -379.jpg,train,5,31,400,400,accepted
data\isl_alphabet_digits\train\5\Sign 5 (217).jpeg,train,5,31,400,400,accepted
data\isl_alphabet_digits\train\5\Sign 5 (259).jpeg,train,5,31,400,400,accepted
data\isl_alphabet_digits\train\5\Output Image -182.jpg,train,5,31,400,400,accepted
data\isl_alphabet_digits\train\5\Sign 5 (262).jpeg,train,5,31,400,400,accepted
data\isl_alphabet_digits\train\5\Output Image -257.jpg,train,5,31,400,400,accepted
data\isl_alphabet_digits\train\5\Output Image -333.jpg,train,5,31,400,400,accepted
data\isl_alphabet_digits\train\5\Output Image -189.jpg,train,5,31,400,400,accepted
data\isl_alphabet_digits\train\5\Output Image -31.jpg,train,5,31,400,400,accepted
data\isl_alphabet_digits\train\5\Output Image -159.jpg,train,5,31,400,400,accepted
data\isl_alphabet_digits\train\5\Output Image -465.jpg,train,5,31,400,400,accepted
data\isl_alphabet_digits\train\5\Output Image -85.jpg,train,5,31,400,400,accepted
data\isl_alphabet_digits\train\5\Output Image -81.jpg,train,5,31,400,400,accepted
data\isl_alphabet_digits\train\5\Output Image -92.jpg,train,5,31,400,400,accepted
data\isl_alphabet_digits\train\5\Output Image -54.jpg,train,5,31,400,400,accepted
data\isl_alphabet_digits\train\5\Output Image -486.jpg,train,5,31,400,400,accepted
data\isl_alphabet_digits\train\5\Output Image -487.jpg,train,5,31,400,400,accepted
data\isl_alphabet_digits\train\5\Output Image -446.jpg,train,5,31,400,400,accepted
data\isl_alphabet_digits\train\5\Sign 5 (64).jpeg,train,5,31,400,400,accepted
data\isl_alphabet_digits\train\5\Output Image -46.jpg,train,5,31,400,400,accepted
data\isl_alphabet_digits\train\5\Output Image -7.jpg,train,5,31,400,400,accepted
data\isl_alphabet_digits\train\5\Output Image -329.jpg,train,5,31,400,400,accepted
data\isl_alphabet_digits\train\5\Sign 5 (481).jpeg,train,5,31,400,400,accepted
data\isl_alphabet_digits\train\5\Output Image -469.jpg,train,5,31,400,400,accepted
data\isl_alphabet_digits\train\5\Output Image -61.jpg,train,5,31,400,400,accepted
data\isl_alphabet_digits\train\5\Output Image -84.jpg,train,5,31,400,400,accepted
data\isl_alphabet_digits\train\5\Sign 5 (70).jpeg,train,5,31,400,400,accepted
data\isl_alphabet_digits\train\5\Sign 5 (298).jpeg,train,5,31,400,400,accepted
data\isl_alphabet_digits\train\5\Sign 5 (461).jpeg,train,5,31,400,400,accepted
data\isl_alphabet_digits\train\5\Sign 5 (21).jpeg,train,5,31,400,400,accepted
data\isl_alphabet_digits\train\5\Output Image -5.jpg,train,5,31,400,400,accepted
data\isl_alphabet_digits\train\5\Sign 5 (28).jpeg,train,5,31,400,400,accepted
data\isl_alphabet_digits\train\5\Output Image -50.jpg,train,5,31,400,400,accepted
data\isl_alphabet_digits\train\5\Sign 5 (333).jpeg,train,5,31,400,400,accepted
data\isl_alphabet_digits\train\5\Sign 5 (198).jpeg,train,5,31,400,400,accepted
data\isl_alphabet_digits\train\5\Output Image -467.jpg,train,5,31,400,400,accepted
data\isl_alphabet_digits\train\5\Sign 5 (228).jpeg,train,5,31,400,400,accepted
data\isl_alphabet_digits\train\5\Output Image -102.jpg,train,5,31,400,400,accepted
data\isl_alphabet_digits\train\5\Output Image -499.jpg,train,5,31,400,400,accepted
data\isl_alphabet_digits\train\5\Output Image -378.jpg,train,5,31,400,400,accepted
data\isl_alphabet_digits\train\5\Output Image -430.jpg,train,5,31,400,400,accepted
data\isl_alphabet_digits\train\5\Output Image -91.jpg,train,5,31,400,400,accepted
data\isl_alphabet_digits\train\5\Output Image -13.jpg,train,5,31,400,400,accepted
data\isl_alphabet_digits\train\5\Output Image -459.jpg,train,5,31,400,400,accepted
data\isl_alphabet_digits\train\5\Sign 5 (368).jpeg,train,5,31,400,400,accepted
data\isl_alphabet_digits\train\5\Output Image -232.jpg,train,5,31,400,400,accepted
data\isl_alphabet_digits\train\5\Sign 5 (426).jpeg,train,5,31,400,400,accepted
data\isl_alphabet_digits\train\5\Output Image -254.jpg,train,5,31,400,400,accepted
data\isl_alphabet_digits\train\5\Output Image -41.jpg,train,5,31,400,400,accepted
data\isl_alphabet_digits\train\5\Sign 5 (303).jpeg,train,5,31,400,400,accepted
data\isl_alphabet_digits\train\5\Sign 5 (189).jpeg,train,5,31,400,400,accepted
data\isl_alphabet_digits\train\5\Output Image -363.jpg,train,5,31,400,400,accepted
data\isl_alphabet_digits\train\5\Sign 5 (66).jpeg,train,5,31,400,400,accepted
data\isl_alphabet_digits\train\5\Output Image -27.jpg,train,5,31,400,400,accepted
data\isl_alphabet_digits\train\5\Sign 5 (85).jpeg,train,5,31,400,400,accepted
data\isl_alphabet_digits\train\5\Output Image -201.jpg,train,5,31,400,400,accepted
data\isl_alphabet_digits\train\5\Output Image -22.jpg,train,5,31,400,400,accepted
data\isl_alphabet_digits\train\5\Output Image -165.jpg,train,5,31,400,400,accepted
data\isl_alphabet_digits\train\5\Sign 5 (404).jpeg,train,5,31,400,400,accepted
data\isl_alphabet_digits\train\5\Sign 5 (68).jpeg,train,5,31,400,400,accepted
data\isl_alphabet_digits\train\5\Output Image -358.jpg,train,5,31,400,400,accepted
data\isl_alphabet_digits\train\5\Output Image -3.jpg,train,5,31,400,400,accepted
data\isl_alphabet_digits\train\5\Sign 5 (434).jpeg,train,5,31,400,400,accepted
data\isl_alphabet_digits\train\5\Sign 5 (413).jpeg,train,5,31,400,400,accepted
data\isl_alphabet_digits\train\5\Output Image -360.jpg,train,5,31,400,400,accepted
data\isl_alphabet_digits\train\5\Output Image -326.jpg,train,5,31,400,400,accepted
data\isl_alphabet_digits\train\5\Sign 5 (29).jpeg,train,5,31,400,400,accepted
data\isl_alphabet_digits\train\5\Output Image -167.jpg,train,5,31,400,400,accepted
data\isl_alphabet_digits\train\5\Output Image -117.jpg,train,5,31,400,400,accepted
data\isl_alphabet_digits\train\5\Sign 5 (38).jpeg,train,5,31,400,400,accepted
data\isl_alphabet_digits\train\5\Output Image -236.jpg,train,5,31,400,400,accepted
data\isl_alphabet_digits\train\5\Output Image -436.jpg,train,5,31,400,400,accepted
data\isl_alphabet_digits\train\5\Output Image -205.jpg,train,5,31,400,400,accepted
data\isl_alphabet_digits\train\5\Sign 5 (183).jpeg,train,5,31,400,400,accepted
data\isl_alphabet_digits\train\5\Sign 5 (1).jpeg,train,5,31,400,400,accepted
data\isl_alphabet_digits\train\5\Output Image -155.jpg,train,5,31,400,400,accepted
data\isl_alphabet_digits\train\5\Output Image -162.jpg,train,5,31,400,400,accepted
data\isl_alphabet_digits\train\5\Sign 5 (131).jpeg,train,5,31,400,400,accepted
data\isl_alphabet_digits\train\5\Sign 5 (48).jpeg,train,5,31,400,400,accepted
data\isl_alphabet_digits\train\5\Output Image -495.jpg,train,5,31,400,400,accepted
data\isl_alphabet_digits\train\5\Output Image -72.jpg,train,5,31,400,400,accepted
data\isl_alphabet_digits\train\5\Output Image -83.jpg,train,5,31,400,400,accepted
data\isl_alphabet_digits\train\5\Output Image -56.jpg,train,5,31,400,400,accepted
data\isl_alphabet_digits\train\5\Output Image -43.jpg,train,5,31,400,400,accepted
data\isl_alphabet_digits\train\5\Sign 5 (208).jpeg,train,5,31,400,400,accepted
data\isl_alphabet_digits\train\5\Sign 5 (390).jpeg,train,5,31,400,400,accepted
data\isl_alphabet_digits\train\5\Sign 5 (60).jpeg,train,5,31,400,400,accepted
data\isl_alphabet_digits\train\5\Output Image -108.jpg,train,5,31,400,400,accepted
data\isl_alphabet_digits\train\5\Sign 5 (180).jpeg,train,5,31,400,400,accepted
data\isl_alphabet_digits\train\5\Sign 5 (61).jpeg,train,5,31,400,400,accepted
data\isl_alphabet_digits\train\5\Output Image -177.jpg,train,5,31,400,400,accepted
data\isl_alphabet_digits\train\5\Output Image -461.jpg,train,5,31,400,400,accepted
data\isl_alphabet_digits\train\5\Sign 5 (72).jpeg,train,5,31,400,400,accepted
data\isl_alphabet_digits\val\5\Sign 5 (171).jpeg,val,5,31,400,400,accepted
data\isl_alphabet_digits\val\5\Output Image -410.jpg,val,5,31,400,400,accepted
data\isl_alphabet_digits\val\5\Sign 5 (470).jpeg,val,5,31,400,400,accepted
data\isl_alphabet_digits\val\5\Sign 5 (448).jpeg,val,5,31,400,400,accepted
data\isl_alphabet_digits\val\5\Output Image -420.jpg,val,5,31,400,400,accepted
data\isl_alphabet_digits\val\5\Output Image -156.jpg,val,5,31,400,400,accepted
data\isl_alphabet_digits\val\5\Sign 5 (304).jpeg,val,5,31,400,400,accepted
data\isl_alphabet_digits\val\5\Output Image -116.jpg,val,5,31,400,400,accepted
data\isl_alphabet_digits\val\5\Output Image -39.jpg,val,5,31,400,400,accepted
data\isl_alphabet_digits\val\5\Sign 5 (355).jpeg,val,5,31,400,400,accepted
data\isl_alphabet_digits\val\5\Output Image -411.jpg,val,5,31,400,400,accepted
data\isl_alphabet_digits\val\5\Sign 5 (320).jpeg,val,5,31,400,400,accepted
data\isl_alphabet_digits\val\5\Sign 5 (395).jpeg,val,5,31,400,400,accepted
data\isl_alphabet_digits\val\5\Output Image -101.jpg,val,5,31,400,400,accepted
data\isl_alphabet_digits\val\5\Output Image -4.jpg,val,5,31,400,400,accepted
data\isl_alphabet_digits\val\5\Sign 5 (251).jpeg,val,5,31,400,400,accepted
data\isl_alphabet_digits\val\5\Output Image -105.jpg,val,5,31,400,400,accepted
data\isl_alphabet_digits\val\5\Sign 5 (81).jpeg,val,5,31,400,400,accepted
data\isl_alphabet_digits\val\5\Output Image -114.jpg,val,5,31,400,400,accepted
data\isl_alphabet_digits\val\5\Sign 5 (243).jpeg,val,5,31,400,400,accepted
data\isl_alphabet_digits\val\5\Output Image -241.jpg,val,5,31,400,400,accepted
data\isl_alphabet_digits\val\5\Sign 5 (109).jpeg,val,5,31,400,400,accepted
data\isl_alphabet_digits\val\5\Sign 5 (149).jpeg,val,5,31,400,400,accepted
data\isl_alphabet_digits\val\5\Output Image -213.jpg,val,5,31,400,400,accepted
data\isl_alphabet_digits\val\5\Output Image -163.jpg,val,5,31,400,400,accepted
data\isl_alphabet_digits\val\5\Output Image -402.jpg,val,5,31,400,400,accepted
data\isl_alphabet_digits\val\5\Output Image -359.jpg,val,5,31,400,400,accepted
data\isl_alphabet_digits\val\5\Output Image -24.jpg,val,5,31,400,400,accepted
data\isl_alphabet_digits\val\5\Output Image -82.jpg,val,5,31,400,400,accepted
data\isl_alphabet_digits\val\5\Output Image -375.jpg,val,5,31,400,400,accepted
data\isl_alphabet_digits\val\5\Sign 5 (418).jpeg,val,5,31,400,400,accepted
data\isl_alphabet_digits\val\5\Sign 5 (93).jpeg,val,5,31,400,400,accepted
data\isl_alphabet_digits\val\5\Output Image -79.jpg,val,5,31,400,400,accepted
data\isl_alphabet_digits\val\5\Output Image -448.jpg,val,5,31,400,400,accepted
data\isl_alphabet_digits\val\5\Sign 5 (499).jpeg,val,5,31,400,400,accepted
data\isl_alphabet_digits\val\5\Output Image -52.jpg,val,5,31,400,400,accepted
data\isl_alphabet_digits\val\5\Output Image -219.jpg,val,5,31,400,400,accepted
data\isl_alphabet_digits\val\5\Output Image -441.jpg,val,5,31,400,400,accepted
data\isl_alphabet_digits\val\5\Output Image -413.jpg,val,5,31,400,400,accepted
data\isl_alphabet_digits\val\5\Output Image -423.jpg,val,5,31,400,400,accepted
data\isl_alphabet_digits\val\5\Output Image -127.jpg,val,5,31,400,400,accepted
data\isl_alphabet_digits\val\5\Sign 5 (410).jpeg,val,5,31,400,400,accepted
data\isl_alphabet_digits\val\5\Output Image -404.jpg,val,5,31,400,400,accepted
data\isl_alphabet_digits\val\5\Output Image -492.jpg,val,5,31,400,400,accepted
data\isl_alphabet_digits\val\5\Output Image -17.jpg,val,5,31,400,400,accepted
data\isl_alphabet_digits\val\5\Output Image -316.jpg,val,5,31,400,400,accepted
data\isl_alphabet_digits\val\5\Output Image -180.jpg,val,5,31,400,400,accepted
data\isl_alphabet_digits\val\5\Output Image -132.jpg,val,5,31,400,400,accepted
data\isl_alphabet_digits\val\5\Output Image -343.jpg,val,5,31,400,400,accepted
data\isl_alphabet_digits\val\5\Output Image -299.jpg,val,5,31,400,400,accepted
data\isl_alphabet_digits\val\5\Sign 5 (11).jpeg,val,5,31,400,400,accepted
data\isl_alphabet_digits\val\5\Sign 5 (389).jpeg,val,5,31,400,400,accepted
data\isl_alphabet_digits\val\5\Output Image -252.jpg,val,5,31,400,400,accepted
data\isl_alphabet_digits\val\5\Sign 5 (34).jpeg,val,5,31,400,400,accepted
data\isl_alphabet_digits\val\5\Sign 5 (157).jpeg,val,5,31,400,400,accepted
data\isl_alphabet_digits\val\5\Sign 5 (141).jpeg,val,5,31,400,400,accepted
data\isl_alphabet_digits\val\5\Sign 5 (55).jpeg,val,5,31,400,400,accepted
data\isl_alphabet_digits\val\5\Sign 5 (479).jpeg,val,5,31,400,400,accepted
data\isl_alphabet_digits\val\5\Output Image -353.jpg,val,5,31,400,400,accepted
data\isl_alphabet_digits\val\5\Sign 5 (99).jpeg,val,5,31,400,400,accepted
data\isl_alphabet_digits\val\5\Output Image -345.jpg,val,5,31,400,400,accepted
data\isl_alphabet_digits\val\5\Sign 5 (219).jpeg,val,5,31,400,400,accepted
data\isl_alphabet_digits\val\5\Output Image -491.jpg,val,5,31,400,400,accepted
data\isl_alphabet_digits\val\5\Output Image -28.jpg,val,5,31,400,400,accepted
data\isl_alphabet_digits\val\5\Sign 5 (125).jpeg,val,5,31,400,400,accepted
data\isl_alphabet_digits\val\5\Output Image -212.jpg,val,5,31,400,400,accepted
data\isl_alphabet_digits\val\5\Output Image -500.jpg,val,5,31,400,400,accepted
data\isl_alphabet_digits\val\5\Sign 5 (449).jpeg,val,5,31,400,400,accepted
data\isl_alphabet_digits\val\5\Output Image -211.jpg,val,5,31,400,400,accepted
data\isl_alphabet_digits\val\5\Sign 5 (266).jpeg,val,5,31,400,400,accepted
data\isl_alphabet_digits\val\5\Output Image -370.jpg,val,5,31,400,400,accepted
data\isl_alphabet_digits\val\5\Output Image -274.jpg,val,5,31,400,400,accepted
data\isl_alphabet_digits\val\5\Output Image -173.jpg,val,5,31,400,400,accepted
data\isl_alphabet_digits\val\5\Sign 5 (94).jpeg,val,5,31,400,400,accepted
data\isl_alphabet_digits\val\5\Output Image -193.jpg,val,5,31,400,400,accepted
data\isl_alphabet_digits\val\5\Output Image -462.jpg,val,5,31,400,400,accepted
data\isl_alphabet_digits\val\5\Sign 5 (195).jpeg,val,5,31,400,400,accepted
data\isl_alphabet_digits\val\5\Sign 5 (246).jpeg,val,5,31,400,400,accepted
data\isl_alphabet_digits\val\5\Sign 5 (153).jpeg,val,5,31,400,400,accepted
data\isl_alphabet_digits\val\5\Output Image -318.jpg,val,5,31,400,400,accepted
data\isl_alphabet_digits\val\5\Output Image -290.jpg,val,5,31,400,400,accepted
data\isl_alphabet_digits\val\5\Sign 5 (220).jpeg,val,5,31,400,400,accepted
data\isl_alphabet_digits\val\5\Sign 5 (202).jpeg,val,5,31,400,400,accepted
data\isl_alphabet_digits\val\5\Sign 5 (252).jpeg,val,5,31,400,400,accepted
data\isl_alphabet_digits\val\5\Output Image -247.jpg,val,5,31,400,400,accepted
data\isl_alphabet_digits\val\5\Sign 5 (488).jpeg,val,5,31,400,400,accepted
data\isl_alphabet_digits\val\5\Sign 5 (9).jpeg,val,5,31,400,400,accepted
data\isl_alphabet_digits\val\5\Output Image -464.jpg,val,5,31,400,400,accepted
data\isl_alphabet_digits\val\5\Sign 5 (454).jpeg,val,5,31,400,400,accepted
data\isl_alphabet_digits\val\5\Sign 5 (35).jpeg,val,5,31,400,400,accepted
data\isl_alphabet_digits\val\5\Output Image -393.jpg,val,5,31,400,400,accepted
data\isl_alphabet_digits\val\5\Sign 5 (468).jpeg,val,5,31,400,400,accepted
data\isl_alphabet_digits\val\5\Sign 5 (469).jpeg,val,5,31,400,400,accepted
data\isl_alphabet_digits\val\5\Output Image -432.jpg,val,5,31,400,400,accepted
data\isl_alphabet_digits\val\5\Sign 5 (268).jpeg,val,5,31,400,400,accepted
data\isl_alphabet_digits\val\5\Output Image -53.jpg,val,5,31,400,400,accepted
data\isl_alphabet_digits\val\5\Sign 5 (442).jpeg,val,5,31,400,400,accepted
data\isl_alphabet_digits\val\5\Sign 5 (185).jpeg,val,5,31,400,400,accepted
data\isl_alphabet_digits\val\5\Output Image -324.jpg,val,5,31,400,400,accepted
data\isl_alphabet_digits\val\5\Sign 5 (346).jpeg,val,5,31,400,400,accepted
data\isl_alphabet_digits\val\5\Output Image -221.jpg,val,5,31,400,400,accepted
data\isl_alphabet_digits\val\5\Sign 5 (52).jpeg,val,5,31,400,400,accepted
data\isl_alphabet_digits\val\5\Output Image -421.jpg,val,5,31,400,400,accepted
data\isl_alphabet_digits\val\5\Sign 5 (401).jpeg,val,5,31,400,400,accepted
data\isl_alphabet_digits\val\5\Sign 5 (256).jpeg,val,5,31,400,400,accepted
data\isl_alphabet_digits\val\5\Output Image -245.jpg,val,5,31,400,400,accepted
data\isl_alphabet_digits\val\5\Output Image -260.jpg,val,5,31,400,400,accepted
data\isl_alphabet_digits\val\5\Sign 5 (226).jpeg,val,5,31,400,400,accepted
data\isl_alphabet_digits\val\5\Output Image -450.jpg,val,5,31,400,400,accepted
data\isl_alphabet_digits\val\5\Output Image -65.jpg,val,5,31,400,400,accepted
data\isl_alphabet_digits\val\5\Output Image -348.jpg,val,5,31,400,400,accepted
data\isl_alphabet_digits\val\5\Sign 5 (187).jpeg,val,5,31,400,400,accepted
data\isl_alphabet_digits\val\5\Output Image -463.jpg,val,5,31,400,400,accepted
data\isl_alphabet_digits\val\5\Output Image -33.jpg,val,5,31,400,400,accepted
data\isl_alphabet_digits\val\5\Sign 5 (492).jpeg,val,5,31,400,400,accepted
data\isl_alphabet_digits\val\5\Sign 5 (388).jpeg,val,5,31,400,400,accepted
data\isl_alphabet_digits\val\5\Output Image -273.jpg,val,5,31,400,400,accepted
data\isl_alphabet_digits\val\5\Sign 5 (430).jpeg,val,5,31,400,400,accepted
data\isl_alphabet_digits\val\5\Output Image -63.jpg,val,5,31,400,400,accepted
data\isl_alphabet_digits\val\5\Output Image -86.jpg,val,5,31,400,400,accepted
data\isl_alphabet_digits\val\5\Sign 5 (26).jpeg,val,5,31,400,400,accepted
data\isl_alphabet_digits\val\5\Sign 5 (191).jpeg,val,5,31,400,400,accepted
data\isl_alphabet_digits\val\5\Sign 5 (145).jpeg,val,5,31,400,400,accepted
data\isl_alphabet_digits\val\5\Sign 5 (77).jpeg,val,5,31,400,400,accepted
data\isl_alphabet_digits\val\5\Sign 5 (342).jpeg,val,5,31,400,400,accepted
data\isl_alphabet_digits\val\5\Sign 5 (372).jpeg,val,5,31,400,400,accepted
data\isl_alphabet_digits\val\5\Sign 5 (7).jpeg,val,5,31,400,400,accepted
data\isl_alphabet_digits\val\5\Sign 5 (311).jpeg,val,5,31,400,400,accepted
data\isl_alphabet_digits\val\5\Output Image -242.jpg,val,5,31,400,400,accepted
data\isl_alphabet_digits\val\5\Sign 5 (335).jpeg,val,5,31,400,400,accepted
data\isl_alphabet_digits\val\5\Output Image -447.jpg,val,5,31,400,400,accepted
data\isl_alphabet_digits\val\5\Output Image -399.jpg,val,5,31,400,400,accepted
data\isl_alphabet_digits\val\5\Output Image -315.jpg,val,5,31,400,400,accepted
data\isl_alphabet_digits\val\5\Sign 5 (168).jpeg,val,5,31,400,400,accepted
data\isl_alphabet_digits\val\5\Output Image -437.jpg,val,5,31,400,400,accepted
data\isl_alphabet_digits\val\5\Output Image -368.jpg,val,5,31,400,400,accepted
data\isl_alphabet_digits\val\5\Sign 5 (182).jpeg,val,5,31,400,400,accepted
data\isl_alphabet_digits\val\5\Sign 5 (236).jpeg,val,5,31,400,400,accepted
data\isl_alphabet_digits\val\5\Output Image -103.jpg,val,5,31,400,400,accepted
data\isl_alphabet_digits\val\5\Output Image -266.jpg,val,5,31,400,400,accepted
data\isl_alphabet_digits\val\5\Output Image -178.jpg,val,5,31,400,400,accepted
data\isl_alphabet_digits\val\5\Sign 5 (200).jpeg,val,5,31,400,400,accepted
data\isl_alphabet_digits\val\5\Sign 5 (181).jpeg,val,5,31,400,400,accepted
data\isl_alphabet_digits\val\5\Output Image -268.jpg,val,5,31,400,400,accepted
data\isl_alphabet_digits\val\5\Sign 5 (110).jpeg,val,5,31,400,400,accepted
data\isl_alphabet_digits\val\5\Sign 5 (100).jpeg,val,5,31,400,400,accepted
data\isl_alphabet_digits\val\5\Sign 5 (315).jpeg,val,5,31,400,400,accepted
data\isl_alphabet_digits\val\5\Sign 5 (403).jpeg,val,5,31,400,400,accepted
data\isl_alphabet_digits\val\5\Sign 5 (92).jpeg,val,5,31,400,400,accepted
data\isl_alphabet_digits\val\5\Output Image -283.jpg,val,5,31,400,400,accepted
data\isl_alphabet_digits\test\5\Sign 5 (290).jpeg,test,5,31,400,400,accepted
data\isl_alphabet_digits\test\5\Output Image -106.jpg,test,5,31,400,400,accepted
data\isl_alphabet_digits\test\5\Output Image -154.jpg,test,5,31,400,400,accepted
data\isl_alphabet_digits\test\5\Sign 5 (135).jpeg,test,5,31,400,400,accepted
data\isl_alphabet_digits\test\5\Sign 5 (247).jpeg,test,5,31,400,400,accepted
data\isl_alphabet_digits\test\5\Sign 5 (371).jpeg,test,5,31,400,400,accepted
data\isl_alphabet_digits\test\5\Sign 5 (477).jpeg,test,5,31,400,400,accepted
data\isl_alphabet_digits\test\5\Output Image -298.jpg,test,5,31,400,400,accepted
data\isl_alphabet_digits\test\5\Sign 5 (429).jpeg,test,5,31,400,400,accepted
data\isl_alphabet_digits\test\5\Sign 5 (285).jpeg,test,5,31,400,400,accepted
data\isl_alphabet_digits\test\5\Output Image -130.jpg,test,5,31,400,400,accepted
data\isl_alphabet_digits\test\5\Output Image -415.jpg,test,5,31,400,400,accepted
data\isl_alphabet_digits\test\5\Sign 5 (341).jpeg,test,5,31,400,400,accepted
data\isl_alphabet_digits\test\5\Output Image -366.jpg,test,5,31,400,400,accepted
data\isl_alphabet_digits\test\5\Output Image -93.jpg,test,5,31,400,400,accepted
data\isl_alphabet_digits\test\5\Output Image -21.jpg,test,5,31,400,400,accepted
data\isl_alphabet_digits\test\5\Sign 5 (282).jpeg,test,5,31,400,400,accepted
data\isl_alphabet_digits\test\5\Output Image -107.jpg,test,5,31,400,400,accepted
data\isl_alphabet_digits\test\5\Sign 5 (197).jpeg,test,5,31,400,400,accepted
data\isl_alphabet_digits\test\5\Output Image -372.jpg,test,5,31,400,400,accepted
data\isl_alphabet_digits\test\5\Sign 5 (203).jpeg,test,5,31,400,400,accepted
data\isl_alphabet_digits\test\5\Sign 5 (36).jpeg,test,5,31,400,400,accepted
data\isl_alphabet_digits\test\5\Sign 5 (207).jpeg,test,5,31,400,400,accepted
data\isl_alphabet_digits\test\5\Output Image -218.jpg,test,5,31,400,400,accepted
data\isl_alphabet_digits\test\5\Output Image -311.jpg,test,5,31,400,400,accepted
data\isl_alphabet_digits\test\5\Output Image -12.jpg,test,5,31,400,400,accepted
data\isl_alphabet_digits\test\5\Sign 5 (196).jpeg,test,5,31,400,400,accepted
data\isl_alphabet_digits\test\5\Output Image -414.jpg,test,5,31,400,400,accepted
data\isl_alphabet_digits\test\5\Sign 5 (485).jpeg,test,5,31,400,400,accepted
data\isl_alphabet_digits\test\5\Sign 5 (225).jpeg,test,5,31,400,400,accepted
data\isl_alphabet_digits\test\5\Output Image -295.jpg,test,5,31,400,400,accepted
data\isl_alphabet_digits\test\5\Output Image -207.jpg,test,5,31,400,400,accepted
data\isl_alphabet_digits\test\5\Output Image -222.jpg,test,5,31,400,400,accepted
data\isl_alphabet_digits\test\5\Sign 5 (348).jpeg,test,5,31,400,400,accepted
data\isl_alphabet_digits\test\5\Output Image -60.jpg,test,5,31,400,400,accepted
data\isl_alphabet_digits\test\5\Output Image -26.jpg,test,5,31,400,400,accepted
data\isl_alphabet_digits\test\5\Sign 5 (192).jpeg,test,5,31,400,400,accepted
data\isl_alphabet_digits\test\5\Output Image -47.jpg,test,5,31,400,400,accepted
data\isl_alphabet_digits\test\5\Sign 5 (487).jpeg,test,5,31,400,400,accepted
data\isl_alphabet_digits\test\5\Sign 5 (377).jpeg,test,5,31,400,400,accepted
data\isl_alphabet_digits\test\5\Sign 5 (107).jpeg,test,5,31,400,400,accepted
data\isl_alphabet_digits\test\5\Output Image -23.jpg,test,5,31,400,400,accepted
data\isl_alphabet_digits\test\5\Output Image -281.jpg,test,5,31,400,400,accepted
data\isl_alphabet_digits\test\5\Output Image -29.jpg,test,5,31,400,400,accepted
data\isl_alphabet_digits\test\5\Sign 5 (289).jpeg,test,5,31,400,400,accepted
data\isl_alphabet_digits\test\5\Sign 5 (24).jpeg,test,5,31,400,400,accepted
data\isl_alphabet_digits\test\5\Output Image -296.jpg,test,5,31,400,400,accepted
data\isl_alphabet_digits\test\5\Sign 5 (86).jpeg,test,5,31,400,400,accepted
data\isl_alphabet_digits\test\5\Sign 5 (331).jpeg,test,5,31,400,400,accepted
data\isl_alphabet_digits\test\5\Output Image -153.jpg,test,5,31,400,400,accepted
data\isl_alphabet_digits\test\5\Output Image -484.jpg,test,5,31,400,400,accepted
data\isl_alphabet_digits\test\5\Sign 5 (45).jpeg,test,5,31,400,400,accepted
data\isl_alphabet_digits\test\5\Sign 5 (58).jpeg,test,5,31,400,400,accepted
data\isl_alphabet_digits\test\5\Sign 5 (483).jpeg,test,5,31,400,400,accepted
data\isl_alphabet_digits\test\5\Sign 5 (205).jpeg,test,5,31,400,400,accepted
data\isl_alphabet_digits\test\5\Output Image -285.jpg,test,5,31,400,400,accepted
data\isl_alphabet_digits\test\5\Output Image -470.jpg,test,5,31,400,400,accepted
data\isl_alphabet_digits\test\5\Sign 5 (117).jpeg,test,5,31,400,400,accepted
data\isl_alphabet_digits\test\5\Output Image -42.jpg,test,5,31,400,400,accepted
data\isl_alphabet_digits\test\5\Output Image -251.jpg,test,5,31,400,400,accepted
data\isl_alphabet_digits\test\5\Sign 5 (199).jpeg,test,5,31,400,400,accepted
data\isl_alphabet_digits\test\5\Output Image -259.jpg,test,5,31,400,400,accepted
data\isl_alphabet_digits\test\5\Output Image -472.jpg,test,5,31,400,400,accepted
data\isl_alphabet_digits\test\5\Output Image -197.jpg,test,5,31,400,400,accepted
data\isl_alphabet_digits\test\5\Sign 5 (143).jpeg,test,5,31,400,400,accepted
data\isl_alphabet_digits\test\5\Output Image -223.jpg,test,5,31,400,400,accepted
data\isl_alphabet_digits\test\5\Output Image -141.jpg,test,5,31,400,400,accepted
data\isl_alphabet_digits\test\5\Output Image -36.jpg,test,5,31,400,400,accepted
data\isl_alphabet_digits\test\5\Sign 5 (334).jpeg,test,5,31,400,400,accepted
data\isl_alphabet_digits\test\5\Output Image -239.jpg,test,5,31,400,400,accepted
data\isl_alphabet_digits\test\5\Output Image -457.jpg,test,5,31,400,400,accepted
data\isl_alphabet_digits\test\5\Sign 5 (445).jpeg,test,5,31,400,400,accepted
data\isl_alphabet_digits\test\5\Output Image -95.jpg,test,5,31,400,400,accepted
data\isl_alphabet_digits\test\5\Output Image -38.jpg,test,5,31,400,400,accepted
data\isl_alphabet_digits\test\5\Output Image -249.jpg,test,5,31,400,400,accepted
data\isl_alphabet_digits\test\5\Output Image -304.jpg,test,5,31,400,400,accepted
data\isl_alphabet_digits\test\5\Sign 5 (437).jpeg,test,5,31,400,400,accepted
data\isl_alphabet_digits\test\5\Sign 5 (212).jpeg,test,5,31,400,400,accepted
data\isl_alphabet_digits\test\5\Sign 5 (255).jpeg,test,5,31,400,400,accepted
data\isl_alphabet_digits\test\5\Output Image -113.jpg,test,5,31,400,400,accepted
data\isl_alphabet_digits\test\5\Output Image -192.jpg,test,5,31,400,400,accepted
data\isl_alphabet_digits\test\5\Sign 5 (119).jpeg,test,5,31,400,400,accepted
data\isl_alphabet_digits\test\5\Output Image -8.jpg,test,5,31,400,400,accepted
data\isl_alphabet_digits\test\5\Sign 5 (294).jpeg,test,5,31,400,400,accepted
data\isl_alphabet_digits\test\5\Sign 5 (22).jpeg,test,5,31,400,400,accepted
data\isl_alphabet_digits\test\5\Output Image -319.jpg,test,5,31,400,400,accepted
data\isl_alphabet_digits\test\5\Sign 5 (305).jpeg,test,5,31,400,400,accepted
data\isl_alphabet_digits\test\5\Sign 5 (309).jpeg,test,5,31,400,400,accepted
data\isl_alphabet_digits\test\5\Sign 5 (116).jpeg,test,5,31,400,400,accepted
data\isl_alphabet_digits\test\5\Sign 5 (471).jpeg,test,5,31,400,400,accepted
data\isl_alphabet_digits\test\5\Output Image -398.jpg,test,5,31,400,400,accepted
data\isl_alphabet_digits\test\5\Output Image -496.jpg,test,5,31,400,400,accepted
data\isl_alphabet_digits\test\5\Output Image -485.jpg,test,5,31,400,400,accepted
data\isl_alphabet_digits\test\5\Sign 5 (250).jpeg,test,5,31,400,400,accepted
data\isl_alphabet_digits\test\5\Sign 5 (272).jpeg,test,5,31,400,400,accepted
data\isl_alphabet_digits\test\5\Output Image -340.jpg,test,5,31,400,400,accepted
data\isl_alphabet_digits\test\5\Sign 5 (43).jpeg,test,5,31,400,400,accepted
data\isl_alphabet_digits\test\5\Output Image -10.jpg,test,5,31,400,400,accepted
data\isl_alphabet_digits\test\5\Output Image -480.jpg,test,5,31,400,400,accepted
data\isl_alphabet_digits\test\5\Sign 5 (414).jpeg,test,5,31,400,400,accepted
data\isl_alphabet_digits\test\5\Sign 5 (222).jpeg,test,5,31,400,400,accepted
data\isl_alphabet_digits\test\5\Output Image -282.jpg,test,5,31,400,400,accepted
data\isl_alphabet_digits\test\5\Output Image -468.jpg,test,5,31,400,400,accepted
data\isl_alphabet_digits\test\5\Sign 5 (5).jpeg,test,5,31,400,400,accepted
data\isl_alphabet_digits\test\5\Sign 5 (41).jpeg,test,5,31,400,400,accepted
data\isl_alphabet_digits\test\5\Output Image -131.jpg,test,5,31,400,400,accepted
data\isl_alphabet_digits\test\5\Output Image -199.jpg,test,5,31,400,400,accepted
data\isl_alphabet_digits\test\5\Output Image -128.jpg,test,5,31,400,400,accepted
data\isl_alphabet_digits\test\5\Output Image -32.jpg,test,5,31,400,400,accepted
data\isl_alphabet_digits\test\5\Sign 5 (69).jpeg,test,5,31,400,400,accepted
data\isl_alphabet_digits\test\5\Sign 5 (367).jpeg,test,5,31,400,400,accepted
data\isl_alphabet_digits\test\5\Sign 5 (374).jpeg,test,5,31,400,400,accepted
data\isl_alphabet_digits\test\5\Sign 5 (140).jpeg,test,5,31,400,400,accepted
data\isl_alphabet_digits\test\5\Output Image -408.jpg,test,5,31,400,400,accepted
data\isl_alphabet_digits\test\5\Sign 5 (159).jpeg,test,5,31,400,400,accepted
data\isl_alphabet_digits\test\5\Sign 5 (253).jpeg,test,5,31,400,400,accepted
data\isl_alphabet_digits\test\5\Sign 5 (381).jpeg,test,5,31,400,400,accepted
data\isl_alphabet_digits\test\5\Output Image -191.jpg,test,5,31,400,400,accepted
data\isl_alphabet_digits\test\5\Output Image -112.jpg,test,5,31,400,400,accepted
data\isl_alphabet_digits\test\5\Output Image -97.jpg,test,5,31,400,400,accepted
data\isl_alphabet_digits\test\5\Sign 5 (194).jpeg,test,5,31,400,400,accepted
data\isl_alphabet_digits\test\5\Sign 5 (218).jpeg,test,5,31,400,400,accepted
data\isl_alphabet_digits\test\5\Sign 5 (387).jpeg,test,5,31,400,400,accepted
data\isl_alphabet_digits\test\5\Sign 5 (416).jpeg,test,5,31,400,400,accepted
data\isl_alphabet_digits\test\5\Output Image -458.jpg,test,5,31,400,400,accepted
data\isl_alphabet_digits\test\5\Output Image -289.jpg,test,5,31,400,400,accepted
data\isl_alphabet_digits\test\5\Sign 5 (307).jpeg,test,5,31,400,400,accepted
data\isl_alphabet_digits\test\5\Sign 5 (328).jpeg,test,5,31,400,400,accepted
data\isl_alphabet_digits\test\5\Output Image -325.jpg,test,5,31,400,400,accepted
data\isl_alphabet_digits\test\5\Output Image -226.jpg,test,5,31,400,400,accepted
data\isl_alphabet_digits\test\5\Output Image -96.jpg,test,5,31,400,400,accepted
data\isl_alphabet_digits\test\5\Output Image -272.jpg,test,5,31,400,400,accepted
data\isl_alphabet_digits\test\5\Sign 5 (115).jpeg,test,5,31,400,400,accepted
data\isl_alphabet_digits\test\5\Sign 5 (275).jpeg,test,5,31,400,400,accepted
data\isl_alphabet_digits\test\5\Output Image -138.jpg,test,5,31,400,400,accepted
data\isl_alphabet_digits\test\5\Output Image -417.jpg,test,5,31,400,400,accepted
data\isl_alphabet_digits\test\5\Output Image -347.jpg,test,5,31,400,400,accepted
data\isl_alphabet_digits\test\5\Sign 5 (396).jpeg,test,5,31,400,400,accepted
data\isl_alphabet_digits\test\5\Output Image -471.jpg,test,5,31,400,400,accepted
data\isl_alphabet_digits\test\5\Sign 5 (111).jpeg,test,5,31,400,400,accepted
data\isl_alphabet_digits\test\5\Output Image -74.jpg,test,5,31,400,400,accepted
data\isl_alphabet_digits\test\5\Sign 5 (443).jpeg,test,5,31,400,400,accepted
data\isl_alphabet_digits\test\5\Output Image -322.jpg,test,5,31,400,400,accepted
data\isl_alphabet_digits\test\5\Sign 5 (283).jpeg,test,5,31,400,400,accepted
data\isl_alphabet_digits\test\5\Output Image -140.jpg,test,5,31,400,400,accepted
data\isl_alphabet_digits\test\5\Sign 5 (133).jpeg,test,5,31,400,400,accepted
data\isl_alphabet_digits\test\5\Sign 5 (102).jpeg,test,5,31,400,400,accepted
data\isl_alphabet_digits\test\5\Sign 5 (452).jpeg,test,5,31,400,400,accepted
data\isl_alphabet_digits\test\5\Sign 5 (89).jpeg,test,5,31,400,400,accepted
data\isl_alphabet_digits\test\5\Output Image -89.jpg,test,5,31,400,400,accepted
data\isl_alphabet_digits\train\6\Sign 6 (359).jpeg,train,6,32,400,400,accepted
data\isl_alphabet_digits\train\6\Output Image -159.jpg,train,6,32,400,400,accepted
data\isl_alphabet_digits\train\6\Output Image -82.jpg,train,6,32,400,400,accepted
data\isl_alphabet_digits\train\6\Output Image -227.jpg,train,6,32,400,400,accepted
data\isl_alphabet_digits\train\6\Output Image -422.jpg,train,6,32,400,400,accepted
data\isl_alphabet_digits\train\6\Sign 6 (250).jpeg,train,6,32,400,400,accepted
data\isl_alphabet_digits\train\6\Output Image -450.jpg,train,6,32,400,400,accepted
data\isl_alphabet_digits\train\6\Output Image -277.jpg,train,6,32,400,400,accepted
data\isl_alphabet_digits\train\6\Output Image -297.jpg,train,6,32,400,400,accepted
data\isl_alphabet_digits\train\6\Sign 6 (496).jpeg,train,6,32,400,400,accepted
data\isl_alphabet_digits\train\6\Sign 6 (96).jpeg,train,6,32,400,400,accepted
data\isl_alphabet_digits\train\6\Output Image -72.jpg,train,6,32,400,400,accepted
data\isl_alphabet_digits\train\6\Sign 6 (492).jpeg,train,6,32,400,400,accepted
data\isl_alphabet_digits\train\6\Sign 6 (490).jpeg,train,6,32,400,400,accepted
data\isl_alphabet_digits\train\6\Sign 6 (67).jpeg,train,6,32,400,400,accepted
data\isl_alphabet_digits\train\6\Sign 6 (399).jpeg,train,6,32,400,400,accepted
data\isl_alphabet_digits\train\6\Sign 6 (40).jpeg,train,6,32,400,400,accepted
data\isl_alphabet_digits\train\6\Sign 6 (52).jpeg,train,6,32,400,400,accepted
data\isl_alphabet_digits\train\6\Sign 6 (10).jpeg,train,6,32,400,400,accepted
data\isl_alphabet_digits\train\6\Sign 6 (334).jpeg,train,6,32,400,400,accepted
data\isl_alphabet_digits\train\6\Sign 6 (322).jpeg,train,6,32,400,400,accepted
data\isl_alphabet_digits\train\6\Sign 6 (386).jpeg,train,6,32,400,400,accepted
data\isl_alphabet_digits\train\6\Sign 6 (213).jpeg,train,6,32,400,400,accepted
data\isl_alphabet_digits\train\6\Sign 6 (31).jpeg,train,6,32,400,400,accepted
data\isl_alphabet_digits\train\6\Output Image -378.jpg,train,6,32,400,400,accepted
data\isl_alphabet_digits\train\6\Sign 6 (387).jpeg,train,6,32,400,400,accepted
data\isl_alphabet_digits\train\6\Sign 6 (14).jpeg,train,6,32,400,400,accepted
data\isl_alphabet_digits\train\6\Sign 6 (257).jpeg,train,6,32,400,400,accepted
data\isl_alphabet_digits\train\6\Output Image -452.jpg,train,6,32,400,400,accepted
data\isl_alphabet_digits\train\6\Output Image -240.jpg,train,6,32,400,400,accepted
data\isl_alphabet_digits\train\6\Sign 6 (238).jpeg,train,6,32,400,400,accepted
data\isl_alphabet_digits\train\6\Sign 6 (423).jpeg,train,6,32,400,400,accepted
data\isl_alphabet_digits\train\6\Sign 6 (74).jpeg,train,6,32,400,400,accepted
data\isl_alphabet_digits\train\6\Sign 6 (123).jpeg,train,6,32,400,400,accepted
data\isl_alphabet_digits\train\6\Sign 6 (380).jpeg,train,6,32,400,400,accepted
data\isl_alphabet_digits\train\6\Output Image -388.jpg,train,6,32,400,400,accepted
data\isl_alphabet_digits\train\6\Output Image -186.jpg,train,6,32,400,400,accepted
data\isl_alphabet_digits\train\6\Sign 6 (475).jpeg,train,6,32,400,400,accepted
data\isl_alphabet_digits\train\6\Output Image -381.jpg,train,6,32,400,400,accepted
data\isl_alphabet_digits\train\6\Output Image -399.jpg,train,6,32,400,400,accepted
data\isl_alphabet_digits\train\6\Sign 6 (165).jpeg,train,6,32,400,400,accepted
data\isl_alphabet_digits\train\6\Output Image -413.jpg,train,6,32,400,400,accepted
data\isl_alphabet_digits\train\6\Sign 6 (187).jpeg,train,6,32,400,400,accepted
data\isl_alphabet_digits\train\6\Sign 6 (422).jpeg,train,6,32,400,400,accepted
data\isl_alphabet_digits\train\6\Sign 6 (280).jpeg,train,6,32,400,400,accepted
data\isl_alphabet_digits\train\6\Output Image -499.jpg,train,6,32,400,400,accepted
data\isl_alphabet_digits\train\6\Sign 6 (149).jpeg,train,6,32,400,400,accepted
data\isl_alphabet_digits\train\6\Output Image -208.jpg,train,6,32,400,400,accepted
data\isl_alphabet_digits\train\6\Sign 6 (286).jpeg,train,6,32,400,400,accepted
data\isl_alphabet_digits\train\6\Sign 6 (208).jpeg,train,6,32,400,400,accepted
data\isl_alphabet_digits\train\6\Sign 6 (201).jpeg,train,6,32,400,400,accepted
data\isl_alphabet_digits\train\6\Output Image -349.jpg,train,6,32,400,400,accepted
data\isl_alphabet_digits\train\6\Output Image -269.jpg,train,6,32,400,400,accepted
data\isl_alphabet_digits\train\6\Output Image -134.jpg,train,6,32,400,400,accepted
data\isl_alphabet_digits\train\6\Output Image -174.jpg,train,6,32,400,400,accepted
data\isl_alphabet_digits\train\6\Sign 6 (114).jpeg,train,6,32,400,400,accepted
data\isl_alphabet_digits\train\6\Output Image -100.jpg,train,6,32,400,400,accepted
data\isl_alphabet_digits\train\6\Sign 6 (244).jpeg,train,6,32,400,400,accepted
data\isl_alphabet_digits\train\6\Output Image -88.jpg,train,6,32,400,400,accepted
data\isl_alphabet_digits\train\6\Output Image -268.jpg,train,6,32,400,400,accepted
data\isl_alphabet_digits\train\6\Output Image -117.jpg,train,6,32,400,400,accepted
data\isl_alphabet_digits\train\6\Output Image -180.jpg,train,6,32,400,400,accepted
data\isl_alphabet_digits\train\6\Output Image -365.jpg,train,6,32,400,400,accepted
data\isl_alphabet_digits\train\6\Sign 6 (130).jpeg,train,6,32,400,400,accepted
data\isl_alphabet_digits\train\6\Sign 6 (132).jpeg,train,6,32,400,400,accepted
data\isl_alphabet_digits\train\6\Sign 6 (229).jpeg,train,6,32,400,400,accepted
data\isl_alphabet_digits\train\6\Output Image -392.jpg,train,6,32,400,400,accepted
data\isl_alphabet_digits\train\6\Output Image -223.jpg,train,6,32,400,400,accepted
data\isl_alphabet_digits\train\6\Output Image -29.jpg,train,6,32,400,400,accepted
data\isl_alphabet_digits\train\6\Sign 6 (491).jpeg,train,6,32,400,400,accepted
data\isl_alphabet_digits\train\6\Output Image -488.jpg,train,6,32,400,400,accepted
data\isl_alphabet_digits\train\6\Sign 6 (268).jpeg,train,6,32,400,400,accepted
data\isl_alphabet_digits\train\6\Output Image -196.jpg,train,6,32,400,400,accepted
data\isl_alphabet_digits\train\6\Output Image -380.jpg,train,6,32,400,400,accepted
data\isl_alphabet_digits\train\6\Sign 6 (44).jpeg,train,6,32,400,400,accepted
data\isl_alphabet_digits\train\6\Output Image -195.jpg,train,6,32,400,400,accepted
data\isl_alphabet_digits\train\6\Sign 6 (175).jpeg,train,6,32,400,400,accepted
data\isl_alphabet_digits\train\6\Output Image -71.jpg,train,6,32,400,400,accepted
data\isl_alphabet_digits\train\6\Sign 6 (396).jpeg,train,6,32,400,400,accepted
data\isl_alphabet_digits\train\6\Output Image -439.jpg,train,6,32,400,400,accepted
data\isl_alphabet_digits\train\6\Sign 6 (341).jpeg,train,6,32,400,400,accepted
data\isl_alphabet_digits\train\6\Sign 6 (390).jpeg,train,6,32,400,400,accepted
data\isl_alphabet_digits\train\6\Sign 6 (432).jpeg,train,6,32,400,400,accepted
data\isl_alphabet_digits\train\6\Output Image -114.jpg,train,6,32,400,400,accepted
data\isl_alphabet_digits\train\6\Sign 6 (350).jpeg,train,6,32,400,400,accepted
data\isl_alphabet_digits\train\6\Output Image -224.jpg,train,6,32,400,400,accepted
data\isl_alphabet_digits\train\6\Output Image -461.jpg,train,6,32,400,400,accepted
data\isl_alphabet_digits\train\6\Output Image -426.jpg,train,6,32,400,400,accepted
data\isl_alphabet_digits\train\6\Sign 6 (170).jpeg,train,6,32,400,400,accepted
data\isl_alphabet_digits\train\6\Sign 6 (100).jpeg,train,6,32,400,400,accepted
data\isl_alphabet_digits\train\6\Sign 6 (388).jpeg,train,6,32,400,400,accepted
data\isl_alphabet_digits\train\6\Output Image -302.jpg,train,6,32,400,400,accepted
data\isl_alphabet_digits\train\6\Output Image -59.jpg,train,6,32,400,400,accepted
data\isl_alphabet_digits\train\6\Sign 6 (210).jpeg,train,6,32,400,400,accepted
data\isl_alphabet_digits\train\6\Output Image -26.jpg,train,6,32,400,400,accepted
data\isl_alphabet_digits\train\6\Sign 6 (155).jpeg,train,6,32,400,400,accepted
data\isl_alphabet_digits\train\6\Sign 6 (214).jpeg,train,6,32,400,400,accepted
data\isl_alphabet_digits\train\6\Sign 6 (391).jpeg,train,6,32,400,400,accepted
data\isl_alphabet_digits\train\6\Output Image -296.jpg,train,6,32,400,400,accepted
data\isl_alphabet_digits\train\6\Sign 6 (134).jpeg,train,6,32,400,400,accepted
data\isl_alphabet_digits\train\6\Output Image -420.jpg,train,6,32,400,400,accepted
data\isl_alphabet_digits\train\6\Output Image -285.jpg,train,6,32,400,400,accepted
data\isl_alphabet_digits\train\6\Output Image -271.jpg,train,6,32,400,400,accepted
data\isl_alphabet_digits\train\6\Sign 6 (240).jpeg,train,6,32,400,400,accepted
data\isl_alphabet_digits\train\6\Sign 6 (305).jpeg,train,6,32,400,400,accepted
data\isl_alphabet_digits\train\6\Output Image -464.jpg,train,6,32,400,400,accepted
data\isl_alphabet_digits\train\6\Output Image -441.jpg,train,6,32,400,400,accepted
data\isl_alphabet_digits\train\6\Sign 6 (430).jpeg,train,6,32,400,400,accepted
data\isl_alphabet_digits\train\6\Output Image -92.jpg,train,6,32,400,400,accepted
data\isl_alphabet_digits\train\6\Sign 6 (87).jpeg,train,6,32,400,400,accepted
data\isl_alphabet_digits\train\6\Output Image -423.jpg,train,6,32,400,400,accepted
data\isl_alphabet_digits\train\6\Output Image -172.jpg,train,6,32,400,400,accepted
data\isl_alphabet_digits\train\6\Sign 6 (346).jpeg,train,6,32,400,400,accepted
data\isl_alphabet_digits\train\6\Sign 6 (403).jpeg,train,6,32,400,400,accepted
data\isl_alphabet_digits\train\6\Output Image -124.jpg,train,6,32,400,400,accepted
data\isl_alphabet_digits\train\6\Sign 6 (457).jpeg,train,6,32,400,400,accepted
data\isl_alphabet_digits\train\6\Output Image -483.jpg,train,6,32,400,400,accepted
data\isl_alphabet_digits\train\6\Sign 6 (209).jpeg,train,6,32,400,400,accepted
data\isl_alphabet_digits\train\6\Output Image -266.jpg,train,6,32,400,400,accepted
data\isl_alphabet_digits\train\6\Sign 6 (482).jpeg,train,6,32,400,400,accepted
data\isl_alphabet_digits\train\6\Output Image -320.jpg,train,6,32,400,400,accepted
data\isl_alphabet_digits\train\6\Sign 6 (328).jpeg,train,6,32,400,400,accepted
data\isl_alphabet_digits\train\6\Output Image -342.jpg,train,6,32,400,400,accepted
data\isl_alphabet_digits\train\6\Sign 6 (276).jpeg,train,6,32,400,400,accepted
data\isl_alphabet_digits\train\6\Output Image -181.jpg,train,6,32,400,400,accepted
data\isl_alphabet_digits\train\6\Sign 6 (18).jpeg,train,6,32,400,400,accepted
data\isl_alphabet_digits\train\6\Output Image -211.jpg,train,6,32,400,400,accepted
data\isl_alphabet_digits\train\6\Output Image -478.jpg,train,6,32,400,400,accepted
data\isl_alphabet_digits\train\6\Sign 6 (189).jpeg,train,6,32,400,400,accepted
data\isl_alphabet_digits\train\6\Sign 6 (319).jpeg,train,6,32,400,400,accepted
data\isl_alphabet_digits\train\6\Output Image -250.jpg,train,6,32,400,400,accepted
data\isl_alphabet_digits\train\6\Sign 6 (401).jpeg,train,6,32,400,400,accepted
data\isl_alphabet_digits\train\6\Output Image -164.jpg,train,6,32,400,400,accepted
data\isl_alphabet_digits\train\6\Output Image -12.jpg,train,6,32,400,400,accepted
data\isl_alphabet_digits\train\6\Output Image -316.jpg,train,6,32,400,400,accepted
data\isl_alphabet_digits\train\6\Output Image -153.jpg,train,6,32,400,400,accepted
data\isl_alphabet_digits\train\6\Sign 6 (193).jpeg,train,6,32,400,400,accepted
data\isl_alphabet_digits\train\6\Output Image -19.jpg,train,6,32,400,400,accepted
data\isl_alphabet_digits\train\6\Output Image -293.jpg,train,6,32,400,400,accepted
data\isl_alphabet_digits\train\6\Output Image -258.jpg,train,6,32,400,400,accepted
data\isl_alphabet_digits\train\6\Sign 6 (168).jpeg,train,6,32,400,400,accepted
data\isl_alphabet_digits\train\6\Output Image -353.jpg,train,6,32,400,400,accepted
data\isl_alphabet_digits\train\6\Sign 6 (28).jpeg,train,6,32,400,400,accepted
data\isl_alphabet_digits\train\6\Sign 6 (58).jpeg,train,6,32,400,400,accepted
data\isl_alphabet_digits\train\6\Sign 6 (88).jpeg,train,6,32,400,400,accepted
data\isl_alphabet_digits\train\6\Sign 6 (433).jpeg,train,6,32,400,400,accepted
data\isl_alphabet_digits\train\6\Sign 6 (164).jpeg,train,6,32,400,400,accepted
data\isl_alphabet_digits\train\6\Sign 6 (493).jpeg,train,6,32,400,400,accepted
data\isl_alphabet_digits\train\6\Output Image -444.jpg,train,6,32,400,400,accepted
data\isl_alphabet_digits\train\6\Sign 6 (230).jpeg,train,6,32,400,400,accepted
data\isl_alphabet_digits\train\6\Output Image -169.jpg,train,6,32,400,400,accepted
data\isl_alphabet_digits\train\6\Sign 6 (120).jpeg,train,6,32,400,400,accepted
data\isl_alphabet_digits\train\6\Sign 6 (78).jpeg,train,6,32,400,400,accepted
data\isl_alphabet_digits\train\6\Sign 6 (438).jpeg,train,6,32,400,400,accepted
data\isl_alphabet_digits\train\6\Sign 6 (400).jpeg,train,6,32,400,400,accepted
data\isl_alphabet_digits\train\6\Output Image -276.jpg,train,6,32,400,400,accepted
data\isl_alphabet_digits\train\6\Output Image -217.jpg,train,6,32,400,400,accepted
data\isl_alphabet_digits\train\6\Output Image -14.jpg,train,6,32,400,400,accepted
data\isl_alphabet_digits\train\6\Sign 6 (196).jpeg,train,6,32,400,400,accepted
data\isl_alphabet_digits\train\6\Sign 6 (41).jpeg,train,6,32,400,400,accepted
data\isl_alphabet_digits\train\6\Sign 6 (24).jpeg,train,6,32,400,400,accepted
data\isl_alphabet_digits\train\6\Sign 6 (484).jpeg,train,6,32,400,400,accepted
data\isl_alphabet_digits\train\6\Output Image -410.jpg,train,6,32,400,400,accepted
data\isl_alphabet_digits\train\6\Sign 6 (32).jpeg,train,6,32,400,400,accepted
data\isl_alphabet_digits\train\6\Output Image -310.jpg,train,6,32,400,400,accepted
data\isl_alphabet_digits\train\6\Sign 6 (35).jpeg,train,6,32,400,400,accepted
data\isl_alphabet_digits\train\6\Output Image -21.jpg,train,6,32,400,400,accepted
data\isl_alphabet_digits\train\6\Output Image -163.jpg,train,6,32,400,400,accepted
data\isl_alphabet_digits\train\6\Output Image -415.jpg,train,6,32,400,400,accepted
data\isl_alphabet_digits\train\6\Sign 6 (12).jpeg,train,6,32,400,400,accepted
data\isl_alphabet_digits\train\6\Sign 6 (91).jpeg,train,6,32,400,400,accepted
data\isl_alphabet_digits\train\6\Output Image -456.jpg,train,6,32,400,400,accepted
data\isl_alphabet_digits\train\6\Sign 6 (312).jpeg,train,6,32,400,400,accepted
data\isl_alphabet_digits\train\6\Output Image -307.jpg,train,6,32,400,400,accepted
data\isl_alphabet_digits\train\6\Output Image -382.jpg,train,6,32,400,400,accepted
data\isl_alphabet_digits\train\6\Sign 6 (248).jpeg,train,6,32,400,400,accepted
data\isl_alphabet_digits\train\6\Output Image -58.jpg,train,6,32,400,400,accepted
data\isl_alphabet_digits\train\6\Output Image -324.jpg,train,6,32,400,400,accepted
data\isl_alphabet_digits\train\6\Sign 6 (224).jpeg,train,6,32,400,400,accepted
data\isl_alphabet_digits\train\6\Output Image -328.jpg,train,6,32,400,400,accepted
data\isl_alphabet_digits\train\6\Output Image -116.jpg,train,6,32,400,400,accepted
data\isl_alphabet_digits\train\6\Sign 6 (408).jpeg,train,6,32,400,400,accepted
data\isl_alphabet_digits\train\6\Sign 6 (81).jpeg,train,6,32,400,400,accepted
data\isl_alphabet_digits\train\6\Sign 6 (283).jpeg,train,6,32,400,400,accepted
data\isl_alphabet_digits\train\6\Output Image -318.jpg,train,6,32,400,400,accepted
data\isl_alphabet_digits\train\6\Sign 6 (154).jpeg,train,6,32,400,400,accepted
data\isl_alphabet_digits\train\6\Output Image -209.jpg,train,6,32,400,400,accepted
data\isl_alphabet_digits\train\6\Sign 6 (129).jpeg,train,6,32,400,400,accepted
data\isl_alphabet_digits\train\6\Sign 6 (156).jpeg,train,6,32,400,400,accepted
data\isl_alphabet_digits\train\6\Output Image -281.jpg,train,6,32,400,400,accepted
data\isl_alphabet_digits\train\6\Sign 6 (375).jpeg,train,6,32,400,400,accepted
data\isl_alphabet_digits\train\6\Output Image -290.jpg,train,6,32,400,400,accepted
data\isl_alphabet_digits\train\6\Output Image -332.jpg,train,6,32,400,400,accepted
data\isl_alphabet_digits\train\6\Output Image -249.jpg,train,6,32,400,400,accepted
data\isl_alphabet_digits\train\6\Sign 6 (306).jpeg,train,6,32,400,400,accepted
data\isl_alphabet_digits\train\6\Sign 6 (93).jpeg,train,6,32,400,400,accepted
data\isl_alphabet_digits\train\6\Sign 6 (125).jpeg,train,6,32,400,400,accepted
data\isl_alphabet_digits\train\6\Sign 6 (435).jpeg,train,6,32,400,400,accepted
data\isl_alphabet_digits\train\6\Sign 6 (294).jpeg,train,6,32,400,400,accepted
data\isl_alphabet_digits\train\6\Sign 6 (463).jpeg,train,6,32,400,400,accepted
data\isl_alphabet_digits\train\6\Sign 6 (205).jpeg,train,6,32,400,400,accepted
data\isl_alphabet_digits\train\6\Sign 6 (309).jpeg,train,6,32,400,400,accepted
data\isl_alphabet_digits\train\6\Sign 6 (176).jpeg,train,6,32,400,400,accepted
data\isl_alphabet_digits\train\6\Sign 6 (252).jpeg,train,6,32,400,400,accepted
data\isl_alphabet_digits\train\6\Output Image -13.jpg,train,6,32,400,400,accepted
data\isl_alphabet_digits\train\6\Output Image -221.jpg,train,6,32,400,400,accepted
data\isl_alphabet_digits\train\6\Sign 6 (29).jpeg,train,6,32,400,400,accepted
data\isl_alphabet_digits\train\6\Sign 6 (374).jpeg,train,6,32,400,400,accepted
data\isl_alphabet_digits\train\6\Sign 6 (27).jpeg,train,6,32,400,400,accepted
data\isl_alphabet_digits\train\6\Sign 6 (495).jpeg,train,6,32,400,400,accepted
data\isl_alphabet_digits\train\6\Sign 6 (411).jpeg,train,6,32,400,400,accepted
data\isl_alphabet_digits\train\6\Sign 6 (200).jpeg,train,6,32,400,400,accepted
data\isl_alphabet_digits\train\6\Sign 6 (326).jpeg,train,6,32,400,400,accepted
data\isl_alphabet_digits\train\6\Output Image -284.jpg,train,6,32,400,400,accepted
data\isl_alphabet_digits\train\6\Sign 6 (264).jpeg,train,6,32,400,400,accepted
data\isl_alphabet_digits\train\6\Output Image -67.jpg,train,6,32,400,400,accepted
data\isl_alphabet_digits\train\6\Sign 6 (395).jpeg,train,6,32,400,400,accepted
data\isl_alphabet_digits\train\6\Output Image -375.jpg,train,6,32,400,400,accepted
data\isl_alphabet_digits\train\6\Output Image -201.jpg,train,6,32,400,400,accepted
data\isl_alphabet_digits\train\6\Output Image -419.jpg,train,6,32,400,400,accepted
data\isl_alphabet_digits\train\6\Sign 6 (320).jpeg,train,6,32,400,400,accepted
data\isl_alphabet_digits\train\6\Sign 6 (472).jpeg,train,6,32,400,400,accepted
data\isl_alphabet_digits\train\6\Output Image -490.jpg,train,6,32,400,400,accepted
data\isl_alphabet_digits\train\6\Output Image -104.jpg,train,6,32,400,400,accepted
data\isl_alphabet_digits\train\6\Sign 6 (381).jpeg,train,6,32,400,400,accepted
data\isl_alphabet_digits\train\6\Sign 6 (151).jpeg,train,6,32,400,400,accepted
data\isl_alphabet_digits\train\6\Output Image -360.jpg,train,6,32,400,400,accepted
data\isl_alphabet_digits\train\6\Output Image -232.jpg,train,6,32,400,400,accepted
data\isl_alphabet_digits\train\6\Output Image -233.jpg,train,6,32,400,400,accepted
data\isl_alphabet_digits\train\6\Sign 6 (26).jpeg,train,6,32,400,400,accepted
data\isl_alphabet_digits\train\6\Sign 6 (291).jpeg,train,6,32,400,400,accepted
data\isl_alphabet_digits\train\6\Sign 6 (89).jpeg,train,6,32,400,400,accepted
data\isl_alphabet_digits\train\6\Output Image -10.jpg,train,6,32,400,400,accepted
data\isl_alphabet_digits\train\6\Sign 6 (75).jpeg,train,6,32,400,400,accepted
data\isl_alphabet_digits\train\6\Sign 6 (236).jpeg,train,6,32,400,400,accepted
data\isl_alphabet_digits\train\6\Output Image -144.jpg,train,6,32,400,400,accepted
data\isl_alphabet_digits\train\6\Sign 6 (301).jpeg,train,6,32,400,400,accepted
data\isl_alphabet_digits\train\6\Sign 6 (179).jpeg,train,6,32,400,400,accepted
data\isl_alphabet_digits\train\6\Sign 6 (215).jpeg,train,6,32,400,400,accepted
data\isl_alphabet_digits\train\6\Sign 6 (141).jpeg,train,6,32,400,400,accepted
data\isl_alphabet_digits\train\6\Sign 6 (233).jpeg,train,6,32,400,400,accepted
data\isl_alphabet_digits\train\6\Output Image -306.jpg,train,6,32,400,400,accepted
data\isl_alphabet_digits\train\6\Sign 6 (437).jpeg,train,6,32,400,400,accepted
data\isl_alphabet_digits\train\6\Output Image -341.jpg,train,6,32,400,400,accepted
data\isl_alphabet_digits\train\6\Output Image -485.jpg,train,6,32,400,400,accepted
data\isl_alphabet_digits\train\6\Output Image -251.jpg,train,6,32,400,400,accepted
data\isl_alphabet_digits\train\6\Sign 6 (72).jpeg,train,6,32,400,400,accepted
data\isl_alphabet_digits\train\6\Sign 6 (304).jpeg,train,6,32,400,400,accepted
data\isl_alphabet_digits\train\6\Output Image -189.jpg,train,6,32,400,400,accepted
data\isl_alphabet_digits\train\6\Output Image -408.jpg,train,6,32,400,400,accepted
data\isl_alphabet_digits\train\6\Output Image -323.jpg,train,6,32,400,400,accepted
data\isl_alphabet_digits\train\6\Output Image -157.jpg,train,6,32,400,400,accepted
data\isl_alphabet_digits\train\6\Sign 6 (185).jpeg,train,6,32,400,400,accepted
data\isl_alphabet_digits\train\6\Sign 6 (191).jpeg,train,6,32,400,400,accepted
data\isl_alphabet_digits\train\6\Sign 6 (469).jpeg,train,6,32,400,400,accepted
data\isl_alphabet_digits\train\6\Output Image -347.jpg,train,6,32,400,400,accepted
data\isl_alphabet_digits\train\6\Output Image -171.jpg,train,6,32,400,400,accepted
data\isl_alphabet_digits\train\6\Sign 6 (339).jpeg,train,6,32,400,400,accepted
data\isl_alphabet_digits\train\6\Sign 6 (247).jpeg,train,6,32,400,400,accepted
data\isl_alphabet_digits\train\6\Output Image -11.jpg,train,6,32,400,400,accepted
data\isl_alphabet_digits\train\6\Sign 6 (337).jpeg,train,6,32,400,400,accepted
data\isl_alphabet_digits\train\6\Output Image -215.jpg,train,6,32,400,400,accepted
data\isl_alphabet_digits\train\6\Output Image -288.jpg,train,6,32,400,400,accepted
data\isl_alphabet_digits\train\6\Sign 6 (172).jpeg,train,6,32,400,400,accepted
data\isl_alphabet_digits\train\6\Output Image -64.jpg,train,6,32,400,400,accepted
data\isl_alphabet_digits\train\6\Sign 6 (498).jpeg,train,6,32,400,400,accepted
data\isl_alphabet_digits\train\6\Output Image -445.jpg,train,6,32,400,400,accepted
data\isl_alphabet_digits\train\6\Sign 6 (426).jpeg,train,6,32,400,400,accepted
data\isl_alphabet_digits\train\6\Output Image -40.jpg,train,6,32,400,400,accepted
data\isl_alphabet_digits\train\6\Output Image -156.jpg,train,6,32,400,400,accepted
data\isl_alphabet_digits\train\6\Sign 6 (259).jpeg,train,6,32,400,400,accepted
data\isl_alphabet_digits\train\6\Sign 6 (450).jpeg,train,6,32,400,400,accepted
data\isl_alphabet_digits\train\6\Output Image -366.jpg,train,6,32,400,400,accepted
data\isl_alphabet_digits\train\6\Output Image -122.jpg,train,6,32,400,400,accepted
data\isl_alphabet_digits\train\6\Sign 6 (159).jpeg,train,6,32,400,400,accepted
data\isl_alphabet_digits\train\6\Sign 6 (363).jpeg,train,6,32,400,400,accepted
data\isl_alphabet_digits\train\6\Sign 6 (181).jpeg,train,6,32,400,400,accepted
data\isl_alphabet_digits\train\6\Output Image -136.jpg,train,6,32,400,400,accepted
data\isl_alphabet_digits\train\6\Sign 6 (369).jpeg,train,6,32,400,400,accepted
data\isl_alphabet_digits\train\6\Sign 6 (131).jpeg,train,6,32,400,400,accepted
data\isl_alphabet_digits\train\6\Output Image -432.jpg,train,6,32,400,400,accepted
data\isl_alphabet_digits\train\6\Sign 6 (45).jpeg,train,6,32,400,400,accepted
data\isl_alphabet_digits\train\6\Output Image -198.jpg,train,6,32,400,400,accepted
data\isl_alphabet_digits\train\6\Output Image -210.jpg,train,6,32,400,400,accepted
data\isl_alphabet_digits\train\6\Sign 6 (473).jpeg,train,6,32,400,400,accepted
data\isl_alphabet_digits\train\6\Sign 6 (99).jpeg,train,6,32,400,400,accepted
data\isl_alphabet_digits\train\6\Sign 6 (440).jpeg,train,6,32,400,400,accepted
data\isl_alphabet_digits\train\6\Output Image -131.jpg,train,6,32,400,400,accepted
data\isl_alphabet_digits\train\6\Output Image -130.jpg,train,6,32,400,400,accepted
data\isl_alphabet_digits\train\6\Sign 6 (402).jpeg,train,6,32,400,400,accepted
data\isl_alphabet_digits\train\6\Output Image -46.jpg,train,6,32,400,400,accepted
data\isl_alphabet_digits\train\6\Output Image -404.jpg,train,6,32,400,400,accepted
data\isl_alphabet_digits\train\6\Sign 6 (68).jpeg,train,6,32,400,400,accepted
data\isl_alphabet_digits\train\6\Output Image -454.jpg,train,6,32,400,400,accepted
data\isl_alphabet_digits\train\6\Output Image -51.jpg,train,6,32,400,400,accepted
data\isl_alphabet_digits\train\6\Sign 6 (188).jpeg,train,6,32,400,400,accepted
data\isl_alphabet_digits\train\6\Output Image -192.jpg,train,6,32,400,400,accepted
data\isl_alphabet_digits\train\6\Output Image -132.jpg,train,6,32,400,400,accepted
data\isl_alphabet_digits\train\6\Output Image -110.jpg,train,6,32,400,400,accepted
data\isl_alphabet_digits\train\6\Sign 6 (22).jpeg,train,6,32,400,400,accepted
data\isl_alphabet_digits\train\6\Sign 6 (162).jpeg,train,6,32,400,400,accepted
data\isl_alphabet_digits\train\6\Sign 6 (445).jpeg,train,6,32,400,400,accepted
data\isl_alphabet_digits\train\6\Output Image -168.jpg,train,6,32,400,400,accepted
data\isl_alphabet_digits\train\6\Output Image -256.jpg,train,6,32,400,400,accepted
data\isl_alphabet_digits\train\6\Output Image -190.jpg,train,6,32,400,400,accepted
data\isl_alphabet_digits\train\6\Sign 6 (249).jpeg,train,6,32,400,400,accepted
data\isl_alphabet_digits\train\6\Output Image -101.jpg,train,6,32,400,400,accepted
data\isl_alphabet_digits\train\6\Sign 6 (228).jpeg,train,6,32,400,400,accepted
data\isl_alphabet_digits\train\6\Output Image -107.jpg,train,6,32,400,400,accepted
data\isl_alphabet_digits\train\6\Output Image -433.jpg,train,6,32,400,400,accepted
data\isl_alphabet_digits\train\6\Output Image -303.jpg,train,6,32,400,400,accepted
data\isl_alphabet_digits\train\6\Sign 6 (122).jpeg,train,6,32,400,400,accepted
data\isl_alphabet_digits\train\6\Output Image -176.jpg,train,6,32,400,400,accepted
data\isl_alphabet_digits\train\6\Output Image -193.jpg,train,6,32,400,400,accepted
data\isl_alphabet_digits\train\6\Output Image -487.jpg,train,6,32,400,400,accepted
data\isl_alphabet_digits\train\6\Sign 6 (499).jpeg,train,6,32,400,400,accepted
data\isl_alphabet_digits\train\6\Output Image -462.jpg,train,6,32,400,400,accepted
data\isl_alphabet_digits\train\6\Sign 6 (207).jpeg,train,6,32,400,400,accepted
data\isl_alphabet_digits\train\6\Output Image -22.jpg,train,6,32,400,400,accepted
data\isl_alphabet_digits\train\6\Output Image -23.jpg,train,6,32,400,400,accepted
data\isl_alphabet_digits\train\6\Output Image -350.jpg,train,6,32,400,400,accepted
data\isl_alphabet_digits\train\6\Output Image -8.jpg,train,6,32,400,400,accepted
data\isl_alphabet_digits\train\6\Output Image -139.jpg,train,6,32,400,400,accepted
data\isl_alphabet_digits\train\6\Output Image -151.jpg,train,6,32,400,400,accepted
data\isl_alphabet_digits\train\6\Sign 6 (97).jpeg,train,6,32,400,400,accepted
data\isl_alphabet_digits\train\6\Sign 6 (290).jpeg,train,6,32,400,400,accepted
data\isl_alphabet_digits\train\6\Output Image -387.jpg,train,6,32,400,400,accepted
data\isl_alphabet_digits\train\6\Sign 6 (167).jpeg,train,6,32,400,400,accepted
data\isl_alphabet_digits\train\6\Output Image -311.jpg,train,6,32,400,400,accepted
data\isl_alphabet_digits\train\6\Sign 6 (289).jpeg,train,6,32,400,400,accepted
data\isl_alphabet_digits\train\6\Output Image -179.jpg,train,6,32,400,400,accepted
data\isl_alphabet_digits\train\6\Output Image -384.jpg,train,6,32,400,400,accepted
data\isl_alphabet_digits\train\6\Output Image -406.jpg,train,6,32,400,400,accepted
data\isl_alphabet_digits\train\6\Output Image -197.jpg,train,6,32,400,400,accepted
data\isl_alphabet_digits\train\6\Sign 6 (368).jpeg,train,6,32,400,400,accepted
data\isl_alphabet_digits\train\6\Output Image -430.jpg,train,6,32,400,400,accepted
data\isl_alphabet_digits\train\6\Output Image -245.jpg,train,6,32,400,400,accepted
data\isl_alphabet_digits\train\6\Sign 6 (234).jpeg,train,6,32,400,400,accepted
data\isl_alphabet_digits\train\6\Output Image -498.jpg,train,6,32,400,400,accepted
data\isl_alphabet_digits\train\6\Output Image -460.jpg,train,6,32,400,400,accepted
data\isl_alphabet_digits\train\6\Sign 6 (144).jpeg,train,6,32,400,400,accepted
data\isl_alphabet_digits\train\6\Sign 6 (265).jpeg,train,6,32,400,400,accepted
data\isl_alphabet_digits\train\6\Sign 6 (118).jpeg,train,6,32,400,400,accepted
data\isl_alphabet_digits\train\6\Output Image -435.jpg,train,6,32,400,400,accepted
data\isl_alphabet_digits\train\6\Sign 6 (284).jpeg,train,6,32,400,400,accepted
data\isl_alphabet_digits\train\6\Output Image -32.jpg,train,6,32,400,400,accepted
data\isl_alphabet_digits\train\6\Output Image -5.jpg,train,6,32,400,400,accepted
data\isl_alphabet_digits\train\6\Output Image -49.jpg,train,6,32,400,400,accepted
data\isl_alphabet_digits\train\6\Sign 6 (270).jpeg,train,6,32,400,400,accepted
data\isl_alphabet_digits\train\6\Sign 6 (211).jpeg,train,6,32,400,400,accepted
data\isl_alphabet_digits\train\6\Sign 6 (340).jpeg,train,6,32,400,400,accepted
data\isl_alphabet_digits\train\6\Sign 6 (107).jpeg,train,6,32,400,400,accepted
data\isl_alphabet_digits\train\6\Sign 6 (461).jpeg,train,6,32,400,400,accepted
data\isl_alphabet_digits\train\6\Sign 6 (150).jpeg,train,6,32,400,400,accepted
data\isl_alphabet_digits\train\6\Output Image -358.jpg,train,6,32,400,400,accepted
data\isl_alphabet_digits\train\6\Output Image -346.jpg,train,6,32,400,400,accepted
data\isl_alphabet_digits\train\6\Sign 6 (315).jpeg,train,6,32,400,400,accepted
data\isl_alphabet_digits\train\6\Output Image -146.jpg,train,6,32,400,400,accepted
data\isl_alphabet_digits\train\6\Output Image -99.jpg,train,6,32,400,400,accepted
data\isl_alphabet_digits\train\6\Sign 6 (241).jpeg,train,6,32,400,400,accepted
data\isl_alphabet_digits\train\6\Sign 6 (157).jpeg,train,6,32,400,400,accepted
data\isl_alphabet_digits\train\6\Output Image -340.jpg,train,6,32,400,400,accepted
data\isl_alphabet_digits\train\6\Sign 6 (112).jpeg,train,6,32,400,400,accepted
data\isl_alphabet_digits\train\6\Sign 6 (8).jpeg,train,6,32,400,400,accepted
data\isl_alphabet_digits\train\6\Sign 6 (126).jpeg,train,6,32,400,400,accepted
data\isl_alphabet_digits\train\6\Output Image -480.jpg,train,6,32,400,400,accepted
data\isl_alphabet_digits\train\6\Output Image -241.jpg,train,6,32,400,400,accepted
data\isl_alphabet_digits\train\6\Output Image -479.jpg,train,6,32,400,400,accepted
data\isl_alphabet_digits\train\6\Sign 6 (479).jpeg,train,6,32,400,400,accepted
data\isl_alphabet_digits\train\6\Sign 6 (76).jpeg,train,6,32,400,400,accepted
data\isl_alphabet_digits\train\6\Sign 6 (410).jpeg,train,6,32,400,400,accepted
data\isl_alphabet_digits\train\6\Sign 6 (455).jpeg,train,6,32,400,400,accepted
data\isl_alphabet_digits\train\6\Sign 6 (486).jpeg,train,6,32,400,400,accepted
data\isl_alphabet_digits\train\6\Output Image -41.jpg,train,6,32,400,400,accepted
data\isl_alphabet_digits\train\6\Output Image -161.jpg,train,6,32,400,400,accepted
data\isl_alphabet_digits\train\6\Output Image -393.jpg,train,6,32,400,400,accepted
data\isl_alphabet_digits\train\6\Sign 6 (419).jpeg,train,6,32,400,400,accepted
data\isl_alphabet_digits\train\6\Sign 6 (161).jpeg,train,6,32,400,400,accepted
data\isl_alphabet_digits\train\6\Output Image -20.jpg,train,6,32,400,400,accepted
data\isl_alphabet_digits\train\6\Sign 6 (85).jpeg,train,6,32,400,400,accepted
data\isl_alphabet_digits\train\6\Output Image -474.jpg,train,6,32,400,400,accepted
data\isl_alphabet_digits\train\6\Sign 6 (138).jpeg,train,6,32,400,400,accepted
data\isl_alphabet_digits\train\6\Output Image -304.jpg,train,6,32,400,400,accepted
data\isl_alphabet_digits\train\6\Sign 6 (94).jpeg,train,6,32,400,400,accepted
data\isl_alphabet_digits\train\6\Output Image -252.jpg,train,6,32,400,400,accepted
data\isl_alphabet_digits\train\6\Sign 6 (360).jpeg,train,6,32,400,400,accepted
data\isl_alphabet_digits\train\6\Output Image -308.jpg,train,6,32,400,400,accepted
data\isl_alphabet_digits\train\6\Output Image -207.jpg,train,6,32,400,400,accepted
data\isl_alphabet_digits\train\6\Output Image -65.jpg,train,6,32,400,400,accepted
data\isl_alphabet_digits\train\6\Output Image -345.jpg,train,6,32,400,400,accepted
data\isl_alphabet_digits\train\6\Output Image -338.jpg,train,6,32,400,400,accepted
data\isl_alphabet_digits\train\6\Output Image -289.jpg,train,6,32,400,400,accepted
data\isl_alphabet_digits\train\6\Sign 6 (404).jpeg,train,6,32,400,400,accepted
data\isl_alphabet_digits\train\6\Output Image -165.jpg,train,6,32,400,400,accepted
data\isl_alphabet_digits\train\6\Output Image -357.jpg,train,6,32,400,400,accepted
data\isl_alphabet_digits\train\6\Output Image -315.jpg,train,6,32,400,400,accepted
data\isl_alphabet_digits\train\6\Output Image -147.jpg,train,6,32,400,400,accepted
data\isl_alphabet_digits\train\6\Sign 6 (308).jpeg,train,6,32,400,400,accepted
data\isl_alphabet_digits\train\6\Sign 6 (143).jpeg,train,6,32,400,400,accepted
data\isl_alphabet_digits\train\6\Output Image -447.jpg,train,6,32,400,400,accepted
data\isl_alphabet_digits\train\6\Sign 6 (212).jpeg,train,6,32,400,400,accepted
data\isl_alphabet_digits\train\6\Sign 6 (287).jpeg,train,6,32,400,400,accepted
data\isl_alphabet_digits\train\6\Output Image -291.jpg,train,6,32,400,400,accepted
data\isl_alphabet_digits\train\6\Sign 6 (424).jpeg,train,6,32,400,400,accepted
data\isl_alphabet_digits\train\6\Output Image -368.jpg,train,6,32,400,400,accepted
data\isl_alphabet_digits\train\6\Sign 6 (462).jpeg,train,6,32,400,400,accepted
data\isl_alphabet_digits\train\6\Sign 6 (186).jpeg,train,6,32,400,400,accepted
data\isl_alphabet_digits\train\6\Sign 6 (226).jpeg,train,6,32,400,400,accepted
data\isl_alphabet_digits\train\6\Sign 6 (295).jpeg,train,6,32,400,400,accepted
data\isl_alphabet_digits\train\6\Output Image -331.jpg,train,6,32,400,400,accepted
data\isl_alphabet_digits\train\6\Sign 6 (378).jpeg,train,6,32,400,400,accepted
data\isl_alphabet_digits\train\6\Output Image -96.jpg,train,6,32,400,400,accepted
data\isl_alphabet_digits\train\6\Sign 6 (198).jpeg,train,6,32,400,400,accepted
data\isl_alphabet_digits\train\6\Output Image -78.jpg,train,6,32,400,400,accepted
data\isl_alphabet_digits\train\6\Output Image -125.jpg,train,6,32,400,400,accepted
data\isl_alphabet_digits\train\6\Sign 6 (101).jpeg,train,6,32,400,400,accepted
data\isl_alphabet_digits\train\6\Output Image -229.jpg,train,6,32,400,400,accepted
data\isl_alphabet_digits\train\6\Sign 6 (218).jpeg,train,6,32,400,400,accepted
data\isl_alphabet_digits\train\6\Output Image -119.jpg,train,6,32,400,400,accepted
data\isl_alphabet_digits\train\6\Output Image -400.jpg,train,6,32,400,400,accepted
data\isl_alphabet_digits\train\6\Output Image -482.jpg,train,6,32,400,400,accepted
data\isl_alphabet_digits\train\6\Output Image -231.jpg,train,6,32,400,400,accepted
data\isl_alphabet_digits\train\6\Sign 6 (489).jpeg,train,6,32,400,400,accepted
data\isl_alphabet_digits\train\6\Output Image -141.jpg,train,6,32,400,400,accepted
data\isl_alphabet_digits\train\6\Output Image -243.jpg,train,6,32,400,400,accepted
data\isl_alphabet_digits\train\6\Output Image -428.jpg,train,6,32,400,400,accepted
data\isl_alphabet_digits\train\6\Output Image -37.jpg,train,6,32,400,400,accepted
data\isl_alphabet_digits\train\6\Sign 6 (34).jpeg,train,6,32,400,400,accepted
data\isl_alphabet_digits\train\6\Output Image -7.jpg,train,6,32,400,400,accepted
data\isl_alphabet_digits\train\6\Output Image -390.jpg,train,6,32,400,400,accepted
data\isl_alphabet_digits\train\6\Output Image -185.jpg,train,6,32,400,400,accepted
data\isl_alphabet_digits\train\6\Output Image -300.jpg,train,6,32,400,400,accepted
data\isl_alphabet_digits\train\6\Sign 6 (243).jpeg,train,6,32,400,400,accepted
data\isl_alphabet_digits\train\6\Sign 6 (271).jpeg,train,6,32,400,400,accepted
data\isl_alphabet_digits\train\6\Output Image -283.jpg,train,6,32,400,400,accepted
data\isl_alphabet_digits\train\6\Output Image -263.jpg,train,6,32,400,400,accepted
data\isl_alphabet_digits\train\6\Output Image -319.jpg,train,6,32,400,400,accepted
data\isl_alphabet_digits\train\6\Sign 6 (64).jpeg,train,6,32,400,400,accepted
data\isl_alphabet_digits\train\6\Output Image -39.jpg,train,6,32,400,400,accepted
data\isl_alphabet_digits\train\6\Output Image -424.jpg,train,6,32,400,400,accepted
data\isl_alphabet_digits\train\6\Output Image -476.jpg,train,6,32,400,400,accepted
data\isl_alphabet_digits\train\6\Sign 6 (251).jpeg,train,6,32,400,400,accepted
data\isl_alphabet_digits\train\6\Output Image -305.jpg,train,6,32,400,400,accepted
data\isl_alphabet_digits\train\6\Sign 6 (231).jpeg,train,6,32,400,400,accepted
data\isl_alphabet_digits\train\6\Output Image -322.jpg,train,6,32,400,400,accepted
data\isl_alphabet_digits\train\6\Output Image -301.jpg,train,6,32,400,400,accepted
data\isl_alphabet_digits\train\6\Sign 6 (253).jpeg,train,6,32,400,400,accepted
data\isl_alphabet_digits\train\6\Output Image -309.jpg,train,6,32,400,400,accepted
data\isl_alphabet_digits\train\6\Sign 6 (15).jpeg,train,6,32,400,400,accepted
data\isl_alphabet_digits\train\6\Sign 6 (59).jpeg,train,6,32,400,400,accepted
data\isl_alphabet_digits\train\6\Sign 6 (216).jpeg,train,6,32,400,400,accepted
data\isl_alphabet_digits\train\6\Output Image -364.jpg,train,6,32,400,400,accepted
data\isl_alphabet_digits\train\6\Sign 6 (335).jpeg,train,6,32,400,400,accepted
data\isl_alphabet_digits\train\6\Sign 6 (272).jpeg,train,6,32,400,400,accepted
data\isl_alphabet_digits\train\6\Output Image -254.jpg,train,6,32,400,400,accepted
data\isl_alphabet_digits\train\6\Output Image -188.jpg,train,6,32,400,400,accepted
data\isl_alphabet_digits\train\6\Output Image -204.jpg,train,6,32,400,400,accepted
data\isl_alphabet_digits\train\6\Sign 6 (420).jpeg,train,6,32,400,400,accepted
data\isl_alphabet_digits\train\6\Output Image -264.jpg,train,6,32,400,400,accepted
data\isl_alphabet_digits\train\6\Sign 6 (313).jpeg,train,6,32,400,400,accepted
data\isl_alphabet_digits\train\6\Sign 6 (38).jpeg,train,6,32,400,400,accepted
data\isl_alphabet_digits\train\6\Output Image -446.jpg,train,6,32,400,400,accepted
data\isl_alphabet_digits\train\6\Sign 6 (418).jpeg,train,6,32,400,400,accepted
data\isl_alphabet_digits\train\6\Sign 6 (48).jpeg,train,6,32,400,400,accepted
data\isl_alphabet_digits\train\6\Output Image -235.jpg,train,6,32,400,400,accepted
data\isl_alphabet_digits\train\6\Output Image -294.jpg,train,6,32,400,400,accepted
data\isl_alphabet_digits\train\6\Sign 6 (397).jpeg,train,6,32,400,400,accepted
data\isl_alphabet_digits\train\6\Sign 6 (393).jpeg,train,6,32,400,400,accepted
data\isl_alphabet_digits\train\6\Output Image -469.jpg,train,6,32,400,400,accepted
data\isl_alphabet_digits\train\6\Output Image -127.jpg,train,6,32,400,400,accepted
data\isl_alphabet_digits\train\6\Sign 6 (454).jpeg,train,6,32,400,400,accepted
data\isl_alphabet_digits\train\6\Output Image -493.jpg,train,6,32,400,400,accepted
data\isl_alphabet_digits\train\6\Output Image -298.jpg,train,6,32,400,400,accepted
data\isl_alphabet_digits\train\6\Sign 6 (37).jpeg,train,6,32,400,400,accepted
data\isl_alphabet_digits\train\6\Sign 6 (237).jpeg,train,6,32,400,400,accepted
data\isl_alphabet_digits\train\6\Output Image -25.jpg,train,6,32,400,400,accepted
data\isl_alphabet_digits\train\6\Output Image -47.jpg,train,6,32,400,400,accepted
data\isl_alphabet_digits\train\6\Sign 6 (329).jpeg,train,6,32,400,400,accepted
data\isl_alphabet_digits\train\6\Sign 6 (332).jpeg,train,6,32,400,400,accepted
data\isl_alphabet_digits\train\6\Output Image -86.jpg,train,6,32,400,400,accepted
data\isl_alphabet_digits\train\6\Sign 6 (262).jpeg,train,6,32,400,400,accepted
data\isl_alphabet_digits\train\6\Output Image -286.jpg,train,6,32,400,400,accepted
data\isl_alphabet_digits\train\6\Sign 6 (9).jpeg,train,6,32,400,400,accepted
data\isl_alphabet_digits\train\6\Output Image -335.jpg,train,6,32,400,400,accepted
data\isl_alphabet_digits\train\6\Sign 6 (436).jpeg,train,6,32,400,400,accepted
data\isl_alphabet_digits\train\6\Sign 6 (119).jpeg,train,6,32,400,400,accepted
data\isl_alphabet_digits\train\6\Sign 6 (116).jpeg,train,6,32,400,400,accepted
data\isl_alphabet_digits\train\6\Sign 6 (19).jpeg,train,6,32,400,400,accepted
data\isl_alphabet_digits\train\6\Output Image -475.jpg,train,6,32,400,400,accepted
data\isl_alphabet_digits\train\6\Output Image -270.jpg,train,6,32,400,400,accepted
data\isl_alphabet_digits\train\6\Sign 6 (171).jpeg,train,6,32,400,400,accepted
data\isl_alphabet_digits\train\6\Sign 6 (169).jpeg,train,6,32,400,400,accepted
data\isl_alphabet_digits\train\6\Sign 6 (413).jpeg,train,6,32,400,400,accepted
data\isl_alphabet_digits\train\6\Sign 6 (317).jpeg,train,6,32,400,400,accepted
data\isl_alphabet_digits\train\6\Sign 6 (242).jpeg,train,6,32,400,400,accepted
data\isl_alphabet_digits\train\6\Sign 6 (474).jpeg,train,6,32,400,400,accepted
data\isl_alphabet_digits\train\6\Sign 6 (225).jpeg,train,6,32,400,400,accepted
data\isl_alphabet_digits\train\6\Sign 6 (217).jpeg,train,6,32,400,400,accepted
data\isl_alphabet_digits\train\6\Output Image -89.jpg,train,6,32,400,400,accepted
data\isl_alphabet_digits\train\6\Output Image -395.jpg,train,6,32,400,400,accepted
data\isl_alphabet_digits\train\6\Output Image -370.jpg,train,6,32,400,400,accepted
data\isl_alphabet_digits\train\6\Output Image -129.jpg,train,6,32,400,400,accepted
data\isl_alphabet_digits\train\6\Sign 6 (431).jpeg,train,6,32,400,400,accepted
data\isl_alphabet_digits\train\6\Output Image -87.jpg,train,6,32,400,400,accepted
data\isl_alphabet_digits\train\6\Sign 6 (182).jpeg,train,6,32,400,400,accepted
data\isl_alphabet_digits\train\6\Sign 6 (409).jpeg,train,6,32,400,400,accepted
data\isl_alphabet_digits\train\6\Output Image -253.jpg,train,6,32,400,400,accepted
data\isl_alphabet_digits\train\6\Output Image -48.jpg,train,6,32,400,400,accepted
data\isl_alphabet_digits\train\6\Sign 6 (146).jpeg,train,6,32,400,400,accepted
data\isl_alphabet_digits\train\6\Output Image -436.jpg,train,6,32,400,400,accepted
data\isl_alphabet_digits\train\6\Sign 6 (357).jpeg,train,6,32,400,400,accepted
data\isl_alphabet_digits\train\6\Output Image -386.jpg,train,6,32,400,400,accepted
data\isl_alphabet_digits\train\6\Sign 6 (127).jpeg,train,6,32,400,400,accepted
data\isl_alphabet_digits\train\6\Output Image -477.jpg,train,6,32,400,400,accepted
data\isl_alphabet_digits\train\6\Output Image -278.jpg,train,6,32,400,400,accepted
data\isl_alphabet_digits\train\6\Output Image -486.jpg,train,6,32,400,400,accepted
data\isl_alphabet_digits\train\6\Sign 6 (199).jpeg,train,6,32,400,400,accepted
data\isl_alphabet_digits\train\6\Sign 6 (206).jpeg,train,6,32,400,400,accepted
data\isl_alphabet_digits\train\6\Output Image -74.jpg,train,6,32,400,400,accepted
data\isl_alphabet_digits\train\6\Sign 6 (266).jpeg,train,6,32,400,400,accepted
data\isl_alphabet_digits\train\6\Output Image -262.jpg,train,6,32,400,400,accepted
data\isl_alphabet_digits\train\6\Output Image -194.jpg,train,6,32,400,400,accepted
data\isl_alphabet_digits\train\6\Sign 6 (345).jpeg,train,6,32,400,400,accepted
data\isl_alphabet_digits\train\6\Output Image -325.jpg,train,6,32,400,400,accepted
data\isl_alphabet_digits\train\6\Sign 6 (227).jpeg,train,6,32,400,400,accepted
data\isl_alphabet_digits\train\6\Sign 6 (124).jpeg,train,6,32,400,400,accepted
data\isl_alphabet_digits\train\6\Output Image -265.jpg,train,6,32,400,400,accepted
data\isl_alphabet_digits\train\6\Output Image -431.jpg,train,6,32,400,400,accepted
data\isl_alphabet_digits\train\6\Output Image -70.jpg,train,6,32,400,400,accepted
data\isl_alphabet_digits\train\6\Output Image -257.jpg,train,6,32,400,400,accepted
data\isl_alphabet_digits\train\6\Sign 6 (468).jpeg,train,6,32,400,400,accepted
data\isl_alphabet_digits\train\6\Output Image -106.jpg,train,6,32,400,400,accepted
data\isl_alphabet_digits\train\6\Sign 6 (366).jpeg,train,6,32,400,400,accepted
data\isl_alphabet_digits\train\6\Output Image -416.jpg,train,6,32,400,400,accepted
data\isl_alphabet_digits\train\6\Sign 6 (361).jpeg,train,6,32,400,400,accepted
data\isl_alphabet_digits\train\6\Sign 6 (39).jpeg,train,6,32,400,400,accepted
data\isl_alphabet_digits\train\6\Sign 6 (417).jpeg,train,6,32,400,400,accepted
data\isl_alphabet_digits\train\6\Output Image -351.jpg,train,6,32,400,400,accepted
data\isl_alphabet_digits\train\6\Sign 6 (323).jpeg,train,6,32,400,400,accepted
data\isl_alphabet_digits\train\6\Output Image -52.jpg,train,6,32,400,400,accepted
data\isl_alphabet_digits\train\6\Output Image -492.jpg,train,6,32,400,400,accepted
data\isl_alphabet_digits\train\6\Output Image -463.jpg,train,6,32,400,400,accepted
data\isl_alphabet_digits\train\6\Sign 6 (177).jpeg,train,6,32,400,400,accepted
data\isl_alphabet_digits\train\6\Sign 6 (60).jpeg,train,6,32,400,400,accepted
data\isl_alphabet_digits\train\6\Output Image -57.jpg,train,6,32,400,400,accepted
data\isl_alphabet_digits\train\6\Sign 6 (441).jpeg,train,6,32,400,400,accepted
data\isl_alphabet_digits\train\6\Sign 6 (267).jpeg,train,6,32,400,400,accepted
data\isl_alphabet_digits\train\6\Output Image -473.jpg,train,6,32,400,400,accepted
data\isl_alphabet_digits\train\6\Output Image -126.jpg,train,6,32,400,400,accepted
data\isl_alphabet_digits\train\6\Output Image -455.jpg,train,6,32,400,400,accepted
data\isl_alphabet_digits\train\6\Output Image -246.jpg,train,6,32,400,400,accepted
data\isl_alphabet_digits\train\6\Output Image -443.jpg,train,6,32,400,400,accepted
data\isl_alphabet_digits\train\6\Output Image -495.jpg,train,6,32,400,400,accepted
data\isl_alphabet_digits\train\6\Output Image -155.jpg,train,6,32,400,400,accepted
data\isl_alphabet_digits\train\6\Output Image -438.jpg,train,6,32,400,400,accepted
data\isl_alphabet_digits\train\6\Sign 6 (428).jpeg,train,6,32,400,400,accepted
data\isl_alphabet_digits\train\6\Sign 6 (46).jpeg,train,6,32,400,400,accepted
data\isl_alphabet_digits\train\6\Output Image -403.jpg,train,6,32,400,400,accepted
data\isl_alphabet_digits\train\6\Output Image -287.jpg,train,6,32,400,400,accepted
data\isl_alphabet_digits\train\6\Output Image -203.jpg,train,6,32,400,400,accepted
data\isl_alphabet_digits\train\6\Sign 6 (296).jpeg,train,6,32,400,400,accepted
data\isl_alphabet_digits\train\6\Sign 6 (456).jpeg,train,6,32,400,400,accepted
data\isl_alphabet_digits\train\6\Sign 6 (223).jpeg,train,6,32,400,400,accepted
data\isl_alphabet_digits\train\6\Sign 6 (7).jpeg,train,6,32,400,400,accepted
data\isl_alphabet_digits\train\6\Sign 6 (121).jpeg,train,6,32,400,400,accepted
data\isl_alphabet_digits\train\6\Output Image -56.jpg,train,6,32,400,400,accepted
data\isl_alphabet_digits\train\6\Output Image -377.jpg,train,6,32,400,400,accepted
data\isl_alphabet_digits\train\6\Output Image -43.jpg,train,6,32,400,400,accepted
data\isl_alphabet_digits\train\6\Sign 6 (466).jpeg,train,6,32,400,400,accepted
data\isl_alphabet_digits\train\6\Sign 6 (354).jpeg,train,6,32,400,400,accepted
data\isl_alphabet_digits\train\6\Sign 6 (439).jpeg,train,6,32,400,400,accepted
data\isl_alphabet_digits\train\6\Output Image -112.jpg,train,6,32,400,400,accepted
data\isl_alphabet_digits\train\6\Sign 6 (20).jpeg,train,6,32,400,400,accepted
data\isl_alphabet_digits\train\6\Output Image -334.jpg,train,6,32,400,400,accepted
data\isl_alphabet_digits\train\6\Sign 6 (349).jpeg,train,6,32,400,400,accepted
data\isl_alphabet_digits\train\6\Sign 6 (311).jpeg,train,6,32,400,400,accepted
data\isl_alphabet_digits\train\6\Sign 6 (166).jpeg,train,6,32,400,400,accepted
data\isl_alphabet_digits\train\6\Sign 6 (263).jpeg,train,6,32,400,400,accepted
data\isl_alphabet_digits\train\6\Sign 6 (202).jpeg,train,6,32,400,400,accepted
data\isl_alphabet_digits\train\6\Output Image -494.jpg,train,6,32,400,400,accepted
data\isl_alphabet_digits\train\6\Sign 6 (153).jpeg,train,6,32,400,400,accepted
data\isl_alphabet_digits\train\6\Output Image -230.jpg,train,6,32,400,400,accepted
data\isl_alphabet_digits\train\6\Output Image -225.jpg,train,6,32,400,400,accepted
data\isl_alphabet_digits\train\6\Output Image -373.jpg,train,6,32,400,400,accepted
data\isl_alphabet_digits\train\6\Sign 6 (4).jpeg,train,6,32,400,400,accepted
data\isl_alphabet_digits\train\6\Output Image -154.jpg,train,6,32,400,400,accepted
data\isl_alphabet_digits\train\6\Output Image -282.jpg,train,6,32,400,400,accepted
data\isl_alphabet_digits\train\6\Output Image -199.jpg,train,6,32,400,400,accepted
data\isl_alphabet_digits\train\6\Output Image -183.jpg,train,6,32,400,400,accepted
data\isl_alphabet_digits\train\6\Sign 6 (235).jpeg,train,6,32,400,400,accepted
data\isl_alphabet_digits\train\6\Output Image -167.jpg,train,6,32,400,400,accepted
data\isl_alphabet_digits\train\6\Sign 6 (80).jpeg,train,6,32,400,400,accepted
data\isl_alphabet_digits\train\6\Sign 6 (275).jpeg,train,6,32,400,400,accepted
data\isl_alphabet_digits\train\6\Output Image -344.jpg,train,6,32,400,400,accepted
data\isl_alphabet_digits\train\6\Output Image -138.jpg,train,6,32,400,400,accepted
data\isl_alphabet_digits\train\6\Sign 6 (25).jpeg,train,6,32,400,400,accepted
data\isl_alphabet_digits\train\6\Sign 6 (246).jpeg,train,6,32,400,400,accepted
data\isl_alphabet_digits\train\6\Sign 6 (293).jpeg,train,6,32,400,400,accepted
data\isl_alphabet_digits\train\6\Sign 6 (487).jpeg,train,6,32,400,400,accepted
data\isl_alphabet_digits\train\6\Sign 6 (92).jpeg,train,6,32,400,400,accepted
data\isl_alphabet_digits\train\6\Output Image -60.jpg,train,6,32,400,400,accepted
data\isl_alphabet_digits\train\6\Sign 6 (330).jpeg,train,6,32,400,400,accepted
data\isl_alphabet_digits\train\6\Sign 6 (365).jpeg,train,6,32,400,400,accepted
data\isl_alphabet_digits\train\6\Output Image -491.jpg,train,6,32,400,400,accepted
data\isl_alphabet_digits\train\6\Output Image -321.jpg,train,6,32,400,400,accepted
data\isl_alphabet_digits\train\6\Output Image -238.jpg,train,6,32,400,400,accepted
data\isl_alphabet_digits\train\6\Sign 6 (232).jpeg,train,6,32,400,400,accepted
data\isl_alphabet_digits\train\6\Output Image -234.jpg,train,6,32,400,400,accepted
data\isl_alphabet_digits\train\6\Sign 6 (279).jpeg,train,6,32,400,400,accepted
data\isl_alphabet_digits\train\6\Output Image -113.jpg,train,6,32,400,400,accepted
data\isl_alphabet_digits\train\6\Output Image -30.jpg,train,6,32,400,400,accepted
data\isl_alphabet_digits\train\6\Output Image -459.jpg,train,6,32,400,400,accepted
data\isl_alphabet_digits\train\6\Sign 6 (47).jpeg,train,6,32,400,400,accepted
data\isl_alphabet_digits\train\6\Sign 6 (478).jpeg,train,6,32,400,400,accepted
data\isl_alphabet_digits\train\6\Sign 6 (79).jpeg,train,6,32,400,400,accepted
data\isl_alphabet_digits\train\6\Output Image -28.jpg,train,6,32,400,400,accepted
data\isl_alphabet_digits\train\6\Sign 6 (83).jpeg,train,6,32,400,400,accepted
data\isl_alphabet_digits\train\6\Output Image -327.jpg,train,6,32,400,400,accepted
data\isl_alphabet_digits\train\6\Sign 6 (282).jpeg,train,6,32,400,400,accepted
data\isl_alphabet_digits\train\6\Output Image -79.jpg,train,6,32,400,400,accepted
data\isl_alphabet_digits\train\6\Sign 6 (447).jpeg,train,6,32,400,400,accepted
data\isl_alphabet_digits\train\6\Output Image -472.jpg,train,6,32,400,400,accepted
data\isl_alphabet_digits\train\6\Output Image -339.jpg,train,6,32,400,400,accepted
data\isl_alphabet_digits\train\6\Sign 6 (331).jpeg,train,6,32,400,400,accepted
data\isl_alphabet_digits\train\6\Output Image -95.jpg,train,6,32,400,400,accepted
data\isl_alphabet_digits\train\6\Output Image -212.jpg,train,6,32,400,400,accepted
data\isl_alphabet_digits\train\6\Sign 6 (285).jpeg,train,6,32,400,400,accepted
data\isl_alphabet_digits\train\6\Sign 6 (353).jpeg,train,6,32,400,400,accepted
data\isl_alphabet_digits\val\6\Output Image -273.jpg,val,6,32,400,400,accepted
data\isl_alphabet_digits\val\6\Output Image -91.jpg,val,6,32,400,400,accepted
data\isl_alphabet_digits\val\6\Sign 6 (43).jpeg,val,6,32,400,400,accepted
data\isl_alphabet_digits\val\6\Sign 6 (204).jpeg,val,6,32,400,400,accepted
data\isl_alphabet_digits\val\6\Output Image -242.jpg,val,6,32,400,400,accepted
data\isl_alphabet_digits\val\6\Sign 6 (485).jpeg,val,6,32,400,400,accepted
data\isl_alphabet_digits\val\6\Sign 6 (307).jpeg,val,6,32,400,400,accepted
data\isl_alphabet_digits\val\6\Sign 6 (113).jpeg,val,6,32,400,400,accepted
data\isl_alphabet_digits\val\6\Sign 6 (109).jpeg,val,6,32,400,400,accepted
data\isl_alphabet_digits\val\6\Output Image -372.jpg,val,6,32,400,400,accepted
data\isl_alphabet_digits\val\6\Output Image -54.jpg,val,6,32,400,400,accepted
data\isl_alphabet_digits\val\6\Output Image -411.jpg,val,6,32,400,400,accepted
data\isl_alphabet_digits\val\6\Sign 6 (222).jpeg,val,6,32,400,400,accepted
data\isl_alphabet_digits\val\6\Output Image -120.jpg,val,6,32,400,400,accepted
data\isl_alphabet_digits\val\6\Sign 6 (273).jpeg,val,6,32,400,400,accepted
data\isl_alphabet_digits\val\6\Sign 6 (5).jpeg,val,6,32,400,400,accepted
data\isl_alphabet_digits\val\6\Output Image -4.jpg,val,6,32,400,400,accepted
data\isl_alphabet_digits\val\6\Output Image -17.jpg,val,6,32,400,400,accepted
data\isl_alphabet_digits\val\6\Sign 6 (135).jpeg,val,6,32,400,400,accepted
data\isl_alphabet_digits\val\6\Output Image -205.jpg,val,6,32,400,400,accepted
data\isl_alphabet_digits\val\6\Output Image -143.jpg,val,6,32,400,400,accepted
data\isl_alphabet_digits\val\6\Output Image -80.jpg,val,6,32,400,400,accepted
data\isl_alphabet_digits\val\6\Output Image -191.jpg,val,6,32,400,400,accepted
data\isl_alphabet_digits\val\6\Sign 6 (160).jpeg,val,6,32,400,400,accepted
data\isl_alphabet_digits\val\6\Sign 6 (23).jpeg,val,6,32,400,400,accepted
data\isl_alphabet_digits\val\6\Output Image -239.jpg,val,6,32,400,400,accepted
data\isl_alphabet_digits\val\6\Output Image -466.jpg,val,6,32,400,400,accepted
data\isl_alphabet_digits\val\6\Output Image -53.jpg,val,6,32,400,400,accepted
data\isl_alphabet_digits\val\6\Sign 6 (377).jpeg,val,6,32,400,400,accepted
data\isl_alphabet_digits\val\6\Output Image -178.jpg,val,6,32,400,400,accepted
data\isl_alphabet_digits\val\6\Output Image -329.jpg,val,6,32,400,400,accepted
data\isl_alphabet_digits\val\6\Output Image -158.jpg,val,6,32,400,400,accepted
data\isl_alphabet_digits\val\6\Sign 6 (370).jpeg,val,6,32,400,400,accepted
data\isl_alphabet_digits\val\6\Output Image -374.jpg,val,6,32,400,400,accepted
data\isl_alphabet_digits\val\6\Output Image -457.jpg,val,6,32,400,400,accepted
data\isl_alphabet_digits\val\6\Sign 6 (415).jpeg,val,6,32,400,400,accepted
data\isl_alphabet_digits\val\6\Output Image -280.jpg,val,6,32,400,400,accepted
data\isl_alphabet_digits\val\6\Sign 6 (477).jpeg,val,6,32,400,400,accepted
data\isl_alphabet_digits\val\6\Output Image -359.jpg,val,6,32,400,400,accepted
data\isl_alphabet_digits\val\6\Sign 6 (147).jpeg,val,6,32,400,400,accepted
data\isl_alphabet_digits\val\6\Output Image -206.jpg,val,6,32,400,400,accepted
data\isl_alphabet_digits\val\6\Sign 6 (106).jpeg,val,6,32,400,400,accepted
data\isl_alphabet_digits\val\6\Output Image -458.jpg,val,6,32,400,400,accepted
data\isl_alphabet_digits\val\6\Output Image -160.jpg,val,6,32,400,400,accepted
data\isl_alphabet_digits\val\6\Sign 6 (183).jpeg,val,6,32,400,400,accepted
data\isl_alphabet_digits\val\6\Sign 6 (221).jpeg,val,6,32,400,400,accepted
data\isl_alphabet_digits\val\6\Output Image -402.jpg,val,6,32,400,400,accepted
data\isl_alphabet_digits\val\6\Sign 6 (256).jpeg,val,6,32,400,400,accepted
data\isl_alphabet_digits\val\6\Sign 6 (460).jpeg,val,6,32,400,400,accepted
data\isl_alphabet_digits\val\6\Output Image -279.jpg,val,6,32,400,400,accepted
data\isl_alphabet_digits\val\6\Sign 6 (343).jpeg,val,6,32,400,400,accepted
data\isl_alphabet_digits\val\6\Sign 6 (30).jpeg,val,6,32,400,400,accepted
data\isl_alphabet_digits\val\6\Sign 6 (324).jpeg,val,6,32,400,400,accepted
data\isl_alphabet_digits\val\6\Sign 6 (303).jpeg,val,6,32,400,400,accepted
data\isl_alphabet_digits\val\6\Sign 6 (36).jpeg,val,6,32,400,400,accepted
data\isl_alphabet_digits\val\6\Sign 6 (336).jpeg,val,6,32,400,400,accepted
data\isl_alphabet_digits\val\6\Sign 6 (33).jpeg,val,6,32,400,400,accepted
data\isl_alphabet_digits\val\6\Sign 6 (297).jpeg,val,6,32,400,400,accepted
data\isl_alphabet_digits\val\6\Output Image -166.jpg,val,6,32,400,400,accepted
data\isl_alphabet_digits\val\6\Sign 6 (288).jpeg,val,6,32,400,400,accepted
data\isl_alphabet_digits\val\6\Sign 6 (281).jpeg,val,6,32,400,400,accepted
data\isl_alphabet_digits\val\6\Sign 6 (364).jpeg,val,6,32,400,400,accepted
data\isl_alphabet_digits\val\6\Output Image -236.jpg,val,6,32,400,400,accepted
data\isl_alphabet_digits\val\6\Sign 6 (314).jpeg,val,6,32,400,400,accepted
data\isl_alphabet_digits\val\6\Sign 6 (459).jpeg,val,6,32,400,400,accepted
data\isl_alphabet_digits\val\6\Sign 6 (414).jpeg,val,6,32,400,400,accepted
data\isl_alphabet_digits\val\6\Output Image -140.jpg,val,6,32,400,400,accepted
data\isl_alphabet_digits\val\6\Sign 6 (277).jpeg,val,6,32,400,400,accepted
data\isl_alphabet_digits\val\6\Output Image -218.jpg,val,6,32,400,400,accepted
data\isl_alphabet_digits\val\6\Sign 6 (180).jpeg,val,6,32,400,400,accepted
data\isl_alphabet_digits\val\6\Sign 6 (446).jpeg,val,6,32,400,400,accepted
data\isl_alphabet_digits\val\6\Output Image -33.jpg,val,6,32,400,400,accepted
data\isl_alphabet_digits\val\6\Sign 6 (55).jpeg,val,6,32,400,400,accepted
data\isl_alphabet_digits\val\6\Sign 6 (197).jpeg,val,6,32,400,400,accepted
data\isl_alphabet_digits\val\6\Sign 6 (385).jpeg,val,6,32,400,400,accepted
data\isl_alphabet_digits\val\6\Sign 6 (342).jpeg,val,6,32,400,400,accepted
data\isl_alphabet_digits\val\6\Output Image -467.jpg,val,6,32,400,400,accepted
data\isl_alphabet_digits\val\6\Sign 6 (11).jpeg,val,6,32,400,400,accepted
data\isl_alphabet_digits\val\6\Output Image -81.jpg,val,6,32,400,400,accepted
data\isl_alphabet_digits\val\6\Output Image -437.jpg,val,6,32,400,400,accepted
data\isl_alphabet_digits\val\6\Output Image -418.jpg,val,6,32,400,400,accepted
data\isl_alphabet_digits\val\6\Sign 6 (70).jpeg,val,6,32,400,400,accepted
data\isl_alphabet_digits\val\6\Output Image -93.jpg,val,6,32,400,400,accepted
data\isl_alphabet_digits\val\6\Output Image -496.jpg,val,6,32,400,400,accepted
data\isl_alphabet_digits\val\6\Output Image -333.jpg,val,6,32,400,400,accepted
data\isl_alphabet_digits\val\6\Sign 6 (316).jpeg,val,6,32,400,400,accepted
data\isl_alphabet_digits\val\6\Output Image -292.jpg,val,6,32,400,400,accepted
data\isl_alphabet_digits\val\6\Sign 6 (488).jpeg,val,6,32,400,400,accepted
data\isl_alphabet_digits\val\6\Sign 6 (173).jpeg,val,6,32,400,400,accepted
data\isl_alphabet_digits\val\6\Sign 6 (352).jpeg,val,6,32,400,400,accepted
data\isl_alphabet_digits\val\6\Output Image -38.jpg,val,6,32,400,400,accepted
data\isl_alphabet_digits\val\6\Output Image -149.jpg,val,6,32,400,400,accepted
data\isl_alphabet_digits\val\6\Sign 6 (13).jpeg,val,6,32,400,400,accepted
data\isl_alphabet_digits\val\6\Output Image -414.jpg,val,6,32,400,400,accepted
data\isl_alphabet_digits\val\6\Output Image -123.jpg,val,6,32,400,400,accepted
data\isl_alphabet_digits\val\6\Output Image -337.jpg,val,6,32,400,400,accepted
data\isl_alphabet_digits\val\6\Output Image -121.jpg,val,6,32,400,400,accepted
data\isl_alphabet_digits\val\6\Sign 6 (443).jpeg,val,6,32,400,400,accepted
data\isl_alphabet_digits\val\6\Sign 6 (338).jpeg,val,6,32,400,400,accepted
data\isl_alphabet_digits\val\6\Output Image -6.jpg,val,6,32,400,400,accepted
data\isl_alphabet_digits\val\6\Output Image -226.jpg,val,6,32,400,400,accepted
data\isl_alphabet_digits\val\6\Sign 6 (483).jpeg,val,6,32,400,400,accepted
data\isl_alphabet_digits\val\6\Output Image -103.jpg,val,6,32,400,400,accepted
data\isl_alphabet_digits\val\6\Output Image -35.jpg,val,6,32,400,400,accepted
data\isl_alphabet_digits\val\6\Sign 6 (344).jpeg,val,6,32,400,400,accepted
data\isl_alphabet_digits\val\6\Output Image -391.jpg,val,6,32,400,400,accepted
data\isl_alphabet_digits\val\6\Output Image -202.jpg,val,6,32,400,400,accepted
data\isl_alphabet_digits\val\6\Sign 6 (351).jpeg,val,6,32,400,400,accepted
data\isl_alphabet_digits\val\6\Output Image -18.jpg,val,6,32,400,400,accepted
data\isl_alphabet_digits\val\6\Sign 6 (219).jpeg,val,6,32,400,400,accepted
data\isl_alphabet_digits\val\6\Sign 6 (444).jpeg,val,6,32,400,400,accepted
data\isl_alphabet_digits\val\6\Sign 6 (392).jpeg,val,6,32,400,400,accepted
data\isl_alphabet_digits\val\6\Output Image -170.jpg,val,6,32,400,400,accepted
data\isl_alphabet_digits\val\6\Sign 6 (178).jpeg,val,6,32,400,400,accepted
data\isl_alphabet_digits\val\6\Output Image -401.jpg,val,6,32,400,400,accepted
data\isl_alphabet_digits\val\6\Output Image -9.jpg,val,6,32,400,400,accepted
data\isl_alphabet_digits\val\6\Output Image -173.jpg,val,6,32,400,400,accepted
data\isl_alphabet_digits\val\6\Sign 6 (63).jpeg,val,6,32,400,400,accepted
data\isl_alphabet_digits\val\6\Output Image -68.jpg,val,6,32,400,400,accepted
data\isl_alphabet_digits\val\6\Output Image -83.jpg,val,6,32,400,400,accepted
data\isl_alphabet_digits\val\6\Sign 6 (103).jpeg,val,6,32,400,400,accepted
data\isl_alphabet_digits\val\6\Output Image -237.jpg,val,6,32,400,400,accepted
data\isl_alphabet_digits\val\6\Sign 6 (6).jpeg,val,6,32,400,400,accepted
data\isl_alphabet_digits\val\6\Output Image -118.jpg,val,6,32,400,400,accepted
data\isl_alphabet_digits\val\6\Output Image -440.jpg,val,6,32,400,400,accepted
data\isl_alphabet_digits\val\6\Output Image -267.jpg,val,6,32,400,400,accepted
data\isl_alphabet_digits\val\6\Sign 6 (321).jpeg,val,6,32,400,400,accepted
data\isl_alphabet_digits\val\6\Sign 6 (373).jpeg,val,6,32,400,400,accepted
data\isl_alphabet_digits\val\6\Sign 6 (451).jpeg,val,6,32,400,400,accepted
data\isl_alphabet_digits\val\6\Sign 6 (452).jpeg,val,6,32,400,400,accepted
data\isl_alphabet_digits\val\6\Output Image -244.jpg,val,6,32,400,400,accepted
data\isl_alphabet_digits\val\6\Output Image -62.jpg,val,6,32,400,400,accepted
data\isl_alphabet_digits\val\6\Output Image -385.jpg,val,6,32,400,400,accepted
data\isl_alphabet_digits\val\6\Sign 6 (382).jpeg,val,6,32,400,400,accepted
data\isl_alphabet_digits\test\6\Output Image -213.jpg,test,6,32,400,400,accepted
data\isl_alphabet_digits\test\6\Sign 6 (194).jpeg,test,6,32,400,400,accepted
data\isl_alphabet_digits\test\6\Sign 6 (174).jpeg,test,6,32,400,400,accepted
data\isl_alphabet_digits\test\6\Output Image -36.jpg,test,6,32,400,400,accepted
data\isl_alphabet_digits\test\6\Output Image -397.jpg,test,6,32,400,400,accepted
data\isl_alphabet_digits\test\6\Sign 6 (117).jpeg,test,6,32,400,400,accepted
data\isl_alphabet_digits\test\6\Output Image -442.jpg,test,6,32,400,400,accepted
data\isl_alphabet_digits\test\6\Sign 6 (298).jpeg,test,6,32,400,400,accepted
data\isl_alphabet_digits\test\6\Output Image -248.jpg,test,6,32,400,400,accepted
data\isl_alphabet_digits\test\6\Sign 6 (62).jpeg,test,6,32,400,400,accepted
data\isl_alphabet_digits\test\6\Sign 6 (51).jpeg,test,6,32,400,400,accepted
data\isl_alphabet_digits\test\6\Output Image -326.jpg,test,6,32,400,400,accepted
data\isl_alphabet_digits\test\6\Sign 6 (458).jpeg,test,6,32,400,400,accepted
data\isl_alphabet_digits\test\6\Sign 6 (56).jpeg,test,6,32,400,400,accepted
data\isl_alphabet_digits\test\6\Output Image -76.jpg,test,6,32,400,400,accepted
data\isl_alphabet_digits\test\6\Sign 6 (190).jpeg,test,6,32,400,400,accepted
data\isl_alphabet_digits\test\6\Sign 6 (258).jpeg,test,6,32,400,400,accepted
data\isl_alphabet_digits\test\6\Sign 6 (1).jpeg,test,6,32,400,400,accepted
data\isl_alphabet_digits\test\6\Output Image -97.jpg,test,6,32,400,400,accepted
data\isl_alphabet_digits\test\6\Sign 6 (333).jpeg,test,6,32,400,400,accepted
data\isl_alphabet_digits\test\6\Sign 6 (464).jpeg,test,6,32,400,400,accepted
data\isl_alphabet_digits\test\6\Sign 6 (139).jpeg,test,6,32,400,400,accepted
data\isl_alphabet_digits\test\6\Output Image -330.jpg,test,6,32,400,400,accepted
data\isl_alphabet_digits\test\6\Sign 6 (269).jpeg,test,6,32,400,400,accepted
data\isl_alphabet_digits\test\6\Output Image -275.jpg,test,6,32,400,400,accepted
data\isl_alphabet_digits\test\6\Sign 6 (327).jpeg,test,6,32,400,400,accepted
data\isl_alphabet_digits\test\6\Output Image -354.jpg,test,6,32,400,400,accepted
data\isl_alphabet_digits\test\6\Output Image -182.jpg,test,6,32,400,400,accepted
data\isl_alphabet_digits\test\6\Output Image -177.jpg,test,6,32,400,400,accepted
data\isl_alphabet_digits\test\6\Output Image -260.jpg,test,6,32,400,400,accepted
data\isl_alphabet_digits\test\6\Sign 6 (136).jpeg,test,6,32,400,400,accepted
data\isl_alphabet_digits\test\6\Sign 6 (292).jpeg,test,6,32,400,400,accepted
data\isl_alphabet_digits\test\6\Sign 6 (383).jpeg,test,6,32,400,400,accepted
data\isl_alphabet_digits\test\6\Output Image -184.jpg,test,6,32,400,400,accepted
data\isl_alphabet_digits\test\6\Output Image -314.jpg,test,6,32,400,400,accepted
data\isl_alphabet_digits\test\6\Sign 6 (299).jpeg,test,6,32,400,400,accepted
data\isl_alphabet_digits\test\6\Sign 6 (110).jpeg,test,6,32,400,400,accepted
data\isl_alphabet_digits\test\6\Output Image -1.jpg,test,6,32,400,400,accepted
data\isl_alphabet_digits\test\6\Output Image -162.jpg,test,6,32,400,400,accepted
data\isl_alphabet_digits\test\6\Output Image -299.jpg,test,6,32,400,400,accepted
data\isl_alphabet_digits\test\6\Sign 6 (274).jpeg,test,6,32,400,400,accepted
data\isl_alphabet_digits\test\6\Output Image -55.jpg,test,6,32,400,400,accepted
data\isl_alphabet_digits\test\6\Sign 6 (163).jpeg,test,6,32,400,400,accepted
data\isl_alphabet_digits\test\6\Output Image -259.jpg,test,6,32,400,400,accepted
data\isl_alphabet_digits\test\6\Output Image -369.jpg,test,6,32,400,400,accepted
data\isl_alphabet_digits\test\6\Sign 6 (384).jpeg,test,6,32,400,400,accepted
data\isl_alphabet_digits\test\6\Output Image -187.jpg,test,6,32,400,400,accepted
data\isl_alphabet_digits\test\6\Output Image -313.jpg,test,6,32,400,400,accepted
data\isl_alphabet_digits\test\6\Output Image -484.jpg,test,6,32,400,400,accepted
data\isl_alphabet_digits\test\6\Output Image -489.jpg,test,6,32,400,400,accepted
data\isl_alphabet_digits\test\6\Sign 6 (49).jpeg,test,6,32,400,400,accepted
data\isl_alphabet_digits\test\6\Output Image -383.jpg,test,6,32,400,400,accepted
data\isl_alphabet_digits\test\6\Sign 6 (140).jpeg,test,6,32,400,400,accepted
data\isl_alphabet_digits\test\6\Output Image -27.jpg,test,6,32,400,400,accepted
data\isl_alphabet_digits\test\6\Sign 6 (184).jpeg,test,6,32,400,400,accepted
data\isl_alphabet_digits\test\6\Output Image -63.jpg,test,6,32,400,400,accepted
data\isl_alphabet_digits\test\6\Sign 6 (318).jpeg,test,6,32,400,400,accepted
data\isl_alphabet_digits\test\6\Sign 6 (358).jpeg,test,6,32,400,400,accepted
data\isl_alphabet_digits\test\6\Sign 6 (17).jpeg,test,6,32,400,400,accepted
data\isl_alphabet_digits\test\6\Sign 6 (192).jpeg,test,6,32,400,400,accepted
data\isl_alphabet_digits\test\6\Sign 6 (95).jpeg,test,6,32,400,400,accepted
data\isl_alphabet_digits\test\6\Output Image -261.jpg,test,6,32,400,400,accepted
data\isl_alphabet_digits\test\6\Output Image -135.jpg,test,6,32,400,400,accepted
data\isl_alphabet_digits\test\6\Sign 6 (245).jpeg,test,6,32,400,400,accepted
data\isl_alphabet_digits\test\6\Sign 6 (195).jpeg,test,6,32,400,400,accepted
data\isl_alphabet_digits\test\6\Output Image -94.jpg,test,6,32,400,400,accepted
data\isl_alphabet_digits\test\6\Sign 6 (104).jpeg,test,6,32,400,400,accepted
data\isl_alphabet_digits\test\6\Output Image -295.jpg,test,6,32,400,400,accepted
data\isl_alphabet_digits\test\6\Sign 6 (494).jpeg,test,6,32,400,400,accepted
data\isl_alphabet_digits\test\6\Sign 6 (260).jpeg,test,6,32,400,400,accepted
data\isl_alphabet_digits\test\6\Sign 6 (158).jpeg,test,6,32,400,400,accepted
data\isl_alphabet_digits\test\6\Output Image -363.jpg,test,6,32,400,400,accepted
data\isl_alphabet_digits\test\6\Output Image -34.jpg,test,6,32,400,400,accepted
data\isl_alphabet_digits\test\6\Output Image -352.jpg,test,6,32,400,400,accepted
data\isl_alphabet_digits\test\6\Output Image -274.jpg,test,6,32,400,400,accepted
data\isl_alphabet_digits\test\6\Output Image -214.jpg,test,6,32,400,400,accepted
data\isl_alphabet_digits\test\6\Output Image -468.jpg,test,6,32,400,400,accepted
data\isl_alphabet_digits\test\6\Sign 6 (442).jpeg,test,6,32,400,400,accepted
data\isl_alphabet_digits\test\6\Output Image -451.jpg,test,6,32,400,400,accepted
data\isl_alphabet_digits\test\6\Sign 6 (57).jpeg,test,6,32,400,400,accepted
data\isl_alphabet_digits\test\6\Output Image -175.jpg,test,6,32,400,400,accepted
data\isl_alphabet_digits\test\6\Sign 6 (310).jpeg,test,6,32,400,400,accepted
data\isl_alphabet_digits\test\6\Sign 6 (203).jpeg,test,6,32,400,400,accepted
data\isl_alphabet_digits\test\6\Sign 6 (261).jpeg,test,6,32,400,400,accepted
data\isl_alphabet_digits\test\6\Output Image -355.jpg,test,6,32,400,400,accepted
data\isl_alphabet_digits\test\6\Output Image -448.jpg,test,6,32,400,400,accepted
data\isl_alphabet_digits\test\6\Output Image -109.jpg,test,6,32,400,400,accepted
data\isl_alphabet_digits\test\6\Sign 6 (325).jpeg,test,6,32,400,400,accepted
data\isl_alphabet_digits\test\6\Output Image -409.jpg,test,6,32,400,400,accepted
data\isl_alphabet_digits\test\6\Sign 6 (220).jpeg,test,6,32,400,400,accepted
data\isl_alphabet_digits\test\6\Output Image -317.jpg,test,6,32,400,400,accepted
data\isl_alphabet_digits\test\6\Sign 6 (239).jpeg,test,6,32,400,400,accepted
data\isl_alphabet_digits\test\6\Output Image -396.jpg,test,6,32,400,400,accepted
data\isl_alphabet_digits\test\6\Sign 6 (54).jpeg,test,6,32,400,400,accepted
data\isl_alphabet_digits\test\6\Output Image -361.jpg,test,6,32,400,400,accepted
data\isl_alphabet_digits\test\6\Output Image -44.jpg,test,6,32,400,400,accepted
data\isl_alphabet_digits\test\6\Sign 6 (448).jpeg,test,6,32,400,400,accepted
data\isl_alphabet_digits\test\6\Output Image -24.jpg,test,6,32,400,400,accepted
data\isl_alphabet_digits\test\6\Sign 6 (406).jpeg,test,6,32,400,400,accepted
data\isl_alphabet_digits\test\6\Output Image -85.jpg,test,6,32,400,400,accepted
data\isl_alphabet_digits\test\6\Output Image -150.jpg,test,6,32,400,400,accepted
data\isl_alphabet_digits\test\6\Output Image -219.jpg,test,6,32,400,400,accepted
data\isl_alphabet_digits\test\6\Output Image -222.jpg,test,6,32,400,400,accepted
data\isl_alphabet_digits\test\6\Sign 6 (476).jpeg,test,6,32,400,400,accepted
data\isl_alphabet_digits\test\6\Sign 6 (278).jpeg,test,6,32,400,400,accepted
data\isl_alphabet_digits\test\6\Output Image -15.jpg,test,6,32,400,400,accepted
data\isl_alphabet_digits\test\6\Output Image -220.jpg,test,6,32,400,400,accepted
data\isl_alphabet_digits\test\6\Output Image -45.jpg,test,6,32,400,400,accepted
data\isl_alphabet_digits\test\6\Output Image -216.jpg,test,6,32,400,400,accepted
data\isl_alphabet_digits\test\6\Sign 6 (71).jpeg,test,6,32,400,400,accepted
data\isl_alphabet_digits\test\6\Sign 6 (300).jpeg,test,6,32,400,400,accepted
data\isl_alphabet_digits\test\6\Output Image -417.jpg,test,6,32,400,400,accepted
data\isl_alphabet_digits\test\6\Sign 6 (53).jpeg,test,6,32,400,400,accepted
data\isl_alphabet_digits\test\6\Output Image -336.jpg,test,6,32,400,400,accepted
data\isl_alphabet_digits\test\6\Sign 6 (372).jpeg,test,6,32,400,400,accepted
data\isl_alphabet_digits\test\6\Output Image -272.jpg,test,6,32,400,400,accepted
data\isl_alphabet_digits\test\6\Sign 6 (471).jpeg,test,6,32,400,400,accepted
data\isl_alphabet_digits\test\6\Output Image -228.jpg,test,6,32,400,400,accepted
data\isl_alphabet_digits\test\6\Sign 6 (82).jpeg,test,6,32,400,400,accepted
data\isl_alphabet_digits\test\6\Output Image -200.jpg,test,6,32,400,400,accepted
data\isl_alphabet_digits\test\6\Output Image -75.jpg,test,6,32,400,400,accepted
data\isl_alphabet_digits\test\6\Sign 6 (355).jpeg,test,6,32,400,400,accepted
data\isl_alphabet_digits\test\6\Sign 6 (347).jpeg,test,6,32,400,400,accepted
data\isl_alphabet_digits\test\6\Output Image -247.jpg,test,6,32,400,400,accepted
data\isl_alphabet_digits\test\6\Output Image -31.jpg,test,6,32,400,400,accepted
data\isl_alphabet_digits\test\6\Sign 6 (86).jpeg,test,6,32,400,400,accepted
data\isl_alphabet_digits\test\6\Sign 6 (254).jpeg,test,6,32,400,400,accepted
data\isl_alphabet_digits\test\6\Sign 6 (21).jpeg,test,6,32,400,400,accepted
data\isl_alphabet_digits\test\6\Sign 6 (467).jpeg,test,6,32,400,400,accepted
data\isl_alphabet_digits\test\6\Sign 6 (65).jpeg,test,6,32,400,400,accepted
data\isl_alphabet_digits\test\6\Sign 6 (416).jpeg,test,6,32,400,400,accepted
data\isl_alphabet_digits\test\6\Output Image -471.jpg,test,6,32,400,400,accepted
data\isl_alphabet_digits\test\6\Output Image -343.jpg,test,6,32,400,400,accepted
data\isl_alphabet_digits\test\6\Sign 6 (302).jpeg,test,6,32,400,400,accepted
data\isl_alphabet_digits\test\6\Output Image -312.jpg,test,6,32,400,400,accepted
data\isl_alphabet_digits\test\6\Sign 6 (480).jpeg,test,6,32,400,400,accepted
data\isl_alphabet_digits\train\7\Sign 7 (198).jpeg,train,7,33,400,400,accepted
data\isl_alphabet_digits\train\7\Sign 7 (337).jpeg,train,7,33,400,400,accepted
data\isl_alphabet_digits\train\7\Output Image -156.jpg,train,7,33,400,400,accepted
data\isl_alphabet_digits\train\7\Sign 7 (359).jpeg,train,7,33,400,400,accepted
data\isl_alphabet_digits\train\7\Sign 7 (230).jpeg,train,7,33,400,400,accepted
data\isl_alphabet_digits\train\7\Output Image -134.jpg,train,7,33,400,400,accepted
data\isl_alphabet_digits\train\7\Sign 7 (493).jpeg,train,7,33,400,400,accepted
data\isl_alphabet_digits\train\7\Sign 7 (91).jpeg,train,7,33,400,400,accepted
data\isl_alphabet_digits\train\7\Output Image -67.jpg,train,7,33,400,400,accepted
data\isl_alphabet_digits\train\7\Output Image -393.jpg,train,7,33,400,400,accepted
data\isl_alphabet_digits\train\7\Output Image -420.jpg,train,7,33,400,400,accepted
data\isl_alphabet_digits\train\7\Output Image -62.jpg,train,7,33,400,400,accepted
data\isl_alphabet_digits\train\7\Output Image -194.jpg,train,7,33,400,400,accepted
data\isl_alphabet_digits\train\7\Sign 7 (114).jpeg,train,7,33,400,400,accepted
data\isl_alphabet_digits\train\7\Output Image -75.jpg,train,7,33,400,400,accepted
data\isl_alphabet_digits\train\7\Output Image -276.jpg,train,7,33,400,400,accepted
data\isl_alphabet_digits\train\7\Sign 7 (232).jpeg,train,7,33,400,400,accepted
data\isl_alphabet_digits\train\7\Output Image -132.jpg,train,7,33,400,400,accepted
data\isl_alphabet_digits\train\7\Output Image -406.jpg,train,7,33,400,400,accepted
data\isl_alphabet_digits\train\7\Sign 7 (82).jpeg,train,7,33,400,400,accepted
data\isl_alphabet_digits\train\7\Sign 7 (227).jpeg,train,7,33,400,400,accepted
data\isl_alphabet_digits\train\7\Sign 7 (15).jpeg,train,7,33,400,400,accepted
data\isl_alphabet_digits\train\7\Output Image -423.jpg,train,7,33,400,400,accepted
data\isl_alphabet_digits\train\7\Sign 7 (482).jpeg,train,7,33,400,400,accepted
data\isl_alphabet_digits\train\7\Sign 7 (108).jpeg,train,7,33,400,400,accepted
data\isl_alphabet_digits\train\7\Output Image -389.jpg,train,7,33,400,400,accepted
data\isl_alphabet_digits\train\7\Output Image -46.jpg,train,7,33,400,400,accepted
data\isl_alphabet_digits\train\7\Output Image -219.jpg,train,7,33,400,400,accepted
data\isl_alphabet_digits\train\7\Output Image -347.jpg,train,7,33,400,400,accepted
data\isl_alphabet_digits\train\7\Sign 7 (128).jpeg,train,7,33,400,400,accepted
data\isl_alphabet_digits\train\7\Output Image -273.jpg,train,7,33,400,400,accepted
data\isl_alphabet_digits\train\7\Output Image -16.jpg,train,7,33,400,400,accepted
data\isl_alphabet_digits\train\7\Output Image -208.jpg,train,7,33,400,400,accepted
data\isl_alphabet_digits\train\7\Output Image -20.jpg,train,7,33,400,400,accepted
data\isl_alphabet_digits\train\7\Sign 7 (52).jpeg,train,7,33,400,400,accepted
data\isl_alphabet_digits\train\7\Output Image -109.jpg,train,7,33,400,400,accepted
data\isl_alphabet_digits\train\7\Output Image -306.jpg,train,7,33,400,400,accepted
data\isl_alphabet_digits\train\7\Sign 7 (160).jpeg,train,7,33,400,400,accepted
data\isl_alphabet_digits\train\7\Sign 7 (207).jpeg,train,7,33,400,400,accepted
data\isl_alphabet_digits\train\7\Sign 7 (84).jpeg,train,7,33,400,400,accepted
data\isl_alphabet_digits\train\7\Sign 7 (92).jpeg,train,7,33,400,400,accepted
data\isl_alphabet_digits\train\7\Sign 7 (436).jpeg,train,7,33,400,400,accepted
data\isl_alphabet_digits\train\7\Output Image -322.jpg,train,7,33,400,400,accepted
data\isl_alphabet_digits\train\7\Sign 7 (318).jpeg,train,7,33,400,400,accepted
data\isl_alphabet_digits\train\7\Output Image -288.jpg,train,7,33,400,400,accepted
data\isl_alphabet_digits\train\7\Output Image -48.jpg,train,7,33,400,400,accepted
data\isl_alphabet_digits\train\7\Sign 7 (409).jpeg,train,7,33,400,400,accepted
data\isl_alphabet_digits\train\7\Output Image -106.jpg,train,7,33,400,400,accepted
data\isl_alphabet_digits\train\7\Output Image -303.jpg,train,7,33,400,400,accepted
data\isl_alphabet_digits\train\7\Sign 7 (235).jpeg,train,7,33,400,400,accepted
data\isl_alphabet_digits\train\7\Sign 7 (392).jpeg,train,7,33,400,400,accepted
data\isl_alphabet_digits\train\7\Sign 7 (102).jpeg,train,7,33,400,400,accepted
data\isl_alphabet_digits\train\7\Output Image -29.jpg,train,7,33,400,400,accepted
data\isl_alphabet_digits\train\7\Output Image -396.jpg,train,7,33,400,400,accepted
data\isl_alphabet_digits\train\7\Output Image -213.jpg,train,7,33,400,400,accepted
data\isl_alphabet_digits\train\7\Output Image -54.jpg,train,7,33,400,400,accepted
data\isl_alphabet_digits\train\7\Sign 7 (186).jpeg,train,7,33,400,400,accepted
data\isl_alphabet_digits\train\7\Output Image -237.jpg,train,7,33,400,400,accepted
data\isl_alphabet_digits\train\7\Sign 7 (130).jpeg,train,7,33,400,400,accepted
data\isl_alphabet_digits\train\7\Output Image -117.jpg,train,7,33,400,400,accepted
data\isl_alphabet_digits\train\7\Output Image -300.jpg,train,7,33,400,400,accepted
data\isl_alphabet_digits\train\7\Output Image -96.jpg,train,7,33,400,400,accepted
data\isl_alphabet_digits\train\7\Sign 7 (132).jpeg,train,7,33,400,400,accepted
data\isl_alphabet_digits\train\7\Sign 7 (215).jpeg,train,7,33,400,400,accepted
data\isl_alphabet_digits\train\7\Output Image -172.jpg,train,7,33,400,400,accepted
data\isl_alphabet_digits\train\7\Sign 7 (280).jpeg,train,7,33,400,400,accepted
data\isl_alphabet_digits\train\7\Sign 7 (461).jpeg,train,7,33,400,400,accepted
data\isl_alphabet_digits\train\7\Output Image -410.jpg,train,7,33,400,400,accepted
data\isl_alphabet_digits\train\7\Sign 7 (270).jpeg,train,7,33,400,400,accepted
data\isl_alphabet_digits\train\7\Sign 7 (208).jpeg,train,7,33,400,400,accepted
data\isl_alphabet_digits\train\7\Sign 7 (55).jpeg,train,7,33,400,400,accepted
data\isl_alphabet_digits\train\7\Output Image -299.jpg,train,7,33,400,400,accepted
data\isl_alphabet_digits\train\7\Output Image -51.jpg,train,7,33,400,400,accepted
data\isl_alphabet_digits\train\7\Output Image -198.jpg,train,7,33,400,400,accepted
data\isl_alphabet_digits\train\7\Output Image -135.jpg,train,7,33,400,400,accepted
data\isl_alphabet_digits\train\7\Output Image -285.jpg,train,7,33,400,400,accepted
data\isl_alphabet_digits\train\7\Output Image -152.jpg,train,7,33,400,400,accepted
data\isl_alphabet_digits\train\7\Sign 7 (283).jpeg,train,7,33,400,400,accepted
data\isl_alphabet_digits\train\7\Sign 7 (127).jpeg,train,7,33,400,400,accepted
data\isl_alphabet_digits\train\7\Output Image -401.jpg,train,7,33,400,400,accepted
data\isl_alphabet_digits\train\7\Sign 7 (322).jpeg,train,7,33,400,400,accepted
data\isl_alphabet_digits\train\7\Output Image -108.jpg,train,7,33,400,400,accepted
data\isl_alphabet_digits\train\7\Sign 7 (464).jpeg,train,7,33,400,400,accepted
data\isl_alphabet_digits\train\7\Sign 7 (212).jpeg,train,7,33,400,400,accepted
data\isl_alphabet_digits\train\7\Output Image -483.jpg,train,7,33,400,400,accepted
data\isl_alphabet_digits\train\7\Sign 7 (316).jpeg,train,7,33,400,400,accepted
data\isl_alphabet_digits\train\7\Sign 7 (319).jpeg,train,7,33,400,400,accepted
data\isl_alphabet_digits\train\7\Output Image -125.jpg,train,7,33,400,400,accepted
data\isl_alphabet_digits\train\7\Sign 7 (170).jpeg,train,7,33,400,400,accepted
data\isl_alphabet_digits\train\7\Output Image -236.jpg,train,7,33,400,400,accepted
data\isl_alphabet_digits\train\7\Output Image -417.jpg,train,7,33,400,400,accepted
data\isl_alphabet_digits\train\7\Sign 7 (28).jpeg,train,7,33,400,400,accepted
data\isl_alphabet_digits\train\7\Output Image -269.jpg,train,7,33,400,400,accepted
data\isl_alphabet_digits\train\7\Sign 7 (69).jpeg,train,7,33,400,400,accepted
data\isl_alphabet_digits\train\7\Sign 7 (162).jpeg,train,7,33,400,400,accepted
data\isl_alphabet_digits\train\7\Sign 7 (60).jpeg,train,7,33,400,400,accepted
data\isl_alphabet_digits\train\7\Sign 7 (301).jpeg,train,7,33,400,400,accepted
data\isl_alphabet_digits\train\7\Sign 7 (180).jpeg,train,7,33,400,400,accepted
data\isl_alphabet_digits\train\7\Sign 7 (214).jpeg,train,7,33,400,400,accepted
data\isl_alphabet_digits\train\7\Sign 7 (256).jpeg,train,7,33,400,400,accepted
data\isl_alphabet_digits\train\7\Output Image -209.jpg,train,7,33,400,400,accepted
data\isl_alphabet_digits\train\7\Sign 7 (118).jpeg,train,7,33,400,400,accepted
data\isl_alphabet_digits\train\7\Output Image -262.jpg,train,7,33,400,400,accepted
data\isl_alphabet_digits\train\7\Output Image -411.jpg,train,7,33,400,400,accepted
data\isl_alphabet_digits\train\7\Sign 7 (367).jpeg,train,7,33,400,400,accepted
data\isl_alphabet_digits\train\7\Output Image -283.jpg,train,7,33,400,400,accepted
data\isl_alphabet_digits\train\7\Sign 7 (45).jpeg,train,7,33,400,400,accepted
data\isl_alphabet_digits\train\7\Output Image -8.jpg,train,7,33,400,400,accepted
data\isl_alphabet_digits\train\7\Output Image -105.jpg,train,7,33,400,400,accepted
data\isl_alphabet_digits\train\7\Sign 7 (269).jpeg,train,7,33,400,400,accepted
data\isl_alphabet_digits\train\7\Sign 7 (463).jpeg,train,7,33,400,400,accepted
data\isl_alphabet_digits\train\7\Sign 7 (136).jpeg,train,7,33,400,400,accepted
data\isl_alphabet_digits\train\7\Sign 7 (289).jpeg,train,7,33,400,400,accepted
data\isl_alphabet_digits\train\7\Output Image -118.jpg,train,7,33,400,400,accepted
data\isl_alphabet_digits\train\7\Sign 7 (48).jpeg,train,7,33,400,400,accepted
data\isl_alphabet_digits\train\7\Output Image -394.jpg,train,7,33,400,400,accepted
data\isl_alphabet_digits\train\7\Output Image -463.jpg,train,7,33,400,400,accepted
data\isl_alphabet_digits\train\7\Sign 7 (32).jpeg,train,7,33,400,400,accepted
data\isl_alphabet_digits\train\7\Output Image -93.jpg,train,7,33,400,400,accepted
data\isl_alphabet_digits\train\7\Output Image -196.jpg,train,7,33,400,400,accepted
data\isl_alphabet_digits\train\7\Sign 7 (140).jpeg,train,7,33,400,400,accepted
data\isl_alphabet_digits\train\7\Sign 7 (323).jpeg,train,7,33,400,400,accepted
data\isl_alphabet_digits\train\7\Sign 7 (37).jpeg,train,7,33,400,400,accepted
data\isl_alphabet_digits\train\7\Sign 7 (182).jpeg,train,7,33,400,400,accepted
data\isl_alphabet_digits\train\7\Output Image -114.jpg,train,7,33,400,400,accepted
data\isl_alphabet_digits\train\7\Output Image -315.jpg,train,7,33,400,400,accepted
data\isl_alphabet_digits\train\7\Sign 7 (49).jpeg,train,7,33,400,400,accepted
data\isl_alphabet_digits\train\7\Output Image -210.jpg,train,7,33,400,400,accepted
data\isl_alphabet_digits\train\7\Sign 7 (376).jpeg,train,7,33,400,400,accepted
data\isl_alphabet_digits\train\7\Output Image -174.jpg,train,7,33,400,400,accepted
data\isl_alphabet_digits\train\7\Output Image -217.jpg,train,7,33,400,400,accepted
data\isl_alphabet_digits\train\7\Output Image -323.jpg,train,7,33,400,400,accepted
data\isl_alphabet_digits\train\7\Output Image -499.jpg,train,7,33,400,400,accepted
data\isl_alphabet_digits\train\7\Output Image -496.jpg,train,7,33,400,400,accepted
data\isl_alphabet_digits\train\7\Output Image -282.jpg,train,7,33,400,400,accepted
data\isl_alphabet_digits\train\7\Sign 7 (345).jpeg,train,7,33,400,400,accepted
data\isl_alphabet_digits\train\7\Output Image -296.jpg,train,7,33,400,400,accepted
data\isl_alphabet_digits\train\7\Output Image -266.jpg,train,7,33,400,400,accepted
data\isl_alphabet_digits\train\7\Sign 7 (117).jpeg,train,7,33,400,400,accepted
data\isl_alphabet_digits\train\7\Output Image -214.jpg,train,7,33,400,400,accepted
data\isl_alphabet_digits\train\7\Output Image -252.jpg,train,7,33,400,400,accepted
data\isl_alphabet_digits\train\7\Output Image -436.jpg,train,7,33,400,400,accepted
data\isl_alphabet_digits\train\7\Sign 7 (65).jpeg,train,7,33,400,400,accepted
data\isl_alphabet_digits\train\7\Sign 7 (94).jpeg,train,7,33,400,400,accepted
data\isl_alphabet_digits\train\7\Sign 7 (223).jpeg,train,7,33,400,400,accepted
data\isl_alphabet_digits\train\7\Output Image -480.jpg,train,7,33,400,400,accepted
data\isl_alphabet_digits\train\7\Sign 7 (210).jpeg,train,7,33,400,400,accepted
data\isl_alphabet_digits\train\7\Output Image -294.jpg,train,7,33,400,400,accepted
data\isl_alphabet_digits\train\7\Output Image -123.jpg,train,7,33,400,400,accepted
data\isl_alphabet_digits\train\7\Sign 7 (110).jpeg,train,7,33,400,400,accepted
data\isl_alphabet_digits\train\7\Sign 7 (209).jpeg,train,7,33,400,400,accepted
data\isl_alphabet_digits\train\7\Sign 7 (123).jpeg,train,7,33,400,400,accepted
data\isl_alphabet_digits\train\7\Output Image -416.jpg,train,7,33,400,400,accepted
data\isl_alphabet_digits\train\7\Sign 7 (229).jpeg,train,7,33,400,400,accepted
data\isl_alphabet_digits\train\7\Sign 7 (105).jpeg,train,7,33,400,400,accepted
data\isl_alphabet_digits\train\7\Output Image -430.jpg,train,7,33,400,400,accepted
data\isl_alphabet_digits\train\7\Sign 7 (456).jpeg,train,7,33,400,400,accepted
data\isl_alphabet_digits\train\7\Output Image -461.jpg,train,7,33,400,400,accepted
data\isl_alphabet_digits\train\7\Sign 7 (276).jpeg,train,7,33,400,400,accepted
data\isl_alphabet_digits\train\7\Sign 7 (194).jpeg,train,7,33,400,400,accepted
data\isl_alphabet_digits\train\7\Output Image -328.jpg,train,7,33,400,400,accepted
data\isl_alphabet_digits\train\7\Output Image -378.jpg,train,7,33,400,400,accepted
data\isl_alphabet_digits\train\7\Sign 7 (407).jpeg,train,7,33,400,400,accepted
data\isl_alphabet_digits\train\7\Output Image -202.jpg,train,7,33,400,400,accepted
data\isl_alphabet_digits\train\7\Sign 7 (66).jpeg,train,7,33,400,400,accepted
data\isl_alphabet_digits\train\7\Sign 7 (252).jpeg,train,7,33,400,400,accepted
data\isl_alphabet_digits\train\7\Sign 7 (172).jpeg,train,7,33,400,400,accepted
data\isl_alphabet_digits\train\7\Output Image -340.jpg,train,7,33,400,400,accepted
data\isl_alphabet_digits\train\7\Output Image -215.jpg,train,7,33,400,400,accepted
data\isl_alphabet_digits\train\7\Sign 7 (453).jpeg,train,7,33,400,400,accepted
data\isl_alphabet_digits\train\7\Sign 7 (64).jpeg,train,7,33,400,400,accepted
data\isl_alphabet_digits\train\7\Sign 7 (357).jpeg,train,7,33,400,400,accepted
data\isl_alphabet_digits\train\7\Output Image -251.jpg,train,7,33,400,400,accepted
data\isl_alphabet_digits\train\7\Sign 7 (320).jpeg,train,7,33,400,400,accepted
data\isl_alphabet_digits\train\7\Output Image -41.jpg,train,7,33,400,400,accepted
data\isl_alphabet_digits\train\7\Sign 7 (239).jpeg,train,7,33,400,400,accepted
data\isl_alphabet_digits\train\7\Sign 7 (387).jpeg,train,7,33,400,400,accepted
data\isl_alphabet_digits\train\7\Output Image -470.jpg,train,7,33,400,400,accepted
data\isl_alphabet_digits\train\7\Output Image -204.jpg,train,7,33,400,400,accepted
data\isl_alphabet_digits\train\7\Sign 7 (314).jpeg,train,7,33,400,400,accepted
data\isl_alphabet_digits\train\7\Output Image -78.jpg,train,7,33,400,400,accepted
data\isl_alphabet_digits\train\7\Output Image -121.jpg,train,7,33,400,400,accepted
data\isl_alphabet_digits\train\7\Sign 7 (133).jpeg,train,7,33,400,400,accepted
data\isl_alphabet_digits\train\7\Output Image -395.jpg,train,7,33,400,400,accepted
data\isl_alphabet_digits\train\7\Output Image -325.jpg,train,7,33,400,400,accepted
data\isl_alphabet_digits\train\7\Sign 7 (89).jpeg,train,7,33,400,400,accepted
data\isl_alphabet_digits\train\7\Sign 7 (221).jpeg,train,7,33,400,400,accepted
data\isl_alphabet_digits\train\7\Output Image -188.jpg,train,7,33,400,400,accepted
data\isl_alphabet_digits\train\7\Sign 7 (243).jpeg,train,7,33,400,400,accepted
data\isl_alphabet_digits\train\7\Sign 7 (17).jpeg,train,7,33,400,400,accepted
data\isl_alphabet_digits\train\7\Output Image -63.jpg,train,7,33,400,400,accepted
data\isl_alphabet_digits\train\7\Sign 7 (143).jpeg,train,7,33,400,400,accepted
data\isl_alphabet_digits\train\7\Output Image -245.jpg,train,7,33,400,400,accepted
data\isl_alphabet_digits\train\7\Sign 7 (93).jpeg,train,7,33,400,400,accepted
data\isl_alphabet_digits\train\7\Sign 7 (147).jpeg,train,7,33,400,400,accepted
data\isl_alphabet_digits\train\7\Sign 7 (268).jpeg,train,7,33,400,400,accepted
data\isl_alphabet_digits\train\7\Output Image -43.jpg,train,7,33,400,400,accepted
data\isl_alphabet_digits\train\7\Sign 7 (74).jpeg,train,7,33,400,400,accepted
data\isl_alphabet_digits\train\7\Output Image -421.jpg,train,7,33,400,400,accepted
data\isl_alphabet_digits\train\7\Sign 7 (470).jpeg,train,7,33,400,400,accepted
data\isl_alphabet_digits\train\7\Output Image -133.jpg,train,7,33,400,400,accepted
data\isl_alphabet_digits\train\7\Sign 7 (362).jpeg,train,7,33,400,400,accepted
data\isl_alphabet_digits\train\7\Sign 7 (63).jpeg,train,7,33,400,400,accepted
data\isl_alphabet_digits\train\7\Sign 7 (327).jpeg,train,7,33,400,400,accepted
data\isl_alphabet_digits\train\7\Output Image -439.jpg,train,7,33,400,400,accepted
data\isl_alphabet_digits\train\7\Output Image -280.jpg,train,7,33,400,400,accepted
data\isl_alphabet_digits\train\7\Sign 7 (443).jpeg,train,7,33,400,400,accepted
data\isl_alphabet_digits\train\7\Output Image -3.jpg,train,7,33,400,400,accepted
data\isl_alphabet_digits\train\7\Sign 7 (192).jpeg,train,7,33,400,400,accepted
data\isl_alphabet_digits\train\7\Output Image -385.jpg,train,7,33,400,400,accepted
data\isl_alphabet_digits\train\7\Output Image -270.jpg,train,7,33,400,400,accepted
data\isl_alphabet_digits\train\7\Sign 7 (279).jpeg,train,7,33,400,400,accepted
data\isl_alphabet_digits\train\7\Sign 7 (109).jpeg,train,7,33,400,400,accepted
data\isl_alphabet_digits\train\7\Sign 7 (346).jpeg,train,7,33,400,400,accepted
data\isl_alphabet_digits\train\7\Output Image -142.jpg,train,7,33,400,400,accepted
data\isl_alphabet_digits\train\7\Sign 7 (56).jpeg,train,7,33,400,400,accepted
data\isl_alphabet_digits\train\7\Output Image -79.jpg,train,7,33,400,400,accepted
data\isl_alphabet_digits\train\7\Sign 7 (285).jpeg,train,7,33,400,400,accepted
data\isl_alphabet_digits\train\7\Sign 7 (411).jpeg,train,7,33,400,400,accepted
data\isl_alphabet_digits\train\7\Sign 7 (226).jpeg,train,7,33,400,400,accepted
data\isl_alphabet_digits\train\7\Output Image -37.jpg,train,7,33,400,400,accepted
data\isl_alphabet_digits\train\7\Sign 7 (288).jpeg,train,7,33,400,400,accepted
data\isl_alphabet_digits\train\7\Sign 7 (146).jpeg,train,7,33,400,400,accepted
data\isl_alphabet_digits\train\7\Output Image -21.jpg,train,7,33,400,400,accepted
data\isl_alphabet_digits\train\7\Output Image -450.jpg,train,7,33,400,400,accepted
data\isl_alphabet_digits\train\7\Output Image -405.jpg,train,7,33,400,400,accepted
data\isl_alphabet_digits\train\7\Sign 7 (31).jpeg,train,7,33,400,400,accepted
data\isl_alphabet_digits\train\7\Sign 7 (97).jpeg,train,7,33,400,400,accepted
data\isl_alphabet_digits\train\7\Sign 7 (81).jpeg,train,7,33,400,400,accepted
data\isl_alphabet_digits\train\7\Output Image -2.jpg,train,7,33,400,400,accepted
data\isl_alphabet_digits\train\7\Sign 7 (131).jpeg,train,7,33,400,400,accepted
data\isl_alphabet_digits\train\7\Output Image -375.jpg,train,7,33,400,400,accepted
data\isl_alphabet_digits\train\7\Sign 7 (3).jpeg,train,7,33,400,400,accepted
data\isl_alphabet_digits\train\7\Sign 7 (404).jpeg,train,7,33,400,400,accepted
data\isl_alphabet_digits\train\7\Output Image -293.jpg,train,7,33,400,400,accepted
data\isl_alphabet_digits\train\7\Sign 7 (321).jpeg,train,7,33,400,400,accepted
data\isl_alphabet_digits\train\7\Sign 7 (29).jpeg,train,7,33,400,400,accepted
data\isl_alphabet_digits\train\7\Sign 7 (340).jpeg,train,7,33,400,400,accepted
data\isl_alphabet_digits\train\7\Output Image -253.jpg,train,7,33,400,400,accepted
data\isl_alphabet_digits\train\7\Output Image -424.jpg,train,7,33,400,400,accepted
data\isl_alphabet_digits\train\7\Sign 7 (142).jpeg,train,7,33,400,400,accepted
data\isl_alphabet_digits\train\7\Output Image -250.jpg,train,7,33,400,400,accepted
data\isl_alphabet_digits\train\7\Sign 7 (236).jpeg,train,7,33,400,400,accepted
data\isl_alphabet_digits\train\7\Output Image -277.jpg,train,7,33,400,400,accepted
data\isl_alphabet_digits\train\7\Sign 7 (231).jpeg,train,7,33,400,400,accepted
data\isl_alphabet_digits\train\7\Output Image -479.jpg,train,7,33,400,400,accepted
data\isl_alphabet_digits\train\7\Output Image -225.jpg,train,7,33,400,400,accepted
data\isl_alphabet_digits\train\7\Output Image -14.jpg,train,7,33,400,400,accepted
data\isl_alphabet_digits\train\7\Output Image -45.jpg,train,7,33,400,400,accepted
data\isl_alphabet_digits\train\7\Output Image -500.jpg,train,7,33,400,400,accepted
data\isl_alphabet_digits\train\7\Sign 7 (83).jpeg,train,7,33,400,400,accepted
data\isl_alphabet_digits\train\7\Sign 7 (145).jpeg,train,7,33,400,400,accepted
data\isl_alphabet_digits\train\7\Sign 7 (38).jpeg,train,7,33,400,400,accepted
data\isl_alphabet_digits\train\7\Output Image -113.jpg,train,7,33,400,400,accepted
data\isl_alphabet_digits\train\7\Output Image -7.jpg,train,7,33,400,400,accepted
data\isl_alphabet_digits\train\7\Sign 7 (293).jpeg,train,7,33,400,400,accepted
data\isl_alphabet_digits\train\7\Sign 7 (150).jpeg,train,7,33,400,400,accepted
data\isl_alphabet_digits\train\7\Sign 7 (412).jpeg,train,7,33,400,400,accepted
data\isl_alphabet_digits\train\7\Sign 7 (360).jpeg,train,7,33,400,400,accepted
data\isl_alphabet_digits\train\7\Output Image -397.jpg,train,7,33,400,400,accepted
data\isl_alphabet_digits\train\7\Sign 7 (26).jpeg,train,7,33,400,400,accepted
data\isl_alphabet_digits\train\7\Output Image -329.jpg,train,7,33,400,400,accepted
data\isl_alphabet_digits\train\7\Output Image -379.jpg,train,7,33,400,400,accepted
data\isl_alphabet_digits\train\7\Output Image -298.jpg,train,7,33,400,400,accepted
data\isl_alphabet_digits\train\7\Sign 7 (47).jpeg,train,7,33,400,400,accepted
data\isl_alphabet_digits\train\7\Sign 7 (51).jpeg,train,7,33,400,400,accepted
data\isl_alphabet_digits\train\7\Output Image -398.jpg,train,7,33,400,400,accepted
data\isl_alphabet_digits\train\7\Sign 7 (246).jpeg,train,7,33,400,400,accepted
data\isl_alphabet_digits\train\7\Output Image -230.jpg,train,7,33,400,400,accepted
data\isl_alphabet_digits\train\7\Output Image -339.jpg,train,7,33,400,400,accepted
data\isl_alphabet_digits\train\7\Output Image -39.jpg,train,7,33,400,400,accepted
data\isl_alphabet_digits\train\7\Sign 7 (152).jpeg,train,7,33,400,400,accepted
data\isl_alphabet_digits\train\7\Sign 7 (206).jpeg,train,7,33,400,400,accepted
data\isl_alphabet_digits\train\7\Sign 7 (30).jpeg,train,7,33,400,400,accepted
data\isl_alphabet_digits\train\7\Output Image -91.jpg,train,7,33,400,400,accepted
data\isl_alphabet_digits\train\7\Output Image -290.jpg,train,7,33,400,400,accepted
data\isl_alphabet_digits\train\7\Output Image -383.jpg,train,7,33,400,400,accepted
data\isl_alphabet_digits\train\7\Sign 7 (41).jpeg,train,7,33,400,400,accepted
data\isl_alphabet_digits\train\7\Output Image -27.jpg,train,7,33,400,400,accepted
data\isl_alphabet_digits\train\7\Sign 7 (25).jpeg,train,7,33,400,400,accepted
data\isl_alphabet_digits\train\7\Output Image -90.jpg,train,7,33,400,400,accepted
data\isl_alphabet_digits\train\7\Output Image -418.jpg,train,7,33,400,400,accepted
data\isl_alphabet_digits\train\7\Output Image -399.jpg,train,7,33,400,400,accepted
data\isl_alphabet_digits\train\7\Output Image -72.jpg,train,7,33,400,400,accepted
data\isl_alphabet_digits\train\7\Output Image -260.jpg,train,7,33,400,400,accepted
data\isl_alphabet_digits\train\7\Sign 7 (107).jpeg,train,7,33,400,400,accepted
data\isl_alphabet_digits\train\7\Output Image -100.jpg,train,7,33,400,400,accepted
data\isl_alphabet_digits\train\7\Sign 7 (393).jpeg,train,7,33,400,400,accepted
data\isl_alphabet_digits\train\7\Output Image -31.jpg,train,7,33,400,400,accepted
data\isl_alphabet_digits\train\7\Output Image -327.jpg,train,7,33,400,400,accepted
data\isl_alphabet_digits\train\7\Sign 7 (473).jpeg,train,7,33,400,400,accepted
data\isl_alphabet_digits\train\7\Output Image -330.jpg,train,7,33,400,400,accepted
data\isl_alphabet_digits\train\7\Sign 7 (442).jpeg,train,7,33,400,400,accepted
data\isl_alphabet_digits\train\7\Output Image -287.jpg,train,7,33,400,400,accepted
data\isl_alphabet_digits\train\7\Output Image -76.jpg,train,7,33,400,400,accepted
data\isl_alphabet_digits\train\7\Sign 7 (379).jpeg,train,7,33,400,400,accepted
data\isl_alphabet_digits\train\7\Sign 7 (332).jpeg,train,7,33,400,400,accepted
data\isl_alphabet_digits\train\7\Sign 7 (184).jpeg,train,7,33,400,400,accepted
data\isl_alphabet_digits\train\7\Output Image -33.jpg,train,7,33,400,400,accepted
data\isl_alphabet_digits\train\7\Output Image -308.jpg,train,7,33,400,400,accepted
data\isl_alphabet_digits\train\7\Output Image -240.jpg,train,7,33,400,400,accepted
data\isl_alphabet_digits\train\7\Sign 7 (339).jpeg,train,7,33,400,400,accepted
data\isl_alphabet_digits\train\7\Sign 7 (341).jpeg,train,7,33,400,400,accepted
data\isl_alphabet_digits\train\7\Output Image -490.jpg,train,7,33,400,400,accepted
data\isl_alphabet_digits\train\7\Sign 7 (99).jpeg,train,7,33,400,400,accepted
data\isl_alphabet_digits\train\7\Output Image -441.jpg,train,7,33,400,400,accepted
data\isl_alphabet_digits\train\7\Output Image -336.jpg,train,7,33,400,400,accepted
data\isl_alphabet_digits\train\7\Output Image -456.jpg,train,7,33,400,400,accepted
data\isl_alphabet_digits\train\7\Sign 7 (4).jpeg,train,7,33,400,400,accepted
data\isl_alphabet_digits\train\7\Output Image -74.jpg,train,7,33,400,400,accepted
data\isl_alphabet_digits\train\7\Output Image -412.jpg,train,7,33,400,400,accepted
data\isl_alphabet_digits\train\7\Sign 7 (440).jpeg,train,7,33,400,400,accepted
data\isl_alphabet_digits\train\7\Sign 7 (151).jpeg,train,7,33,400,400,accepted
data\isl_alphabet_digits\train\7\Output Image -487.jpg,train,7,33,400,400,accepted
data\isl_alphabet_digits\train\7\Sign 7 (76).jpeg,train,7,33,400,400,accepted
data\isl_alphabet_digits\train\7\Sign 7 (70).jpeg,train,7,33,400,400,accepted
data\isl_alphabet_digits\train\7\Sign 7 (36).jpeg,train,7,33,400,400,accepted
data\isl_alphabet_digits\train\7\Sign 7 (78).jpeg,train,7,33,400,400,accepted
data\isl_alphabet_digits\train\7\Output Image -154.jpg,train,7,33,400,400,accepted
data\isl_alphabet_digits\train\7\Output Image -255.jpg,train,7,33,400,400,accepted
data\isl_alphabet_digits\train\7\Sign 7 (238).jpeg,train,7,33,400,400,accepted
data\isl_alphabet_digits\train\7\Output Image -422.jpg,train,7,33,400,400,accepted
data\isl_alphabet_digits\train\7\Output Image -178.jpg,train,7,33,400,400,accepted
data\isl_alphabet_digits\train\7\Sign 7 (103).jpeg,train,7,33,400,400,accepted
data\isl_alphabet_digits\train\7\Sign 7 (218).jpeg,train,7,33,400,400,accepted
data\isl_alphabet_digits\train\7\Output Image -341.jpg,train,7,33,400,400,accepted
data\isl_alphabet_digits\train\7\Sign 7 (282).jpeg,train,7,33,400,400,accepted
data\isl_alphabet_digits\train\7\Output Image -231.jpg,train,7,33,400,400,accepted
data\isl_alphabet_digits\train\7\Output Image -442.jpg,train,7,33,400,400,accepted
data\isl_alphabet_digits\train\7\Sign 7 (61).jpeg,train,7,33,400,400,accepted
data\isl_alphabet_digits\train\7\Sign 7 (311).jpeg,train,7,33,400,400,accepted
data\isl_alphabet_digits\train\7\Sign 7 (420).jpeg,train,7,33,400,400,accepted
data\isl_alphabet_digits\train\7\Output Image -110.jpg,train,7,33,400,400,accepted
data\isl_alphabet_digits\train\7\Output Image -126.jpg,train,7,33,400,400,accepted
data\isl_alphabet_digits\train\7\Output Image -42.jpg,train,7,33,400,400,accepted
data\isl_alphabet_digits\train\7\Sign 7 (335).jpeg,train,7,33,400,400,accepted
data\isl_alphabet_digits\train\7\Sign 7 (11).jpeg,train,7,33,400,400,accepted
data\isl_alphabet_digits\train\7\Output Image -146.jpg,train,7,33,400,400,accepted
data\isl_alphabet_digits\train\7\Sign 7 (1).jpeg,train,7,33,400,400,accepted
data\isl_alphabet_digits\train\7\Sign 7 (21).jpeg,train,7,33,400,400,accepted
data\isl_alphabet_digits\train\7\Output Image -68.jpg,train,7,33,400,400,accepted
data\isl_alphabet_digits\train\7\Sign 7 (228).jpeg,train,7,33,400,400,accepted
data\isl_alphabet_digits\train\7\Output Image -83.jpg,train,7,33,400,400,accepted
data\isl_alphabet_digits\train\7\Output Image -147.jpg,train,7,33,400,400,accepted
data\isl_alphabet_digits\train\7\Output Image -484.jpg,train,7,33,400,400,accepted
data\isl_alphabet_digits\train\7\Sign 7 (476).jpeg,train,7,33,400,400,accepted
data\isl_alphabet_digits\train\7\Output Image -387.jpg,train,7,33,400,400,accepted
data\isl_alphabet_digits\train\7\Sign 7 (369).jpeg,train,7,33,400,400,accepted
data\isl_alphabet_digits\train\7\Output Image -145.jpg,train,7,33,400,400,accepted
data\isl_alphabet_digits\train\7\Sign 7 (397).jpeg,train,7,33,400,400,accepted
data\isl_alphabet_digits\train\7\Sign 7 (42).jpeg,train,7,33,400,400,accepted
data\isl_alphabet_digits\train\7\Sign 7 (164).jpeg,train,7,33,400,400,accepted
data\isl_alphabet_digits\train\7\Output Image -263.jpg,train,7,33,400,400,accepted
data\isl_alphabet_digits\train\7\Output Image -326.jpg,train,7,33,400,400,accepted
data\isl_alphabet_digits\train\7\Output Image -459.jpg,train,7,33,400,400,accepted
data\isl_alphabet_digits\train\7\Sign 7 (62).jpeg,train,7,33,400,400,accepted
data\isl_alphabet_digits\train\7\Sign 7 (24).jpeg,train,7,33,400,400,accepted
data\isl_alphabet_digits\train\7\Sign 7 (267).jpeg,train,7,33,400,400,accepted
data\isl_alphabet_digits\train\7\Output Image -131.jpg,train,7,33,400,400,accepted
data\isl_alphabet_digits\train\7\Sign 7 (71).jpeg,train,7,33,400,400,accepted
data\isl_alphabet_digits\train\7\Output Image -149.jpg,train,7,33,400,400,accepted
data\isl_alphabet_digits\train\7\Sign 7 (499).jpeg,train,7,33,400,400,accepted
data\isl_alphabet_digits\train\7\Output Image -353.jpg,train,7,33,400,400,accepted
data\isl_alphabet_digits\train\7\Output Image -50.jpg,train,7,33,400,400,accepted
data\isl_alphabet_digits\train\7\Sign 7 (343).jpeg,train,7,33,400,400,accepted
data\isl_alphabet_digits\train\7\Sign 7 (98).jpeg,train,7,33,400,400,accepted
data\isl_alphabet_digits\train\7\Sign 7 (375).jpeg,train,7,33,400,400,accepted
data\isl_alphabet_digits\train\7\Sign 7 (430).jpeg,train,7,33,400,400,accepted
data\isl_alphabet_digits\train\7\Output Image -233.jpg,train,7,33,400,400,accepted
data\isl_alphabet_digits\train\7\Output Image -257.jpg,train,7,33,400,400,accepted
data\isl_alphabet_digits\train\7\Sign 7 (125).jpeg,train,7,33,400,400,accepted
data\isl_alphabet_digits\train\7\Output Image -190.jpg,train,7,33,400,400,accepted
data\isl_alphabet_digits\train\7\Output Image -53.jpg,train,7,33,400,400,accepted
data\isl_alphabet_digits\train\7\Output Image -52.jpg,train,7,33,400,400,accepted
data\isl_alphabet_digits\train\7\Sign 7 (217).jpeg,train,7,33,400,400,accepted
data\isl_alphabet_digits\train\7\Output Image -200.jpg,train,7,33,400,400,accepted
data\isl_alphabet_digits\train\7\Output Image -332.jpg,train,7,33,400,400,accepted
data\isl_alphabet_digits\train\7\Sign 7 (373).jpeg,train,7,33,400,400,accepted
data\isl_alphabet_digits\train\7\Sign 7 (272).jpeg,train,7,33,400,400,accepted
data\isl_alphabet_digits\train\7\Output Image -59.jpg,train,7,33,400,400,accepted
data\isl_alphabet_digits\train\7\Output Image -36.jpg,train,7,33,400,400,accepted
data\isl_alphabet_digits\train\7\Sign 7 (158).jpeg,train,7,33,400,400,accepted
data\isl_alphabet_digits\train\7\Output Image -409.jpg,train,7,33,400,400,accepted
data\isl_alphabet_digits\train\7\Output Image -351.jpg,train,7,33,400,400,accepted
data\isl_alphabet_digits\train\7\Output Image -302.jpg,train,7,33,400,400,accepted
data\isl_alphabet_digits\train\7\Output Image -70.jpg,train,7,33,400,400,accepted
data\isl_alphabet_digits\train\7\Output Image -186.jpg,train,7,33,400,400,accepted
data\isl_alphabet_digits\train\7\Sign 7 (317).jpeg,train,7,33,400,400,accepted
data\isl_alphabet_digits\train\7\Sign 7 (72).jpeg,train,7,33,400,400,accepted
data\isl_alphabet_digits\train\7\Sign 7 (13).jpeg,train,7,33,400,400,accepted
data\isl_alphabet_digits\train\7\Output Image -184.jpg,train,7,33,400,400,accepted
data\isl_alphabet_digits\train\7\Output Image -279.jpg,train,7,33,400,400,accepted
data\isl_alphabet_digits\train\7\Sign 7 (27).jpeg,train,7,33,400,400,accepted
data\isl_alphabet_digits\train\7\Sign 7 (259).jpeg,train,7,33,400,400,accepted
data\isl_alphabet_digits\train\7\Output Image -150.jpg,train,7,33,400,400,accepted
data\isl_alphabet_digits\train\7\Sign 7 (141).jpeg,train,7,33,400,400,accepted
data\isl_alphabet_digits\train\7\Output Image -104.jpg,train,7,33,400,400,accepted
data\isl_alphabet_digits\train\7\Output Image -221.jpg,train,7,33,400,400,accepted
data\isl_alphabet_digits\train\7\Output Image -97.jpg,train,7,33,400,400,accepted
data\isl_alphabet_digits\train\7\Sign 7 (68).jpeg,train,7,33,400,400,accepted
data\isl_alphabet_digits\train\7\Sign 7 (330).jpeg,train,7,33,400,400,accepted
data\isl_alphabet_digits\train\7\Output Image -38.jpg,train,7,33,400,400,accepted
data\isl_alphabet_digits\train\7\Sign 7 (396).jpeg,train,7,33,400,400,accepted
data\isl_alphabet_digits\train\7\Sign 7 (400).jpeg,train,7,33,400,400,accepted
data\isl_alphabet_digits\train\7\Sign 7 (410).jpeg,train,7,33,400,400,accepted
data\isl_alphabet_digits\train\7\Output Image -49.jpg,train,7,33,400,400,accepted
data\isl_alphabet_digits\train\7\Sign 7 (483).jpeg,train,7,33,400,400,accepted
data\isl_alphabet_digits\train\7\Sign 7 (46).jpeg,train,7,33,400,400,accepted
data\isl_alphabet_digits\train\7\Output Image -367.jpg,train,7,33,400,400,accepted
data\isl_alphabet_digits\train\7\Output Image -314.jpg,train,7,33,400,400,accepted
data\isl_alphabet_digits\train\7\Output Image -92.jpg,train,7,33,400,400,accepted
data\isl_alphabet_digits\train\7\Sign 7 (188).jpeg,train,7,33,400,400,accepted
data\isl_alphabet_digits\train\7\Output Image -162.jpg,train,7,33,400,400,accepted
data\isl_alphabet_digits\train\7\Sign 7 (312).jpeg,train,7,33,400,400,accepted
data\isl_alphabet_digits\train\7\Output Image -229.jpg,train,7,33,400,400,accepted
data\isl_alphabet_digits\train\7\Output Image -11.jpg,train,7,33,400,400,accepted
data\isl_alphabet_digits\train\7\Output Image -414.jpg,train,7,33,400,400,accepted
data\isl_alphabet_digits\train\7\Sign 7 (273).jpeg,train,7,33,400,400,accepted
data\isl_alphabet_digits\train\7\Sign 7 (258).jpeg,train,7,33,400,400,accepted
data\isl_alphabet_digits\train\7\Sign 7 (414).jpeg,train,7,33,400,400,accepted
data\isl_alphabet_digits\train\7\Sign 7 (402).jpeg,train,7,33,400,400,accepted
data\isl_alphabet_digits\train\7\Output Image -365.jpg,train,7,33,400,400,accepted
data\isl_alphabet_digits\train\7\Sign 7 (113).jpeg,train,7,33,400,400,accepted
data\isl_alphabet_digits\train\7\Output Image -164.jpg,train,7,33,400,400,accepted
data\isl_alphabet_digits\train\7\Output Image -4.jpg,train,7,33,400,400,accepted
data\isl_alphabet_digits\train\7\Sign 7 (281).jpeg,train,7,33,400,400,accepted
data\isl_alphabet_digits\train\7\Sign 7 (450).jpeg,train,7,33,400,400,accepted
data\isl_alphabet_digits\train\7\Sign 7 (124).jpeg,train,7,33,400,400,accepted
data\isl_alphabet_digits\train\7\Sign 7 (178).jpeg,train,7,33,400,400,accepted
data\isl_alphabet_digits\train\7\Sign 7 (205).jpeg,train,7,33,400,400,accepted
data\isl_alphabet_digits\train\7\Output Image -216.jpg,train,7,33,400,400,accepted
data\isl_alphabet_digits\train\7\Sign 7 (216).jpeg,train,7,33,400,400,accepted
data\isl_alphabet_digits\train\7\Output Image -268.jpg,train,7,33,400,400,accepted
data\isl_alphabet_digits\train\7\Output Image -10.jpg,train,7,33,400,400,accepted
data\isl_alphabet_digits\train\7\Sign 7 (394).jpeg,train,7,33,400,400,accepted
data\isl_alphabet_digits\train\7\Sign 7 (43).jpeg,train,7,33,400,400,accepted
data\isl_alphabet_digits\train\7\Sign 7 (422).jpeg,train,7,33,400,400,accepted
data\isl_alphabet_digits\train\7\Sign 7 (249).jpeg,train,7,33,400,400,accepted
data\isl_alphabet_digits\train\7\Output Image -297.jpg,train,7,33,400,400,accepted
data\isl_alphabet_digits\train\7\Sign 7 (233).jpeg,train,7,33,400,400,accepted
data\isl_alphabet_digits\train\7\Sign 7 (101).jpeg,train,7,33,400,400,accepted
data\isl_alphabet_digits\train\7\Output Image -98.jpg,train,7,33,400,400,accepted
data\isl_alphabet_digits\train\7\Sign 7 (413).jpeg,train,7,33,400,400,accepted
data\isl_alphabet_digits\train\7\Output Image -241.jpg,train,7,33,400,400,accepted
data\isl_alphabet_digits\train\7\Sign 7 (324).jpeg,train,7,33,400,400,accepted
data\isl_alphabet_digits\train\7\Output Image -310.jpg,train,7,33,400,400,accepted
data\isl_alphabet_digits\train\7\Output Image -331.jpg,train,7,33,400,400,accepted
data\isl_alphabet_digits\train\7\Sign 7 (34).jpeg,train,7,33,400,400,accepted
data\isl_alphabet_digits\train\7\Output Image -170.jpg,train,7,33,400,400,accepted
data\isl_alphabet_digits\train\7\Output Image -415.jpg,train,7,33,400,400,accepted
data\isl_alphabet_digits\train\7\Output Image -249.jpg,train,7,33,400,400,accepted
data\isl_alphabet_digits\train\7\Output Image -305.jpg,train,7,33,400,400,accepted
data\isl_alphabet_digits\train\7\Output Image -259.jpg,train,7,33,400,400,accepted
data\isl_alphabet_digits\train\7\Output Image -481.jpg,train,7,33,400,400,accepted
data\isl_alphabet_digits\train\7\Output Image -381.jpg,train,7,33,400,400,accepted
data\isl_alphabet_digits\train\7\Sign 7 (100).jpeg,train,7,33,400,400,accepted
data\isl_alphabet_digits\train\7\Sign 7 (95).jpeg,train,7,33,400,400,accepted
data\isl_alphabet_digits\train\7\Sign 7 (385).jpeg,train,7,33,400,400,accepted
data\isl_alphabet_digits\train\7\Sign 7 (353).jpeg,train,7,33,400,400,accepted
data\isl_alphabet_digits\train\7\Output Image -307.jpg,train,7,33,400,400,accepted
data\isl_alphabet_digits\train\7\Sign 7 (351).jpeg,train,7,33,400,400,accepted
data\isl_alphabet_digits\train\7\Sign 7 (331).jpeg,train,7,33,400,400,accepted
data\isl_alphabet_digits\train\7\Sign 7 (104).jpeg,train,7,33,400,400,accepted
data\isl_alphabet_digits\train\7\Sign 7 (237).jpeg,train,7,33,400,400,accepted
data\isl_alphabet_digits\train\7\Output Image -335.jpg,train,7,33,400,400,accepted
data\isl_alphabet_digits\train\7\Sign 7 (423).jpeg,train,7,33,400,400,accepted
data\isl_alphabet_digits\train\7\Sign 7 (10).jpeg,train,7,33,400,400,accepted
data\isl_alphabet_digits\train\7\Sign 7 (213).jpeg,train,7,33,400,400,accepted
data\isl_alphabet_digits\train\7\Output Image -264.jpg,train,7,33,400,400,accepted
data\isl_alphabet_digits\train\7\Output Image -223.jpg,train,7,33,400,400,accepted
data\isl_alphabet_digits\train\7\Sign 7 (154).jpeg,train,7,33,400,400,accepted
data\isl_alphabet_digits\train\7\Output Image -211.jpg,train,7,33,400,400,accepted
data\isl_alphabet_digits\train\7\Output Image -254.jpg,train,7,33,400,400,accepted
data\isl_alphabet_digits\train\7\Sign 7 (253).jpeg,train,7,33,400,400,accepted
data\isl_alphabet_digits\train\7\Sign 7 (326).jpeg,train,7,33,400,400,accepted
data\isl_alphabet_digits\train\7\Output Image -443.jpg,train,7,33,400,400,accepted
data\isl_alphabet_digits\train\7\Sign 7 (59).jpeg,train,7,33,400,400,accepted
data\isl_alphabet_digits\train\7\Sign 7 (263).jpeg,train,7,33,400,400,accepted
data\isl_alphabet_digits\train\7\Sign 7 (262).jpeg,train,7,33,400,400,accepted
data\isl_alphabet_digits\train\7\Output Image -89.jpg,train,7,33,400,400,accepted
data\isl_alphabet_digits\train\7\Output Image -286.jpg,train,7,33,400,400,accepted
data\isl_alphabet_digits\train\7\Sign 7 (500).jpeg,train,7,33,400,400,accepted
data\isl_alphabet_digits\train\7\Output Image -180.jpg,train,7,33,400,400,accepted
data\isl_alphabet_digits\train\7\Output Image -58.jpg,train,7,33,400,400,accepted
data\isl_alphabet_digits\train\7\Sign 7 (176).jpeg,train,7,33,400,400,accepted
data\isl_alphabet_digits\train\7\Output Image -81.jpg,train,7,33,400,400,accepted
data\isl_alphabet_digits\train\7\Sign 7 (19).jpeg,train,7,33,400,400,accepted
data\isl_alphabet_digits\train\7\Sign 7 (18).jpeg,train,7,33,400,400,accepted
data\isl_alphabet_digits\train\7\Output Image -12.jpg,train,7,33,400,400,accepted
data\isl_alphabet_digits\train\7\Output Image -324.jpg,train,7,33,400,400,accepted
data\isl_alphabet_digits\train\7\Output Image -124.jpg,train,7,33,400,400,accepted
data\isl_alphabet_digits\train\7\Sign 7 (398).jpeg,train,7,33,400,400,accepted
data\isl_alphabet_digits\train\7\Sign 7 (275).jpeg,train,7,33,400,400,accepted
data\isl_alphabet_digits\train\7\Output Image -247.jpg,train,7,33,400,400,accepted
data\isl_alphabet_digits\train\7\Output Image -467.jpg,train,7,33,400,400,accepted
data\isl_alphabet_digits\train\7\Sign 7 (77).jpeg,train,7,33,400,400,accepted
data\isl_alphabet_digits\train\7\Output Image -56.jpg,train,7,33,400,400,accepted
data\isl_alphabet_digits\train\7\Output Image -238.jpg,train,7,33,400,400,accepted
data\isl_alphabet_digits\train\7\Sign 7 (39).jpeg,train,7,33,400,400,accepted
data\isl_alphabet_digits\train\7\Sign 7 (295).jpeg,train,7,33,400,400,accepted
data\isl_alphabet_digits\train\7\Output Image -284.jpg,train,7,33,400,400,accepted
data\isl_alphabet_digits\train\7\Output Image -168.jpg,train,7,33,400,400,accepted
data\isl_alphabet_digits\train\7\Sign 7 (419).jpeg,train,7,33,400,400,accepted
data\isl_alphabet_digits\train\7\Output Image -413.jpg,train,7,33,400,400,accepted
data\isl_alphabet_digits\train\7\Output Image -73.jpg,train,7,33,400,400,accepted
data\isl_alphabet_digits\train\7\Output Image -242.jpg,train,7,33,400,400,accepted
data\isl_alphabet_digits\train\7\Sign 7 (58).jpeg,train,7,33,400,400,accepted
data\isl_alphabet_digits\train\7\Sign 7 (298).jpeg,train,7,33,400,400,accepted
data\isl_alphabet_digits\train\7\Sign 7 (5).jpeg,train,7,33,400,400,accepted
data\isl_alphabet_digits\train\7\Output Image -85.jpg,train,7,33,400,400,accepted
data\isl_alphabet_digits\train\7\Output Image -246.jpg,train,7,33,400,400,accepted
data\isl_alphabet_digits\train\7\Sign 7 (57).jpeg,train,7,33,400,400,accepted
data\isl_alphabet_digits\train\7\Output Image -444.jpg,train,7,33,400,400,accepted
data\isl_alphabet_digits\train\7\Sign 7 (225).jpeg,train,7,33,400,400,accepted
data\isl_alphabet_digits\train\7\Sign 7 (204).jpeg,train,7,33,400,400,accepted
data\isl_alphabet_digits\train\7\Sign 7 (234).jpeg,train,7,33,400,400,accepted
data\isl_alphabet_digits\train\7\Output Image -274.jpg,train,7,33,400,400,accepted
data\isl_alphabet_digits\train\7\Output Image -218.jpg,train,7,33,400,400,accepted
data\isl_alphabet_digits\train\7\Sign 7 (355).jpeg,train,7,33,400,400,accepted
data\isl_alphabet_digits\train\7\Output Image -427.jpg,train,7,33,400,400,accepted
data\isl_alphabet_digits\train\7\Output Image -141.jpg,train,7,33,400,400,accepted
data\isl_alphabet_digits\train\7\Sign 7 (306).jpeg,train,7,33,400,400,accepted
data\isl_alphabet_digits\train\7\Output Image -140.jpg,train,7,33,400,400,accepted
data\isl_alphabet_digits\train\7\Sign 7 (286).jpeg,train,7,33,400,400,accepted
data\isl_alphabet_digits\train\7\Sign 7 (121).jpeg,train,7,33,400,400,accepted
data\isl_alphabet_digits\train\7\Output Image -138.jpg,train,7,33,400,400,accepted
data\isl_alphabet_digits\train\7\Output Image -60.jpg,train,7,33,400,400,accepted
data\isl_alphabet_digits\train\7\Output Image -30.jpg,train,7,33,400,400,accepted
data\isl_alphabet_digits\train\7\Output Image -338.jpg,train,7,33,400,400,accepted
data\isl_alphabet_digits\train\7\Output Image -408.jpg,train,7,33,400,400,accepted
data\isl_alphabet_digits\train\7\Sign 7 (287).jpeg,train,7,33,400,400,accepted
data\isl_alphabet_digits\train\7\Output Image -464.jpg,train,7,33,400,400,accepted
data\isl_alphabet_digits\train\7\Output Image -377.jpg,train,7,33,400,400,accepted
data\isl_alphabet_digits\train\7\Sign 7 (202).jpeg,train,7,33,400,400,accepted
data\isl_alphabet_digits\train\7\Output Image -433.jpg,train,7,33,400,400,accepted
data\isl_alphabet_digits\train\7\Output Image -15.jpg,train,7,33,400,400,accepted
data\isl_alphabet_digits\train\7\Sign 7 (251).jpeg,train,7,33,400,400,accepted
data\isl_alphabet_digits\train\7\Output Image -220.jpg,train,7,33,400,400,accepted
data\isl_alphabet_digits\train\7\Output Image -462.jpg,train,7,33,400,400,accepted
data\isl_alphabet_digits\train\7\Sign 7 (408).jpeg,train,7,33,400,400,accepted
data\isl_alphabet_digits\train\7\Output Image -111.jpg,train,7,33,400,400,accepted
data\isl_alphabet_digits\train\7\Sign 7 (274).jpeg,train,7,33,400,400,accepted
data\isl_alphabet_digits\train\7\Output Image -148.jpg,train,7,33,400,400,accepted
data\isl_alphabet_digits\train\7\Sign 7 (40).jpeg,train,7,33,400,400,accepted
data\isl_alphabet_digits\train\7\Sign 7 (417).jpeg,train,7,33,400,400,accepted
data\isl_alphabet_digits\train\7\Sign 7 (9).jpeg,train,7,33,400,400,accepted
data\isl_alphabet_digits\train\7\Output Image -128.jpg,train,7,33,400,400,accepted
data\isl_alphabet_digits\train\7\Sign 7 (405).jpeg,train,7,33,400,400,accepted
data\isl_alphabet_digits\train\7\Sign 7 (296).jpeg,train,7,33,400,400,accepted
data\isl_alphabet_digits\train\7\Output Image -88.jpg,train,7,33,400,400,accepted
data\isl_alphabet_digits\train\7\Output Image -22.jpg,train,7,33,400,400,accepted
data\isl_alphabet_digits\train\7\Output Image -278.jpg,train,7,33,400,400,accepted
data\isl_alphabet_digits\train\7\Output Image -371.jpg,train,7,33,400,400,accepted
data\isl_alphabet_digits\train\7\Sign 7 (88).jpeg,train,7,33,400,400,accepted
data\isl_alphabet_digits\train\7\Output Image -44.jpg,train,7,33,400,400,accepted
data\isl_alphabet_digits\train\7\Output Image -222.jpg,train,7,33,400,400,accepted
data\isl_alphabet_digits\train\7\Sign 7 (347).jpeg,train,7,33,400,400,accepted
data\isl_alphabet_digits\train\7\Sign 7 (138).jpeg,train,7,33,400,400,accepted
data\isl_alphabet_digits\train\7\Output Image -143.jpg,train,7,33,400,400,accepted
data\isl_alphabet_digits\train\7\Output Image -139.jpg,train,7,33,400,400,accepted
data\isl_alphabet_digits\train\7\Sign 7 (220).jpeg,train,7,33,400,400,accepted
data\isl_alphabet_digits\train\7\Output Image -334.jpg,train,7,33,400,400,accepted
data\isl_alphabet_digits\train\7\Sign 7 (134).jpeg,train,7,33,400,400,accepted
data\isl_alphabet_digits\train\7\Output Image -228.jpg,train,7,33,400,400,accepted
data\isl_alphabet_digits\train\7\Output Image -239.jpg,train,7,33,400,400,accepted
data\isl_alphabet_digits\train\7\Output Image -95.jpg,train,7,33,400,400,accepted
data\isl_alphabet_digits\train\7\Sign 7 (427).jpeg,train,7,33,400,400,accepted
data\isl_alphabet_digits\train\7\Output Image -391.jpg,train,7,33,400,400,accepted
data\isl_alphabet_digits\train\7\Sign 7 (137).jpeg,train,7,33,400,400,accepted
data\isl_alphabet_digits\train\7\Sign 7 (96).jpeg,train,7,33,400,400,accepted
data\isl_alphabet_digits\train\7\Output Image -116.jpg,train,7,33,400,400,accepted
data\isl_alphabet_digits\train\7\Output Image -65.jpg,train,7,33,400,400,accepted
data\isl_alphabet_digits\train\7\Output Image -376.jpg,train,7,33,400,400,accepted
data\isl_alphabet_digits\train\7\Sign 7 (447).jpeg,train,7,33,400,400,accepted
data\isl_alphabet_digits\train\7\Output Image -363.jpg,train,7,33,400,400,accepted
data\isl_alphabet_digits\train\7\Output Image -127.jpg,train,7,33,400,400,accepted
data\isl_alphabet_digits\train\7\Sign 7 (284).jpeg,train,7,33,400,400,accepted
data\isl_alphabet_digits\train\7\Sign 7 (166).jpeg,train,7,33,400,400,accepted
data\isl_alphabet_digits\train\7\Sign 7 (309).jpeg,train,7,33,400,400,accepted
data\isl_alphabet_digits\train\7\Output Image -317.jpg,train,7,33,400,400,accepted
data\isl_alphabet_digits\train\7\Output Image -99.jpg,train,7,33,400,400,accepted
data\isl_alphabet_digits\train\7\Output Image -102.jpg,train,7,33,400,400,accepted
data\isl_alphabet_digits\train\7\Sign 7 (381).jpeg,train,7,33,400,400,accepted
data\isl_alphabet_digits\train\7\Sign 7 (112).jpeg,train,7,33,400,400,accepted
data\isl_alphabet_digits\train\7\Output Image -1.jpg,train,7,33,400,400,accepted
data\isl_alphabet_digits\val\7\Sign 7 (129).jpeg,val,7,33,400,400,accepted
data\isl_alphabet_digits\val\7\Sign 7 (329).jpeg,val,7,33,400,400,accepted
data\isl_alphabet_digits\val\7\Sign 7 (299).jpeg,val,7,33,400,400,accepted
data\isl_alphabet_digits\val\7\Sign 7 (271).jpeg,val,7,33,400,400,accepted
data\isl_alphabet_digits\val\7\Output Image -337.jpg,val,7,33,400,400,accepted
data\isl_alphabet_digits\val\7\Output Image -166.jpg,val,7,33,400,400,accepted
data\isl_alphabet_digits\val\7\Output Image -192.jpg,val,7,33,400,400,accepted
data\isl_alphabet_digits\val\7\Output Image -344.jpg,val,7,33,400,400,accepted
data\isl_alphabet_digits\val\7\Output Image -304.jpg,val,7,33,400,400,accepted
data\isl_alphabet_digits\val\7\Output Image -473.jpg,val,7,33,400,400,accepted
data\isl_alphabet_digits\val\7\Output Image -158.jpg,val,7,33,400,400,accepted
data\isl_alphabet_digits\val\7\Output Image -207.jpg,val,7,33,400,400,accepted
data\isl_alphabet_digits\val\7\Sign 7 (244).jpeg,val,7,33,400,400,accepted
data\isl_alphabet_digits\val\7\Output Image -17.jpg,val,7,33,400,400,accepted
data\isl_alphabet_digits\val\7\Sign 7 (187).jpeg,val,7,33,400,400,accepted
data\isl_alphabet_digits\val\7\Sign 7 (53).jpeg,val,7,33,400,400,accepted
data\isl_alphabet_digits\val\7\Output Image -291.jpg,val,7,33,400,400,accepted
data\isl_alphabet_digits\val\7\Output Image -289.jpg,val,7,33,400,400,accepted
data\isl_alphabet_digits\val\7\Sign 7 (334).jpeg,val,7,33,400,400,accepted
data\isl_alphabet_digits\val\7\Output Image -476.jpg,val,7,33,400,400,accepted
data\isl_alphabet_digits\val\7\Output Image -267.jpg,val,7,33,400,400,accepted
data\isl_alphabet_digits\val\7\Sign 7 (378).jpeg,val,7,33,400,400,accepted
data\isl_alphabet_digits\val\7\Sign 7 (122).jpeg,val,7,33,400,400,accepted
data\isl_alphabet_digits\val\7\Sign 7 (291).jpeg,val,7,33,400,400,accepted
data\isl_alphabet_digits\val\7\Output Image -321.jpg,val,7,33,400,400,accepted
data\isl_alphabet_digits\val\7\Sign 7 (219).jpeg,val,7,33,400,400,accepted
data\isl_alphabet_digits\val\7\Sign 7 (294).jpeg,val,7,33,400,400,accepted
data\isl_alphabet_digits\val\7\Output Image -34.jpg,val,7,33,400,400,accepted
data\isl_alphabet_digits\val\7\Sign 7 (389).jpeg,val,7,33,400,400,accepted
data\isl_alphabet_digits\val\7\Output Image -130.jpg,val,7,33,400,400,accepted
data\isl_alphabet_digits\val\7\Sign 7 (416).jpeg,val,7,33,400,400,accepted
data\isl_alphabet_digits\val\7\Output Image -101.jpg,val,7,33,400,400,accepted
data\isl_alphabet_digits\val\7\Output Image -55.jpg,val,7,33,400,400,accepted
data\isl_alphabet_digits\val\7\Sign 7 (44).jpeg,val,7,33,400,400,accepted
data\isl_alphabet_digits\val\7\Output Image -343.jpg,val,7,33,400,400,accepted
data\isl_alphabet_digits\val\7\Output Image -482.jpg,val,7,33,400,400,accepted
data\isl_alphabet_digits\val\7\Output Image -333.jpg,val,7,33,400,400,accepted
data\isl_alphabet_digits\val\7\Sign 7 (290).jpeg,val,7,33,400,400,accepted
data\isl_alphabet_digits\val\7\Sign 7 (23).jpeg,val,7,33,400,400,accepted
data\isl_alphabet_digits\val\7\Output Image -235.jpg,val,7,33,400,400,accepted
data\isl_alphabet_digits\val\7\Output Image -258.jpg,val,7,33,400,400,accepted
data\isl_alphabet_digits\val\7\Sign 7 (169).jpeg,val,7,33,400,400,accepted
data\isl_alphabet_digits\val\7\Sign 7 (439).jpeg,val,7,33,400,400,accepted
data\isl_alphabet_digits\val\7\Sign 7 (266).jpeg,val,7,33,400,400,accepted
data\isl_alphabet_digits\val\7\Output Image -265.jpg,val,7,33,400,400,accepted
data\isl_alphabet_digits\val\7\Sign 7 (254).jpeg,val,7,33,400,400,accepted
data\isl_alphabet_digits\val\7\Output Image -61.jpg,val,7,33,400,400,accepted
data\isl_alphabet_digits\val\7\Output Image -77.jpg,val,7,33,400,400,accepted
data\isl_alphabet_digits\val\7\Output Image -66.jpg,val,7,33,400,400,accepted
data\isl_alphabet_digits\val\7\Sign 7 (421).jpeg,val,7,33,400,400,accepted
data\isl_alphabet_digits\val\7\Output Image -32.jpg,val,7,33,400,400,accepted
data\isl_alphabet_digits\val\7\Sign 7 (307).jpeg,val,7,33,400,400,accepted
data\isl_alphabet_digits\val\7\Output Image -243.jpg,val,7,33,400,400,accepted
data\isl_alphabet_digits\val\7\Output Image -28.jpg,val,7,33,400,400,accepted
data\isl_alphabet_digits\val\7\Sign 7 (248).jpeg,val,7,33,400,400,accepted
data\isl_alphabet_digits\val\7\Sign 7 (310).jpeg,val,7,33,400,400,accepted
data\isl_alphabet_digits\val\7\Sign 7 (241).jpeg,val,7,33,400,400,accepted
data\isl_alphabet_digits\val\7\Output Image -244.jpg,val,7,33,400,400,accepted
data\isl_alphabet_digits\val\7\Output Image -136.jpg,val,7,33,400,400,accepted
data\isl_alphabet_digits\val\7\Sign 7 (459).jpeg,val,7,33,400,400,accepted
data\isl_alphabet_digits\val\7\Output Image -301.jpg,val,7,33,400,400,accepted
data\isl_alphabet_digits\val\7\Sign 7 (424).jpeg,val,7,33,400,400,accepted
data\isl_alphabet_digits\val\7\Output Image -115.jpg,val,7,33,400,400,accepted
data\isl_alphabet_digits\val\7\Sign 7 (261).jpeg,val,7,33,400,400,accepted
data\isl_alphabet_digits\val\7\Output Image -272.jpg,val,7,33,400,400,accepted
data\isl_alphabet_digits\val\7\Sign 7 (342).jpeg,val,7,33,400,400,accepted
data\isl_alphabet_digits\val\7\Output Image -107.jpg,val,7,33,400,400,accepted
data\isl_alphabet_digits\val\7\Sign 7 (33).jpeg,val,7,33,400,400,accepted
data\isl_alphabet_digits\val\7\Output Image -346.jpg,val,7,33,400,400,accepted
data\isl_alphabet_digits\val\7\Output Image -309.jpg,val,7,33,400,400,accepted
data\isl_alphabet_digits\val\7\Output Image -224.jpg,val,7,33,400,400,accepted
data\isl_alphabet_digits\val\7\Sign 7 (75).jpeg,val,7,33,400,400,accepted
data\isl_alphabet_digits\val\7\Sign 7 (2).jpeg,val,7,33,400,400,accepted
data\isl_alphabet_digits\val\7\Sign 7 (247).jpeg,val,7,33,400,400,accepted
data\isl_alphabet_digits\val\7\Output Image -362.jpg,val,7,33,400,400,accepted
data\isl_alphabet_digits\val\7\Sign 7 (479).jpeg,val,7,33,400,400,accepted
data\isl_alphabet_digits\val\7\Sign 7 (260).jpeg,val,7,33,400,400,accepted
data\isl_alphabet_digits\val\7\Sign 7 (328).jpeg,val,7,33,400,400,accepted
data\isl_alphabet_digits\val\7\Sign 7 (395).jpeg,val,7,33,400,400,accepted
data\isl_alphabet_digits\val\7\Output Image -256.jpg,val,7,33,400,400,accepted
data\isl_alphabet_digits\val\7\Sign 7 (126).jpeg,val,7,33,400,400,accepted
data\isl_alphabet_digits\val\7\Sign 7 (8).jpeg,val,7,33,400,400,accepted
data\isl_alphabet_digits\val\7\Sign 7 (363).jpeg,val,7,33,400,400,accepted
data\isl_alphabet_digits\val\7\Output Image -355.jpg,val,7,33,400,400,accepted
data\isl_alphabet_digits\val\7\Sign 7 (16).jpeg,val,7,33,400,400,accepted
data\isl_alphabet_digits\val\7\Sign 7 (391).jpeg,val,7,33,400,400,accepted
data\isl_alphabet_digits\val\7\Output Image -82.jpg,val,7,33,400,400,accepted
data\isl_alphabet_digits\val\7\Sign 7 (338).jpeg,val,7,33,400,400,accepted
data\isl_alphabet_digits\val\7\Sign 7 (415).jpeg,val,7,33,400,400,accepted
data\isl_alphabet_digits\val\7\Output Image -320.jpg,val,7,33,400,400,accepted
data\isl_alphabet_digits\val\7\Sign 7 (50).jpeg,val,7,33,400,400,accepted
data\isl_alphabet_digits\val\7\Sign 7 (496).jpeg,val,7,33,400,400,accepted
data\isl_alphabet_digits\val\7\Sign 7 (484).jpeg,val,7,33,400,400,accepted
data\isl_alphabet_digits\val\7\Output Image -419.jpg,val,7,33,400,400,accepted
data\isl_alphabet_digits\val\7\Sign 7 (265).jpeg,val,7,33,400,400,accepted
data\isl_alphabet_digits\val\7\Sign 7 (85).jpeg,val,7,33,400,400,accepted
data\isl_alphabet_digits\val\7\Output Image -19.jpg,val,7,33,400,400,accepted
data\isl_alphabet_digits\val\7\Sign 7 (462).jpeg,val,7,33,400,400,accepted
data\isl_alphabet_digits\val\7\Output Image -447.jpg,val,7,33,400,400,accepted
data\isl_alphabet_digits\val\7\Output Image -232.jpg,val,7,33,400,400,accepted
data\isl_alphabet_digits\val\7\Sign 7 (35).jpeg,val,7,33,400,400,accepted
data\isl_alphabet_digits\val\7\Sign 7 (135).jpeg,val,7,33,400,400,accepted
data\isl_alphabet_digits\val\7\Sign 7 (119).jpeg,val,7,33,400,400,accepted
data\isl_alphabet_digits\val\7\Output Image -69.jpg,val,7,33,400,400,accepted
data\isl_alphabet_digits\val\7\Output Image -144.jpg,val,7,33,400,400,accepted
data\isl_alphabet_digits\val\7\Output Image -205.jpg,val,7,33,400,400,accepted
data\isl_alphabet_digits\val\7\Sign 7 (303).jpeg,val,7,33,400,400,accepted
data\isl_alphabet_digits\val\7\Sign 7 (292).jpeg,val,7,33,400,400,accepted
data\isl_alphabet_digits\val\7\Sign 7 (20).jpeg,val,7,33,400,400,accepted
data\isl_alphabet_digits\val\7\Output Image -234.jpg,val,7,33,400,400,accepted
data\isl_alphabet_digits\val\7\Output Image -295.jpg,val,7,33,400,400,accepted
data\isl_alphabet_digits\val\7\Output Image -182.jpg,val,7,33,400,400,accepted
data\isl_alphabet_digits\val\7\Sign 7 (433).jpeg,val,7,33,400,400,accepted
data\isl_alphabet_digits\val\7\Sign 7 (211).jpeg,val,7,33,400,400,accepted
data\isl_alphabet_digits\val\7\Output Image -212.jpg,val,7,33,400,400,accepted
data\isl_alphabet_digits\val\7\Sign 7 (73).jpeg,val,7,33,400,400,accepted
data\isl_alphabet_digits\val\7\Sign 7 (333).jpeg,val,7,33,400,400,accepted
data\isl_alphabet_digits\val\7\Sign 7 (79).jpeg,val,7,33,400,400,accepted
data\isl_alphabet_digits\val\7\Output Image -342.jpg,val,7,33,400,400,accepted
data\isl_alphabet_digits\val\7\Sign 7 (406).jpeg,val,7,33,400,400,accepted
data\isl_alphabet_digits\val\7\Sign 7 (116).jpeg,val,7,33,400,400,accepted
data\isl_alphabet_digits\val\7\Sign 7 (22).jpeg,val,7,33,400,400,accepted
data\isl_alphabet_digits\val\7\Sign 7 (54).jpeg,val,7,33,400,400,accepted
data\isl_alphabet_digits\val\7\Output Image -357.jpg,val,7,33,400,400,accepted
data\isl_alphabet_digits\val\7\Output Image -360.jpg,val,7,33,400,400,accepted
data\isl_alphabet_digits\test\7\Output Image -407.jpg,test,7,33,400,400,accepted
data\isl_alphabet_digits\test\7\Output Image -359.jpg,test,7,33,400,400,accepted
data\isl_alphabet_digits\test\7\Sign 7 (80).jpeg,test,7,33,400,400,accepted
data\isl_alphabet_digits\test\7\Sign 7 (168).jpeg,test,7,33,400,400,accepted
data\isl_alphabet_digits\test\7\Sign 7 (106).jpeg,test,7,33,400,400,accepted
data\isl_alphabet_digits\test\7\Output Image -349.jpg,test,7,33,400,400,accepted
data\isl_alphabet_digits\test\7\Output Image -151.jpg,test,7,33,400,400,accepted
data\isl_alphabet_digits\test\7\Sign 7 (148).jpeg,test,7,33,400,400,accepted
data\isl_alphabet_digits\test\7\Sign 7 (383).jpeg,test,7,33,400,400,accepted
data\isl_alphabet_digits\test\7\Output Image -313.jpg,test,7,33,400,400,accepted
data\isl_alphabet_digits\test\7\Output Image -402.jpg,test,7,33,400,400,accepted
data\isl_alphabet_digits\test\7\Sign 7 (305).jpeg,test,7,33,400,400,accepted
data\isl_alphabet_digits\test\7\Sign 7 (399).jpeg,test,7,33,400,400,accepted
data\isl_alphabet_digits\test\7\Sign 7 (156).jpeg,test,7,33,400,400,accepted
data\isl_alphabet_digits\test\7\Sign 7 (278).jpeg,test,7,33,400,400,accepted
data\isl_alphabet_digits\test\7\Sign 7 (361).jpeg,test,7,33,400,400,accepted
data\isl_alphabet_digits\test\7\Sign 7 (139).jpeg,test,7,33,400,400,accepted
data\isl_alphabet_digits\test\7\Output Image -23.jpg,test,7,33,400,400,accepted
data\isl_alphabet_digits\test\7\Output Image -361.jpg,test,7,33,400,400,accepted
data\isl_alphabet_digits\test\7\Output Image -281.jpg,test,7,33,400,400,accepted
data\isl_alphabet_digits\test\7\Sign 7 (7).jpeg,test,7,33,400,400,accepted
data\isl_alphabet_digits\test\7\Sign 7 (115).jpeg,test,7,33,400,400,accepted
data\isl_alphabet_digits\test\7\Output Image -369.jpg,test,7,33,400,400,accepted
data\isl_alphabet_digits\test\7\Output Image -404.jpg,test,7,33,400,400,accepted
data\isl_alphabet_digits\test\7\Output Image -400.jpg,test,7,33,400,400,accepted
data\isl_alphabet_digits\test\7\Sign 7 (250).jpeg,test,7,33,400,400,accepted
data\isl_alphabet_digits\test\7\Output Image -318.jpg,test,7,33,400,400,accepted
data\isl_alphabet_digits\test\7\Output Image -18.jpg,test,7,33,400,400,accepted
data\isl_alphabet_digits\test\7\Output Image -87.jpg,test,7,33,400,400,accepted
data\isl_alphabet_digits\test\7\Sign 7 (365).jpeg,test,7,33,400,400,accepted
data\isl_alphabet_digits\test\7\Output Image -226.jpg,test,7,33,400,400,accepted
data\isl_alphabet_digits\test\7\Output Image -248.jpg,test,7,33,400,400,accepted
data\isl_alphabet_digits\test\7\Sign 7 (308).jpeg,test,7,33,400,400,accepted
data\isl_alphabet_digits\test\7\Sign 7 (315).jpeg,test,7,33,400,400,accepted
data\isl_alphabet_digits\test\7\Output Image -24.jpg,test,7,33,400,400,accepted
data\isl_alphabet_digits\test\7\Sign 7 (313).jpeg,test,7,33,400,400,accepted
data\isl_alphabet_digits\test\7\Sign 7 (460).jpeg,test,7,33,400,400,accepted
data\isl_alphabet_digits\test\7\Sign 7 (12).jpeg,test,7,33,400,400,accepted
data\isl_alphabet_digits\test\7\Output Image -160.jpg,test,7,33,400,400,accepted
data\isl_alphabet_digits\test\7\Output Image -137.jpg,test,7,33,400,400,accepted
data\isl_alphabet_digits\test\7\Output Image -493.jpg,test,7,33,400,400,accepted
data\isl_alphabet_digits\test\7\Sign 7 (222).jpeg,test,7,33,400,400,accepted
data\isl_alphabet_digits\test\7\Output Image -40.jpg,test,7,33,400,400,accepted
data\isl_alphabet_digits\test\7\Sign 7 (480).jpeg,test,7,33,400,400,accepted
data\isl_alphabet_digits\test\7\Sign 7 (111).jpeg,test,7,33,400,400,accepted
data\isl_alphabet_digits\test\7\Sign 7 (401).jpeg,test,7,33,400,400,accepted
data\isl_alphabet_digits\test\7\Output Image -94.jpg,test,7,33,400,400,accepted
data\isl_alphabet_digits\test\7\Output Image -316.jpg,test,7,33,400,400,accepted
data\isl_alphabet_digits\test\7\Output Image -64.jpg,test,7,33,400,400,accepted
data\isl_alphabet_digits\test\7\Sign 7 (149).jpeg,test,7,33,400,400,accepted
data\isl_alphabet_digits\test\7\Output Image -460.jpg,test,7,33,400,400,accepted
data\isl_alphabet_digits\test\7\Output Image -57.jpg,test,7,33,400,400,accepted
data\isl_alphabet_digits\test\7\Output Image -84.jpg,test,7,33,400,400,accepted
data\isl_alphabet_digits\test\7\Output Image -440.jpg,test,7,33,400,400,accepted
data\isl_alphabet_digits\test\7\Sign 7 (264).jpeg,test,7,33,400,400,accepted
data\isl_alphabet_digits\test\7\Sign 7 (67).jpeg,test,7,33,400,400,accepted
data\isl_alphabet_digits\test\7\Output Image -80.jpg,test,7,33,400,400,accepted
data\isl_alphabet_digits\test\7\Sign 7 (304).jpeg,test,7,33,400,400,accepted
data\isl_alphabet_digits\test\7\Sign 7 (336).jpeg,test,7,33,400,400,accepted
data\isl_alphabet_digits\test\7\Sign 7 (14).jpeg,test,7,33,400,400,accepted
data\isl_alphabet_digits\test\7\Output Image -129.jpg,test,7,33,400,400,accepted
data\isl_alphabet_digits\test\7\Sign 7 (255).jpeg,test,7,33,400,400,accepted
data\isl_alphabet_digits\test\7\Output Image -319.jpg,test,7,33,400,400,accepted
data\isl_alphabet_digits\test\7\Output Image -13.jpg,test,7,33,400,400,accepted
data\isl_alphabet_digits\test\7\Output Image -312.jpg,test,7,33,400,400,accepted
data\isl_alphabet_digits\test\7\Sign 7 (490).jpeg,test,7,33,400,400,accepted
data\isl_alphabet_digits\test\7\Sign 7 (277).jpeg,test,7,33,400,400,accepted
data\isl_alphabet_digits\test\7\Sign 7 (418).jpeg,test,7,33,400,400,accepted
data\isl_alphabet_digits\test\7\Sign 7 (120).jpeg,test,7,33,400,400,accepted
data\isl_alphabet_digits\test\7\Output Image -35.jpg,test,7,33,400,400,accepted
data\isl_alphabet_digits\test\7\Output Image -292.jpg,test,7,33,400,400,accepted
data\isl_alphabet_digits\test\7\Sign 7 (481).jpeg,test,7,33,400,400,accepted
data\isl_alphabet_digits\test\7\Sign 7 (441).jpeg,test,7,33,400,400,accepted
data\isl_alphabet_digits\test\7\Sign 7 (297).jpeg,test,7,33,400,400,accepted
data\isl_alphabet_digits\test\7\Sign 7 (487).jpeg,test,7,33,400,400,accepted
data\isl_alphabet_digits\test\7\Sign 7 (6).jpeg,test,7,33,400,400,accepted
data\isl_alphabet_digits\test\7\Output Image -112.jpg,test,7,33,400,400,accepted
data\isl_alphabet_digits\test\7\Output Image -103.jpg,test,7,33,400,400,accepted
data\isl_alphabet_digits\test\7\Output Image -373.jpg,test,7,33,400,400,accepted
data\isl_alphabet_digits\test\7\Sign 7 (224).jpeg,test,7,33,400,400,accepted
data\isl_alphabet_digits\test\7\Sign 7 (200).jpeg,test,7,33,400,400,accepted
data\isl_alphabet_digits\test\7\Output Image -275.jpg,test,7,33,400,400,accepted
data\isl_alphabet_digits\test\7\Output Image -392.jpg,test,7,33,400,400,accepted
data\isl_alphabet_digits\test\7\Sign 7 (444).jpeg,test,7,33,400,400,accepted
data\isl_alphabet_digits\test\7\Output Image -119.jpg,test,7,33,400,400,accepted
data\isl_alphabet_digits\test\7\Sign 7 (377).jpeg,test,7,33,400,400,accepted
data\isl_alphabet_digits\test\7\Sign 7 (174).jpeg,test,7,33,400,400,accepted
data\isl_alphabet_digits\test\7\Sign 7 (344).jpeg,test,7,33,400,400,accepted
data\isl_alphabet_digits\test\7\Sign 7 (349).jpeg,test,7,33,400,400,accepted
data\isl_alphabet_digits\test\7\Output Image -227.jpg,test,7,33,400,400,accepted
data\isl_alphabet_digits\test\7\Output Image -453.jpg,test,7,33,400,400,accepted
data\isl_alphabet_digits\test\7\Output Image -311.jpg,test,7,33,400,400,accepted
data\isl_alphabet_digits\test\7\Output Image -261.jpg,test,7,33,400,400,accepted
data\isl_alphabet_digits\test\7\Sign 7 (300).jpeg,test,7,33,400,400,accepted
data\isl_alphabet_digits\test\7\Output Image -9.jpg,test,7,33,400,400,accepted
data\isl_alphabet_digits\test\7\Output Image -345.jpg,test,7,33,400,400,accepted
data\isl_alphabet_digits\test\7\Sign 7 (87).jpeg,test,7,33,400,400,accepted
data\isl_alphabet_digits\test\7\Output Image -187.jpg,test,7,33,400,400,accepted
data\isl_alphabet_digits\test\7\Sign 7 (302).jpeg,test,7,33,400,400,accepted
data\isl_alphabet_digits\test\7\Output Image -26.jpg,test,7,33,400,400,accepted
data\isl_alphabet_digits\test\7\Output Image -176.jpg,test,7,33,400,400,accepted
data\isl_alphabet_digits\test\7\Sign 7 (245).jpeg,test,7,33,400,400,accepted
data\isl_alphabet_digits\test\7\Output Image -5.jpg,test,7,33,400,400,accepted
data\isl_alphabet_digits\test\7\Sign 7 (240).jpeg,test,7,33,400,400,accepted
data\isl_alphabet_digits\test\7\Output Image -403.jpg,test,7,33,400,400,accepted
data\isl_alphabet_digits\test\7\Output Image -6.jpg,test,7,33,400,400,accepted
data\isl_alphabet_digits\test\7\Output Image -122.jpg,test,7,33,400,400,accepted
data\isl_alphabet_digits\test\7\Output Image -206.jpg,test,7,33,400,400,accepted
data\isl_alphabet_digits\test\7\Output Image -86.jpg,test,7,33,400,400,accepted
data\isl_alphabet_digits\test\7\Sign 7 (196).jpeg,test,7,33,400,400,accepted
data\isl_alphabet_digits\test\7\Sign 7 (371).jpeg,test,7,33,400,400,accepted
data\isl_alphabet_digits\test\7\Sign 7 (90).jpeg,test,7,33,400,400,accepted
data\isl_alphabet_digits\test\7\Output Image -25.jpg,test,7,33,400,400,accepted
data\isl_alphabet_digits\test\7\Sign 7 (144).jpeg,test,7,33,400,400,accepted
data\isl_alphabet_digits\test\7\Output Image -47.jpg,test,7,33,400,400,accepted
data\isl_alphabet_digits\test\7\Output Image -271.jpg,test,7,33,400,400,accepted
data\isl_alphabet_digits\test\7\Output Image -169.jpg,test,7,33,400,400,accepted
data\isl_alphabet_digits\test\7\Sign 7 (190).jpeg,test,7,33,400,400,accepted
data\isl_alphabet_digits\test\7\Sign 7 (467).jpeg,test,7,33,400,400,accepted
data\isl_alphabet_digits\test\7\Sign 7 (242).jpeg,test,7,33,400,400,accepted
data\isl_alphabet_digits\test\7\Sign 7 (257).jpeg,test,7,33,400,400,accepted
data\isl_alphabet_digits\test\7\Sign 7 (86).jpeg,test,7,33,400,400,accepted
data\isl_alphabet_digits\test\7\Output Image -71.jpg,test,7,33,400,400,accepted
data\isl_alphabet_digits\test\7\Sign 7 (403).jpeg,test,7,33,400,400,accepted
data\isl_alphabet_digits\test\7\Output Image -120.jpg,test,7,33,400,400,accepted
data\isl_alphabet_digits\test\7\Sign 7 (325).jpeg,test,7,33,400,400,accepted
data\isl_alphabet_digits\train\8\Sign 8 (445).jpeg,train,8,34,400,400,accepted
data\isl_alphabet_digits\train\8\Sign 8 (285).jpeg,train,8,34,400,400,accepted
data\isl_alphabet_digits\train\8\Output Image -230.jpg,train,8,34,400,400,accepted
data\isl_alphabet_digits\train\8\Sign 8 (493).jpeg,train,8,34,400,400,accepted
data\isl_alphabet_digits\train\8\Sign 8 (376).jpeg,train,8,34,400,400,accepted
data\isl_alphabet_digits\train\8\Output Image -469.jpg,train,8,34,400,400,accepted
data\isl_alphabet_digits\train\8\Output Image -181.jpg,train,8,34,400,400,accepted
data\isl_alphabet_digits\train\8\Sign 8 (410).jpeg,train,8,34,400,400,accepted
data\isl_alphabet_digits\train\8\Sign 8 (48).jpeg,train,8,34,400,400,accepted
data\isl_alphabet_digits\train\8\Output Image -339.jpg,train,8,34,400,400,accepted
data\isl_alphabet_digits\train\8\Output Image -338.jpg,train,8,34,400,400,accepted
data\isl_alphabet_digits\train\8\Output Image -465.jpg,train,8,34,400,400,accepted
data\isl_alphabet_digits\train\8\Sign 8 (492).jpeg,train,8,34,400,400,accepted
data\isl_alphabet_digits\train\8\Output Image -113.jpg,train,8,34,400,400,accepted
data\isl_alphabet_digits\train\8\Sign 8 (127).jpeg,train,8,34,400,400,accepted
data\isl_alphabet_digits\train\8\Output Image -365.jpg,train,8,34,400,400,accepted
data\isl_alphabet_digits\train\8\Sign 8 (478).jpeg,train,8,34,400,400,accepted
data\isl_alphabet_digits\train\8\Sign 8 (429).jpeg,train,8,34,400,400,accepted
data\isl_alphabet_digits\train\8\Output Image -414.jpg,train,8,34,400,400,accepted
data\isl_alphabet_digits\train\8\Output Image -234.jpg,train,8,34,400,400,accepted
data\isl_alphabet_digits\train\8\Sign 8 (136).jpeg,train,8,34,400,400,accepted
data\isl_alphabet_digits\train\8\Output Image -491.jpg,train,8,34,400,400,accepted
data\isl_alphabet_digits\train\8\Sign 8 (483).jpeg,train,8,34,400,400,accepted
data\isl_alphabet_digits\train\8\Output Image -261.jpg,train,8,34,400,400,accepted
data\isl_alphabet_digits\train\8\Output Image -273.jpg,train,8,34,400,400,accepted
data\isl_alphabet_digits\train\8\Output Image -82.jpg,train,8,34,400,400,accepted
data\isl_alphabet_digits\train\8\Output Image -99.jpg,train,8,34,400,400,accepted
data\isl_alphabet_digits\train\8\Output Image -497.jpg,train,8,34,400,400,accepted
data\isl_alphabet_digits\train\8\Sign 8 (276).jpeg,train,8,34,400,400,accepted
data\isl_alphabet_digits\train\8\Sign 8 (298).jpeg,train,8,34,400,400,accepted
data\isl_alphabet_digits\train\8\Output Image -170.jpg,train,8,34,400,400,accepted
data\isl_alphabet_digits\train\8\Sign 8 (500).jpeg,train,8,34,400,400,accepted
data\isl_alphabet_digits\train\8\Sign 8 (325).jpeg,train,8,34,400,400,accepted
data\isl_alphabet_digits\train\8\Sign 8 (310).jpeg,train,8,34,400,400,accepted
data\isl_alphabet_digits\train\8\Output Image -377.jpg,train,8,34,400,400,accepted
data\isl_alphabet_digits\train\8\Output Image -447.jpg,train,8,34,400,400,accepted
data\isl_alphabet_digits\train\8\Output Image -396.jpg,train,8,34,400,400,accepted
data\isl_alphabet_digits\train\8\Sign 8 (438).jpeg,train,8,34,400,400,accepted
data\isl_alphabet_digits\train\8\Sign 8 (308).jpeg,train,8,34,400,400,accepted
data\isl_alphabet_digits\train\8\Sign 8 (277).jpeg,train,8,34,400,400,accepted
data\isl_alphabet_digits\train\8\Output Image -141.jpg,train,8,34,400,400,accepted
data\isl_alphabet_digits\train\8\Output Image -398.jpg,train,8,34,400,400,accepted
data\isl_alphabet_digits\train\8\Sign 8 (253).jpeg,train,8,34,400,400,accepted
data\isl_alphabet_digits\train\8\Sign 8 (293).jpeg,train,8,34,400,400,accepted
data\isl_alphabet_digits\train\8\Output Image -381.jpg,train,8,34,400,400,accepted
data\isl_alphabet_digits\train\8\Sign 8 (352).jpeg,train,8,34,400,400,accepted
data\isl_alphabet_digits\train\8\Sign 8 (275).jpeg,train,8,34,400,400,accepted
data\isl_alphabet_digits\train\8\Sign 8 (221).jpeg,train,8,34,400,400,accepted
data\isl_alphabet_digits\train\8\Sign 8 (334).jpeg,train,8,34,400,400,accepted
data\isl_alphabet_digits\train\8\Sign 8 (322).jpeg,train,8,34,400,400,accepted
data\isl_alphabet_digits\train\8\Output Image -315.jpg,train,8,34,400,400,accepted
data\isl_alphabet_digits\train\8\Sign 8 (386).jpeg,train,8,34,400,400,accepted
data\isl_alphabet_digits\train\8\Sign 8 (261).jpeg,train,8,34,400,400,accepted
data\isl_alphabet_digits\train\8\Output Image -341.jpg,train,8,34,400,400,accepted
data\isl_alphabet_digits\train\8\Output Image -83.jpg,train,8,34,400,400,accepted
data\isl_alphabet_digits\train\8\Output Image -304.jpg,train,8,34,400,400,accepted
data\isl_alphabet_digits\train\8\Sign 8 (162).jpeg,train,8,34,400,400,accepted
data\isl_alphabet_digits\train\8\Output Image -240.jpg,train,8,34,400,400,accepted
data\isl_alphabet_digits\train\8\Output Image -460.jpg,train,8,34,400,400,accepted
data\isl_alphabet_digits\train\8\Sign 8 (129).jpeg,train,8,34,400,400,accepted
data\isl_alphabet_digits\train\8\Sign 8 (93).jpeg,train,8,34,400,400,accepted
data\isl_alphabet_digits\train\8\Output Image -321.jpg,train,8,34,400,400,accepted
data\isl_alphabet_digits\train\8\Output Image -472.jpg,train,8,34,400,400,accepted
data\isl_alphabet_digits\train\8\Output Image -270.jpg,train,8,34,400,400,accepted
data\isl_alphabet_digits\train\8\Output Image -191.jpg,train,8,34,400,400,accepted
data\isl_alphabet_digits\train\8\Sign 8 (245).jpeg,train,8,34,400,400,accepted
data\isl_alphabet_digits\train\8\Output Image -10.jpg,train,8,34,400,400,accepted
data\isl_alphabet_digits\train\8\Output Image -357.jpg,train,8,34,400,400,accepted
data\isl_alphabet_digits\train\8\Sign 8 (318).jpeg,train,8,34,400,400,accepted
data\isl_alphabet_digits\train\8\Sign 8 (426).jpeg,train,8,34,400,400,accepted
data\isl_alphabet_digits\train\8\Output Image -322.jpg,train,8,34,400,400,accepted
data\isl_alphabet_digits\train\8\Output Image -486.jpg,train,8,34,400,400,accepted
data\isl_alphabet_digits\train\8\Sign 8 (324).jpeg,train,8,34,400,400,accepted
data\isl_alphabet_digits\train\8\Output Image -457.jpg,train,8,34,400,400,accepted
data\isl_alphabet_digits\train\8\Output Image -121.jpg,train,8,34,400,400,accepted
data\isl_alphabet_digits\train\8\Output Image -155.jpg,train,8,34,400,400,accepted
data\isl_alphabet_digits\train\8\Sign 8 (251).jpeg,train,8,34,400,400,accepted
data\isl_alphabet_digits\train\8\Output Image -90.jpg,train,8,34,400,400,accepted
data\isl_alphabet_digits\train\8\Sign 8 (320).jpeg,train,8,34,400,400,accepted
data\isl_alphabet_digits\train\8\Output Image -402.jpg,train,8,34,400,400,accepted
data\isl_alphabet_digits\train\8\Output Image -407.jpg,train,8,34,400,400,accepted
data\isl_alphabet_digits\train\8\Output Image -217.jpg,train,8,34,400,400,accepted
data\isl_alphabet_digits\train\8\Sign 8 (165).jpeg,train,8,34,400,400,accepted
data\isl_alphabet_digits\train\8\Sign 8 (241).jpeg,train,8,34,400,400,accepted
data\isl_alphabet_digits\train\8\Output Image -204.jpg,train,8,34,400,400,accepted
data\isl_alphabet_digits\train\8\Sign 8 (418).jpeg,train,8,34,400,400,accepted
data\isl_alphabet_digits\train\8\Sign 8 (140).jpeg,train,8,34,400,400,accepted
data\isl_alphabet_digits\train\8\Output Image -473.jpg,train,8,34,400,400,accepted
data\isl_alphabet_digits\train\8\Output Image -475.jpg,train,8,34,400,400,accepted
data\isl_alphabet_digits\train\8\Output Image -16.jpg,train,8,34,400,400,accepted
data\isl_alphabet_digits\train\8\Sign 8 (267).jpeg,train,8,34,400,400,accepted
data\isl_alphabet_digits\train\8\Output Image -438.jpg,train,8,34,400,400,accepted
data\isl_alphabet_digits\train\8\Sign 8 (337).jpeg,train,8,34,400,400,accepted
data\isl_alphabet_digits\train\8\Sign 8 (456).jpeg,train,8,34,400,400,accepted
data\isl_alphabet_digits\train\8\Sign 8 (344).jpeg,train,8,34,400,400,accepted
data\isl_alphabet_digits\train\8\Output Image -205.jpg,train,8,34,400,400,accepted
data\isl_alphabet_digits\train\8\Output Image -358.jpg,train,8,34,400,400,accepted
data\isl_alphabet_digits\train\8\Sign 8 (297).jpeg,train,8,34,400,400,accepted
data\isl_alphabet_digits\train\8\Output Image -328.jpg,train,8,34,400,400,accepted
data\isl_alphabet_digits\train\8\Sign 8 (360).jpeg,train,8,34,400,400,accepted
data\isl_alphabet_digits\train\8\Sign 8 (284).jpeg,train,8,34,400,400,accepted
data\isl_alphabet_digits\train\8\Output Image -278.jpg,train,8,34,400,400,accepted
data\isl_alphabet_digits\train\8\Sign 8 (447).jpeg,train,8,34,400,400,accepted
data\isl_alphabet_digits\train\8\Output Image -237.jpg,train,8,34,400,400,accepted
data\isl_alphabet_digits\train\8\Sign 8 (205).jpeg,train,8,34,400,400,accepted
data\isl_alphabet_digits\train\8\Sign 8 (449).jpeg,train,8,34,400,400,accepted
data\isl_alphabet_digits\train\8\Sign 8 (279).jpeg,train,8,34,400,400,accepted
data\isl_alphabet_digits\train\8\Sign 8 (425).jpeg,train,8,34,400,400,accepted
data\isl_alphabet_digits\train\8\Sign 8 (499).jpeg,train,8,34,400,400,accepted
data\isl_alphabet_digits\train\8\Output Image -50.jpg,train,8,34,400,400,accepted
data\isl_alphabet_digits\train\8\Sign 8 (128).jpeg,train,8,34,400,400,accepted
data\isl_alphabet_digits\train\8\Output Image -376.jpg,train,8,34,400,400,accepted
data\isl_alphabet_digits\train\8\Sign 8 (116).jpeg,train,8,34,400,400,accepted
data\isl_alphabet_digits\train\8\Sign 8 (4).jpeg,train,8,34,400,400,accepted
data\isl_alphabet_digits\train\8\Sign 8 (361).jpeg,train,8,34,400,400,accepted
data\isl_alphabet_digits\train\8\Output Image -494.jpg,train,8,34,400,400,accepted
data\isl_alphabet_digits\train\8\Sign 8 (341).jpeg,train,8,34,400,400,accepted
data\isl_alphabet_digits\train\8\Sign 8 (484).jpeg,train,8,34,400,400,accepted
data\isl_alphabet_digits\train\8\Sign 8 (398).jpeg,train,8,34,400,400,accepted
data\isl_alphabet_digits\train\8\Output Image -455.jpg,train,8,34,400,400,accepted
data\isl_alphabet_digits\train\8\Sign 8 (182).jpeg,train,8,34,400,400,accepted
data\isl_alphabet_digits\train\8\Output Image -415.jpg,train,8,34,400,400,accepted
data\isl_alphabet_digits\train\8\Sign 8 (237).jpeg,train,8,34,400,400,accepted
data\isl_alphabet_digits\train\8\Output Image -182.jpg,train,8,34,400,400,accepted
data\isl_alphabet_digits\train\8\Sign 8 (103).jpeg,train,8,34,400,400,accepted
data\isl_alphabet_digits\train\8\Output Image -433.jpg,train,8,34,400,400,accepted
data\isl_alphabet_digits\train\8\Output Image -380.jpg,train,8,34,400,400,accepted
data\isl_alphabet_digits\train\8\Sign 8 (248).jpeg,train,8,34,400,400,accepted
data\isl_alphabet_digits\train\8\Sign 8 (260).jpeg,train,8,34,400,400,accepted
data\isl_alphabet_digits\train\8\Sign 8 (369).jpeg,train,8,34,400,400,accepted
data\isl_alphabet_digits\train\8\Output Image -108.jpg,train,8,34,400,400,accepted
data\isl_alphabet_digits\train\8\Sign 8 (20).jpeg,train,8,34,400,400,accepted
data\isl_alphabet_digits\train\8\Sign 8 (246).jpeg,train,8,34,400,400,accepted
data\isl_alphabet_digits\train\8\Sign 8 (396).jpeg,train,8,34,400,400,accepted
data\isl_alphabet_digits\train\8\Sign 8 (286).jpeg,train,8,34,400,400,accepted
data\isl_alphabet_digits\train\8\Sign 8 (474).jpeg,train,8,34,400,400,accepted
data\isl_alphabet_digits\train\8\Sign 8 (96).jpeg,train,8,34,400,400,accepted
data\isl_alphabet_digits\train\8\Sign 8 (467).jpeg,train,8,34,400,400,accepted
data\isl_alphabet_digits\train\8\Output Image -445.jpg,train,8,34,400,400,accepted
data\isl_alphabet_digits\train\8\Output Image -48.jpg,train,8,34,400,400,accepted
data\isl_alphabet_digits\train\8\Output Image -370.jpg,train,8,34,400,400,accepted
data\isl_alphabet_digits\train\8\Sign 8 (434).jpeg,train,8,34,400,400,accepted
data\isl_alphabet_digits\train\8\Output Image -336.jpg,train,8,34,400,400,accepted
data\isl_alphabet_digits\train\8\Output Image -92.jpg,train,8,34,400,400,accepted
data\isl_alphabet_digits\train\8\Output Image -104.jpg,train,8,34,400,400,accepted
data\isl_alphabet_digits\train\8\Output Image -229.jpg,train,8,34,400,400,accepted
data\isl_alphabet_digits\train\8\Sign 8 (312).jpeg,train,8,34,400,400,accepted
data\isl_alphabet_digits\train\8\Output Image -287.jpg,train,8,34,400,400,accepted
data\isl_alphabet_digits\train\8\Sign 8 (143).jpeg,train,8,34,400,400,accepted
data\isl_alphabet_digits\train\8\Sign 8 (61).jpeg,train,8,34,400,400,accepted
data\isl_alphabet_digits\train\8\Output Image -238.jpg,train,8,34,400,400,accepted
data\isl_alphabet_digits\train\8\Sign 8 (317).jpeg,train,8,34,400,400,accepted
data\isl_alphabet_digits\train\8\Output Image -96.jpg,train,8,34,400,400,accepted
data\isl_alphabet_digits\train\8\Sign 8 (104).jpeg,train,8,34,400,400,accepted
data\isl_alphabet_digits\train\8\Sign 8 (266).jpeg,train,8,34,400,400,accepted
data\isl_alphabet_digits\train\8\Output Image -290.jpg,train,8,34,400,400,accepted
data\isl_alphabet_digits\train\8\Sign 8 (477).jpeg,train,8,34,400,400,accepted
data\isl_alphabet_digits\train\8\Output Image -307.jpg,train,8,34,400,400,accepted
data\isl_alphabet_digits\train\8\Output Image -387.jpg,train,8,34,400,400,accepted
data\isl_alphabet_digits\train\8\Sign 8 (292).jpeg,train,8,34,400,400,accepted
data\isl_alphabet_digits\train\8\Sign 8 (102).jpeg,train,8,34,400,400,accepted
data\isl_alphabet_digits\train\8\Sign 8 (490).jpeg,train,8,34,400,400,accepted
data\isl_alphabet_digits\train\8\Output Image -446.jpg,train,8,34,400,400,accepted
data\isl_alphabet_digits\train\8\Sign 8 (342).jpeg,train,8,34,400,400,accepted
data\isl_alphabet_digits\train\8\Sign 8 (354).jpeg,train,8,34,400,400,accepted
data\isl_alphabet_digits\train\8\Output Image -364.jpg,train,8,34,400,400,accepted
data\isl_alphabet_digits\train\8\Output Image -349.jpg,train,8,34,400,400,accepted
data\isl_alphabet_digits\train\8\Sign 8 (215).jpeg,train,8,34,400,400,accepted
data\isl_alphabet_digits\train\8\Sign 8 (315).jpeg,train,8,34,400,400,accepted
data\isl_alphabet_digits\train\8\Output Image -79.jpg,train,8,34,400,400,accepted
data\isl_alphabet_digits\train\8\Output Image -120.jpg,train,8,34,400,400,accepted
data\isl_alphabet_digits\train\8\Sign 8 (485).jpeg,train,8,34,400,400,accepted
data\isl_alphabet_digits\train\8\Sign 8 (240).jpeg,train,8,34,400,400,accepted
data\isl_alphabet_digits\train\8\Output Image -453.jpg,train,8,34,400,400,accepted
data\isl_alphabet_digits\train\8\Output Image -221.jpg,train,8,34,400,400,accepted
data\isl_alphabet_digits\train\8\Output Image -135.jpg,train,8,34,400,400,accepted
data\isl_alphabet_digits\train\8\Output Image -437.jpg,train,8,34,400,400,accepted
data\isl_alphabet_digits\train\8\Output Image -383.jpg,train,8,34,400,400,accepted
data\isl_alphabet_digits\train\8\Output Image -118.jpg,train,8,34,400,400,accepted
data\isl_alphabet_digits\train\8\Output Image -262.jpg,train,8,34,400,400,accepted
data\isl_alphabet_digits\train\8\Output Image -389.jpg,train,8,34,400,400,accepted
data\isl_alphabet_digits\train\8\Output Image -130.jpg,train,8,34,400,400,accepted
data\isl_alphabet_digits\train\8\Output Image -302.jpg,train,8,34,400,400,accepted
data\isl_alphabet_digits\train\8\Output Image -422.jpg,train,8,34,400,400,accepted
data\isl_alphabet_digits\train\8\Output Image -450.jpg,train,8,34,400,400,accepted
data\isl_alphabet_digits\train\8\Sign 8 (10).jpeg,train,8,34,400,400,accepted
data\isl_alphabet_digits\train\8\Sign 8 (263).jpeg,train,8,34,400,400,accepted
data\isl_alphabet_digits\train\8\Output Image -227.jpg,train,8,34,400,400,accepted
data\isl_alphabet_digits\train\8\Output Image -352.jpg,train,8,34,400,400,accepted
data\isl_alphabet_digits\train\8\Sign 8 (336).jpeg,train,8,34,400,400,accepted
data\isl_alphabet_digits\train\8\Output Image -171.jpg,train,8,34,400,400,accepted
data\isl_alphabet_digits\train\8\Sign 8 (368).jpeg,train,8,34,400,400,accepted
data\isl_alphabet_digits\train\8\Sign 8 (183).jpeg,train,8,34,400,400,accepted
data\isl_alphabet_digits\train\8\Sign 8 (338).jpeg,train,8,34,400,400,accepted
data\isl_alphabet_digits\train\8\Output Image -264.jpg,train,8,34,400,400,accepted
data\isl_alphabet_digits\train\8\Output Image -277.jpg,train,8,34,400,400,accepted
data\isl_alphabet_digits\train\8\Sign 8 (491).jpeg,train,8,34,400,400,accepted
data\isl_alphabet_digits\train\8\Sign 8 (409).jpeg,train,8,34,400,400,accepted
data\isl_alphabet_digits\train\8\Output Image -319.jpg,train,8,34,400,400,accepted
data\isl_alphabet_digits\train\8\Sign 8 (345).jpeg,train,8,34,400,400,accepted
data\isl_alphabet_digits\train\8\Output Image -347.jpg,train,8,34,400,400,accepted
data\isl_alphabet_digits\train\8\Sign 8 (378).jpeg,train,8,34,400,400,accepted
data\isl_alphabet_digits\train\8\Sign 8 (268).jpeg,train,8,34,400,400,accepted
data\isl_alphabet_digits\train\8\Output Image -117.jpg,train,8,34,400,400,accepted
data\isl_alphabet_digits\train\8\Sign 8 (239).jpeg,train,8,34,400,400,accepted
data\isl_alphabet_digits\train\8\Output Image -281.jpg,train,8,34,400,400,accepted
data\isl_alphabet_digits\train\8\Output Image -100.jpg,train,8,34,400,400,accepted
data\isl_alphabet_digits\train\8\Output Image -436.jpg,train,8,34,400,400,accepted
data\isl_alphabet_digits\train\8\Output Image -263.jpg,train,8,34,400,400,accepted
data\isl_alphabet_digits\train\8\Sign 8 (81).jpeg,train,8,34,400,400,accepted
data\isl_alphabet_digits\train\8\Output Image -246.jpg,train,8,34,400,400,accepted
data\isl_alphabet_digits\train\8\Sign 8 (405).jpeg,train,8,34,400,400,accepted
data\isl_alphabet_digits\train\8\Sign 8 (442).jpeg,train,8,34,400,400,accepted
data\isl_alphabet_digits\train\8\Sign 8 (280).jpeg,train,8,34,400,400,accepted
data\isl_alphabet_digits\train\8\Sign 8 (32).jpeg,train,8,34,400,400,accepted
data\isl_alphabet_digits\train\8\Sign 8 (319).jpeg,train,8,34,400,400,accepted
data\isl_alphabet_digits\train\8\Sign 8 (137).jpeg,train,8,34,400,400,accepted
data\isl_alphabet_digits\train\8\Sign 8 (439).jpeg,train,8,34,400,400,accepted
data\isl_alphabet_digits\train\8\Output Image -462.jpg,train,8,34,400,400,accepted
data\isl_alphabet_digits\train\8\Output Image -404.jpg,train,8,34,400,400,accepted
data\isl_alphabet_digits\train\8\Sign 8 (82).jpeg,train,8,34,400,400,accepted
data\isl_alphabet_digits\train\8\Sign 8 (311).jpeg,train,8,34,400,400,accepted
data\isl_alphabet_digits\train\8\Output Image -478.jpg,train,8,34,400,400,accepted
data\isl_alphabet_digits\train\8\Sign 8 (407).jpeg,train,8,34,400,400,accepted
data\isl_alphabet_digits\train\8\Sign 8 (475).jpeg,train,8,34,400,400,accepted
data\isl_alphabet_digits\train\8\Output Image -207.jpg,train,8,34,400,400,accepted
data\isl_alphabet_digits\train\8\Output Image -280.jpg,train,8,34,400,400,accepted
data\isl_alphabet_digits\train\8\Output Image -388.jpg,train,8,34,400,400,accepted
data\isl_alphabet_digits\train\8\Sign 8 (457).jpeg,train,8,34,400,400,accepted
data\isl_alphabet_digits\train\8\Output Image -157.jpg,train,8,34,400,400,accepted
data\isl_alphabet_digits\train\8\Sign 8 (114).jpeg,train,8,34,400,400,accepted
data\isl_alphabet_digits\train\8\Output Image -203.jpg,train,8,34,400,400,accepted
data\isl_alphabet_digits\train\8\Output Image -81.jpg,train,8,34,400,400,accepted
data\isl_alphabet_digits\train\8\Sign 8 (5).jpeg,train,8,34,400,400,accepted
data\isl_alphabet_digits\train\8\Sign 8 (486).jpeg,train,8,34,400,400,accepted
data\isl_alphabet_digits\train\8\Sign 8 (186).jpeg,train,8,34,400,400,accepted
data\isl_alphabet_digits\train\8\Output Image -154.jpg,train,8,34,400,400,accepted
data\isl_alphabet_digits\train\8\Output Image -452.jpg,train,8,34,400,400,accepted
data\isl_alphabet_digits\train\8\Sign 8 (463).jpeg,train,8,34,400,400,accepted
data\isl_alphabet_digits\train\8\Sign 8 (278).jpeg,train,8,34,400,400,accepted
data\isl_alphabet_digits\train\8\Sign 8 (86).jpeg,train,8,34,400,400,accepted
data\isl_alphabet_digits\train\8\Output Image -306.jpg,train,8,34,400,400,accepted
data\isl_alphabet_digits\train\8\Sign 8 (451).jpeg,train,8,34,400,400,accepted
data\isl_alphabet_digits\train\8\Output Image -289.jpg,train,8,34,400,400,accepted
data\isl_alphabet_digits\train\8\Sign 8 (204).jpeg,train,8,34,400,400,accepted
data\isl_alphabet_digits\train\8\Sign 8 (419).jpeg,train,8,34,400,400,accepted
data\isl_alphabet_digits\train\8\Output Image -427.jpg,train,8,34,400,400,accepted
data\isl_alphabet_digits\train\8\Output Image -430.jpg,train,8,34,400,400,accepted
data\isl_alphabet_digits\train\8\Sign 8 (273).jpeg,train,8,34,400,400,accepted
data\isl_alphabet_digits\train\8\Output Image -401.jpg,train,8,34,400,400,accepted
data\isl_alphabet_digits\train\8\Output Image -35.jpg,train,8,34,400,400,accepted
data\isl_alphabet_digits\train\8\Output Image -291.jpg,train,8,34,400,400,accepted
data\isl_alphabet_digits\train\8\Output Image -471.jpg,train,8,34,400,400,accepted
data\isl_alphabet_digits\train\8\Output Image -225.jpg,train,8,34,400,400,accepted
data\isl_alphabet_digits\train\8\Sign 8 (112).jpeg,train,8,34,400,400,accepted
data\isl_alphabet_digits\train\8\Sign 8 (395).jpeg,train,8,34,400,400,accepted
data\isl_alphabet_digits\train\8\Output Image -1.jpg,train,8,34,400,400,accepted
data\isl_alphabet_digits\train\8\Sign 8 (134).jpeg,train,8,34,400,400,accepted
data\isl_alphabet_digits\train\8\Output Image -488.jpg,train,8,34,400,400,accepted
data\isl_alphabet_digits\train\8\Output Image -190.jpg,train,8,34,400,400,accepted
data\isl_alphabet_digits\train\8\Sign 8 (213).jpeg,train,8,34,400,400,accepted
data\isl_alphabet_digits\train\8\Sign 8 (327).jpeg,train,8,34,400,400,accepted
data\isl_alphabet_digits\train\8\Sign 8 (234).jpeg,train,8,34,400,400,accepted
data\isl_alphabet_digits\train\8\Sign 8 (146).jpeg,train,8,34,400,400,accepted
data\isl_alphabet_digits\train\8\Sign 8 (229).jpeg,train,8,34,400,400,accepted
data\isl_alphabet_digits\train\8\Output Image -335.jpg,train,8,34,400,400,accepted
data\isl_alphabet_digits\train\8\Sign 8 (152).jpeg,train,8,34,400,400,accepted
data\isl_alphabet_digits\train\8\Sign 8 (230).jpeg,train,8,34,400,400,accepted
data\isl_alphabet_digits\train\8\Sign 8 (430).jpeg,train,8,34,400,400,accepted
data\isl_alphabet_digits\train\8\Sign 8 (211).jpeg,train,8,34,400,400,accepted
data\isl_alphabet_digits\train\8\Sign 8 (99).jpeg,train,8,34,400,400,accepted
data\isl_alphabet_digits\train\8\Output Image -463.jpg,train,8,34,400,400,accepted
data\isl_alphabet_digits\train\8\Sign 8 (343).jpeg,train,8,34,400,400,accepted
data\isl_alphabet_digits\train\8\Output Image -314.jpg,train,8,34,400,400,accepted
data\isl_alphabet_digits\train\8\Output Image -105.jpg,train,8,34,400,400,accepted
data\isl_alphabet_digits\train\8\Sign 8 (156).jpeg,train,8,34,400,400,accepted
data\isl_alphabet_digits\train\8\Output Image -268.jpg,train,8,34,400,400,accepted
data\isl_alphabet_digits\train\8\Sign 8 (364).jpeg,train,8,34,400,400,accepted
data\isl_alphabet_digits\train\8\Output Image -397.jpg,train,8,34,400,400,accepted
data\isl_alphabet_digits\train\8\Sign 8 (469).jpeg,train,8,34,400,400,accepted
data\isl_alphabet_digits\train\8\Output Image -329.jpg,train,8,34,400,400,accepted
data\isl_alphabet_digits\train\8\Output Image -464.jpg,train,8,34,400,400,accepted
data\isl_alphabet_digits\train\8\Sign 8 (124).jpeg,train,8,34,400,400,accepted
data\isl_alphabet_digits\train\8\Output Image -93.jpg,train,8,34,400,400,accepted
data\isl_alphabet_digits\train\8\Output Image -393.jpg,train,8,34,400,400,accepted
data\isl_alphabet_digits\train\8\Sign 8 (349).jpeg,train,8,34,400,400,accepted
data\isl_alphabet_digits\train\8\Output Image -140.jpg,train,8,34,400,400,accepted
data\isl_alphabet_digits\train\8\Output Image -500.jpg,train,8,34,400,400,accepted
data\isl_alphabet_digits\train\8\Output Image -285.jpg,train,8,34,400,400,accepted
data\isl_alphabet_digits\train\8\Sign 8 (218).jpeg,train,8,34,400,400,accepted
data\isl_alphabet_digits\train\8\Output Image -482.jpg,train,8,34,400,400,accepted
data\isl_alphabet_digits\train\8\Sign 8 (302).jpeg,train,8,34,400,400,accepted
data\isl_alphabet_digits\train\8\Output Image -77.jpg,train,8,34,400,400,accepted
data\isl_alphabet_digits\train\8\Sign 8 (120).jpeg,train,8,34,400,400,accepted
data\isl_alphabet_digits\train\8\Output Image -495.jpg,train,8,34,400,400,accepted
data\isl_alphabet_digits\train\8\Output Image -167.jpg,train,8,34,400,400,accepted
data\isl_alphabet_digits\train\8\Output Image -87.jpg,train,8,34,400,400,accepted
data\isl_alphabet_digits\train\8\Output Image -467.jpg,train,8,34,400,400,accepted
data\isl_alphabet_digits\train\8\Output Image -400.jpg,train,8,34,400,400,accepted
data\isl_alphabet_digits\train\8\Sign 8 (154).jpeg,train,8,34,400,400,accepted
data\isl_alphabet_digits\train\8\Output Image -323.jpg,train,8,34,400,400,accepted
data\isl_alphabet_digits\train\8\Output Image -6.jpg,train,8,34,400,400,accepted
data\isl_alphabet_digits\train\8\Sign 8 (258).jpeg,train,8,34,400,400,accepted
data\isl_alphabet_digits\train\8\Output Image -296.jpg,train,8,34,400,400,accepted
data\isl_alphabet_digits\train\8\Sign 8 (353).jpeg,train,8,34,400,400,accepted
data\isl_alphabet_digits\train\8\Sign 8 (63).jpeg,train,8,34,400,400,accepted
data\isl_alphabet_digits\train\8\Output Image -276.jpg,train,8,34,400,400,accepted
data\isl_alphabet_digits\train\8\Output Image -492.jpg,train,8,34,400,400,accepted
data\isl_alphabet_digits\train\8\Output Image -366.jpg,train,8,34,400,400,accepted
data\isl_alphabet_digits\train\8\Sign 8 (144).jpeg,train,8,34,400,400,accepted
data\isl_alphabet_digits\train\8\Output Image -258.jpg,train,8,34,400,400,accepted
data\isl_alphabet_digits\train\8\Output Image -80.jpg,train,8,34,400,400,accepted
data\isl_alphabet_digits\train\8\Output Image -233.jpg,train,8,34,400,400,accepted
data\isl_alphabet_digits\train\8\Sign 8 (233).jpeg,train,8,34,400,400,accepted
data\isl_alphabet_digits\train\8\Sign 8 (402).jpeg,train,8,34,400,400,accepted
data\isl_alphabet_digits\train\8\Sign 8 (100).jpeg,train,8,34,400,400,accepted
data\isl_alphabet_digits\train\8\Sign 8 (331).jpeg,train,8,34,400,400,accepted
data\isl_alphabet_digits\train\8\Output Image -375.jpg,train,8,34,400,400,accepted
data\isl_alphabet_digits\train\8\Output Image -373.jpg,train,8,34,400,400,accepted
data\isl_alphabet_digits\train\8\Output Image -115.jpg,train,8,34,400,400,accepted
data\isl_alphabet_digits\train\8\Sign 8 (50).jpeg,train,8,34,400,400,accepted
data\isl_alphabet_digits\train\8\Output Image -131.jpg,train,8,34,400,400,accepted
data\isl_alphabet_digits\train\8\Sign 8 (193).jpeg,train,8,34,400,400,accepted
data\isl_alphabet_digits\train\8\Sign 8 (424).jpeg,train,8,34,400,400,accepted
data\isl_alphabet_digits\train\8\Output Image -444.jpg,train,8,34,400,400,accepted
data\isl_alphabet_digits\train\8\Sign 8 (83).jpeg,train,8,34,400,400,accepted
data\isl_alphabet_digits\train\8\Sign 8 (190).jpeg,train,8,34,400,400,accepted
data\isl_alphabet_digits\train\8\Output Image -461.jpg,train,8,34,400,400,accepted
data\isl_alphabet_digits\train\8\Sign 8 (326).jpeg,train,8,34,400,400,accepted
data\isl_alphabet_digits\train\8\Output Image -128.jpg,train,8,34,400,400,accepted
data\isl_alphabet_digits\train\8\Output Image -487.jpg,train,8,34,400,400,accepted
data\isl_alphabet_digits\train\8\Sign 8 (255).jpeg,train,8,34,400,400,accepted
data\isl_alphabet_digits\train\8\Sign 8 (448).jpeg,train,8,34,400,400,accepted
data\isl_alphabet_digits\train\8\Output Image -499.jpg,train,8,34,400,400,accepted
data\isl_alphabet_digits\train\8\Output Image -442.jpg,train,8,34,400,400,accepted
data\isl_alphabet_digits\train\8\Sign 8 (161).jpeg,train,8,34,400,400,accepted
data\isl_alphabet_digits\train\8\Output Image -355.jpg,train,8,34,400,400,accepted
data\isl_alphabet_digits\train\8\Sign 8 (329).jpeg,train,8,34,400,400,accepted
data\isl_alphabet_digits\train\8\Output Image -448.jpg,train,8,34,400,400,accepted
data\isl_alphabet_digits\train\8\Sign 8 (489).jpeg,train,8,34,400,400,accepted
data\isl_alphabet_digits\train\8\Sign 8 (454).jpeg,train,8,34,400,400,accepted
data\isl_alphabet_digits\train\8\Sign 8 (141).jpeg,train,8,34,400,400,accepted
data\isl_alphabet_digits\train\8\Sign 8 (192).jpeg,train,8,34,400,400,accepted
data\isl_alphabet_digits\train\8\Sign 8 (465).jpeg,train,8,34,400,400,accepted
data\isl_alphabet_digits\train\8\Output Image -213.jpg,train,8,34,400,400,accepted
data\isl_alphabet_digits\train\8\Output Image -340.jpg,train,8,34,400,400,accepted
data\isl_alphabet_digits\train\8\Output Image -480.jpg,train,8,34,400,400,accepted
data\isl_alphabet_digits\train\8\Output Image -127.jpg,train,8,34,400,400,accepted
data\isl_alphabet_digits\train\8\Output Image -443.jpg,train,8,34,400,400,accepted
data\isl_alphabet_digits\train\8\Output Image -78.jpg,train,8,34,400,400,accepted
data\isl_alphabet_digits\train\8\Sign 8 (433).jpeg,train,8,34,400,400,accepted
data\isl_alphabet_digits\train\8\Sign 8 (89).jpeg,train,8,34,400,400,accepted
data\isl_alphabet_digits\train\8\Sign 8 (148).jpeg,train,8,34,400,400,accepted
data\isl_alphabet_digits\train\8\Sign 8 (166).jpeg,train,8,34,400,400,accepted
data\isl_alphabet_digits\train\8\Output Image -165.jpg,train,8,34,400,400,accepted
data\isl_alphabet_digits\train\8\Sign 8 (416).jpeg,train,8,34,400,400,accepted
data\isl_alphabet_digits\train\8\Sign 8 (97).jpeg,train,8,34,400,400,accepted
data\isl_alphabet_digits\train\8\Output Image -148.jpg,train,8,34,400,400,accepted
data\isl_alphabet_digits\train\8\Output Image -390.jpg,train,8,34,400,400,accepted
data\isl_alphabet_digits\train\8\Output Image -219.jpg,train,8,34,400,400,accepted
data\isl_alphabet_digits\train\8\Output Image -279.jpg,train,8,34,400,400,accepted
data\isl_alphabet_digits\train\8\Output Image -374.jpg,train,8,34,400,400,accepted
data\isl_alphabet_digits\train\8\Output Image -362.jpg,train,8,34,400,400,accepted
data\isl_alphabet_digits\train\8\Sign 8 (328).jpeg,train,8,34,400,400,accepted
data\isl_alphabet_digits\train\8\Output Image -102.jpg,train,8,34,400,400,accepted
data\isl_alphabet_digits\train\8\Output Image -489.jpg,train,8,34,400,400,accepted
data\isl_alphabet_digits\train\8\Output Image -371.jpg,train,8,34,400,400,accepted
data\isl_alphabet_digits\train\8\Sign 8 (62).jpeg,train,8,34,400,400,accepted
data\isl_alphabet_digits\train\8\Output Image -395.jpg,train,8,34,400,400,accepted
data\isl_alphabet_digits\train\8\Output Image -34.jpg,train,8,34,400,400,accepted
data\isl_alphabet_digits\train\8\Output Image -15.jpg,train,8,34,400,400,accepted
data\isl_alphabet_digits\train\8\Output Image -343.jpg,train,8,34,400,400,accepted
data\isl_alphabet_digits\train\8\Sign 8 (220).jpeg,train,8,34,400,400,accepted
data\isl_alphabet_digits\train\8\Sign 8 (281).jpeg,train,8,34,400,400,accepted
data\isl_alphabet_digits\train\8\Sign 8 (168).jpeg,train,8,34,400,400,accepted
data\isl_alphabet_digits\train\8\Output Image -32.jpg,train,8,34,400,400,accepted
data\isl_alphabet_digits\train\8\Sign 8 (413).jpeg,train,8,34,400,400,accepted
data\isl_alphabet_digits\train\8\Sign 8 (470).jpeg,train,8,34,400,400,accepted
data\isl_alphabet_digits\train\8\Output Image -260.jpg,train,8,34,400,400,accepted
data\isl_alphabet_digits\train\8\Sign 8 (283).jpeg,train,8,34,400,400,accepted
data\isl_alphabet_digits\train\8\Output Image -189.jpg,train,8,34,400,400,accepted
data\isl_alphabet_digits\train\8\Output Image -112.jpg,train,8,34,400,400,accepted
data\isl_alphabet_digits\train\8\Output Image -454.jpg,train,8,34,400,400,accepted
data\isl_alphabet_digits\train\8\Output Image -483.jpg,train,8,34,400,400,accepted
data\isl_alphabet_digits\train\8\Sign 8 (335).jpeg,train,8,34,400,400,accepted
data\isl_alphabet_digits\train\8\Output Image -418.jpg,train,8,34,400,400,accepted
data\isl_alphabet_digits\train\8\Output Image -211.jpg,train,8,34,400,400,accepted
data\isl_alphabet_digits\train\8\Sign 8 (224).jpeg,train,8,34,400,400,accepted
data\isl_alphabet_digits\train\8\Sign 8 (436).jpeg,train,8,34,400,400,accepted
data\isl_alphabet_digits\train\8\Sign 8 (423).jpeg,train,8,34,400,400,accepted
data\isl_alphabet_digits\train\8\Sign 8 (370).jpeg,train,8,34,400,400,accepted
data\isl_alphabet_digits\train\8\Output Image -286.jpg,train,8,34,400,400,accepted
data\isl_alphabet_digits\train\8\Output Image -156.jpg,train,8,34,400,400,accepted
data\isl_alphabet_digits\train\8\Output Image -136.jpg,train,8,34,400,400,accepted
data\isl_alphabet_digits\train\8\Sign 8 (421).jpeg,train,8,34,400,400,accepted
data\isl_alphabet_digits\train\8\Sign 8 (189).jpeg,train,8,34,400,400,accepted
data\isl_alphabet_digits\train\8\Sign 8 (432).jpeg,train,8,34,400,400,accepted
data\isl_alphabet_digits\train\8\Sign 8 (35).jpeg,train,8,34,400,400,accepted
data\isl_alphabet_digits\train\8\Sign 8 (145).jpeg,train,8,34,400,400,accepted
data\isl_alphabet_digits\train\8\Output Image -332.jpg,train,8,34,400,400,accepted
data\isl_alphabet_digits\train\8\Sign 8 (123).jpeg,train,8,34,400,400,accepted
data\isl_alphabet_digits\train\8\Output Image -149.jpg,train,8,34,400,400,accepted
data\isl_alphabet_digits\train\8\Output Image -282.jpg,train,8,34,400,400,accepted
data\isl_alphabet_digits\train\8\Output Image -470.jpg,train,8,34,400,400,accepted
data\isl_alphabet_digits\train\8\Sign 8 (164).jpeg,train,8,34,400,400,accepted
data\isl_alphabet_digits\train\8\Sign 8 (453).jpeg,train,8,34,400,400,accepted
data\isl_alphabet_digits\train\8\Output Image -417.jpg,train,8,34,400,400,accepted
data\isl_alphabet_digits\train\8\Output Image -405.jpg,train,8,34,400,400,accepted
data\isl_alphabet_digits\train\8\Sign 8 (121).jpeg,train,8,34,400,400,accepted
data\isl_alphabet_digits\train\8\Sign 8 (437).jpeg,train,8,34,400,400,accepted
data\isl_alphabet_digits\train\8\Output Image -368.jpg,train,8,34,400,400,accepted
data\isl_alphabet_digits\train\8\Sign 8 (108).jpeg,train,8,34,400,400,accepted
data\isl_alphabet_digits\train\8\Output Image -320.jpg,train,8,34,400,400,accepted
data\isl_alphabet_digits\train\8\Output Image -256.jpg,train,8,34,400,400,accepted
data\isl_alphabet_digits\train\8\Output Image -308.jpg,train,8,34,400,400,accepted
data\isl_alphabet_digits\train\8\Output Image -477.jpg,train,8,34,400,400,accepted
data\isl_alphabet_digits\train\8\Output Image -126.jpg,train,8,34,400,400,accepted
data\isl_alphabet_digits\train\8\Output Image -409.jpg,train,8,34,400,400,accepted
data\isl_alphabet_digits\train\8\Sign 8 (232).jpeg,train,8,34,400,400,accepted
data\isl_alphabet_digits\train\8\Output Image -412.jpg,train,8,34,400,400,accepted
data\isl_alphabet_digits\train\8\Sign 8 (498).jpeg,train,8,34,400,400,accepted
data\isl_alphabet_digits\train\8\Sign 8 (176).jpeg,train,8,34,400,400,accepted
data\isl_alphabet_digits\train\8\Output Image -333.jpg,train,8,34,400,400,accepted
data\isl_alphabet_digits\train\8\Sign 8 (468).jpeg,train,8,34,400,400,accepted
data\isl_alphabet_digits\train\8\Sign 8 (350).jpeg,train,8,34,400,400,accepted
data\isl_alphabet_digits\train\8\Output Image -498.jpg,train,8,34,400,400,accepted
data\isl_alphabet_digits\train\8\Sign 8 (462).jpeg,train,8,34,400,400,accepted
data\isl_alphabet_digits\train\8\Sign 8 (455).jpeg,train,8,34,400,400,accepted
data\isl_alphabet_digits\train\8\Output Image -216.jpg,train,8,34,400,400,accepted
data\isl_alphabet_digits\train\8\Output Image -242.jpg,train,8,34,400,400,accepted
data\isl_alphabet_digits\train\8\Sign 8 (157).jpeg,train,8,34,400,400,accepted
data\isl_alphabet_digits\train\8\Sign 8 (323).jpeg,train,8,34,400,400,accepted
data\isl_alphabet_digits\train\8\Sign 8 (12).jpeg,train,8,34,400,400,accepted
data\isl_alphabet_digits\train\8\Sign 8 (488).jpeg,train,8,34,400,400,accepted
data\isl_alphabet_digits\train\8\Output Image -94.jpg,train,8,34,400,400,accepted
data\isl_alphabet_digits\train\8\Sign 8 (289).jpeg,train,8,34,400,400,accepted
data\isl_alphabet_digits\train\8\Output Image -367.jpg,train,8,34,400,400,accepted
data\isl_alphabet_digits\train\8\Output Image -4.jpg,train,8,34,400,400,accepted
data\isl_alphabet_digits\train\8\Output Image -372.jpg,train,8,34,400,400,accepted
data\isl_alphabet_digits\train\8\Output Image -301.jpg,train,8,34,400,400,accepted
data\isl_alphabet_digits\train\8\Sign 8 (346).jpeg,train,8,34,400,400,accepted
data\isl_alphabet_digits\train\8\Output Image -88.jpg,train,8,34,400,400,accepted
data\isl_alphabet_digits\train\8\Output Image -63.jpg,train,8,34,400,400,accepted
data\isl_alphabet_digits\train\8\Output Image -456.jpg,train,8,34,400,400,accepted
data\isl_alphabet_digits\train\8\Sign 8 (371).jpeg,train,8,34,400,400,accepted
data\isl_alphabet_digits\train\8\Output Image -359.jpg,train,8,34,400,400,accepted
data\isl_alphabet_digits\train\8\Sign 8 (450).jpeg,train,8,34,400,400,accepted
data\isl_alphabet_digits\train\8\Output Image -432.jpg,train,8,34,400,400,accepted
data\isl_alphabet_digits\train\8\Sign 8 (94).jpeg,train,8,34,400,400,accepted
data\isl_alphabet_digits\train\8\Sign 8 (13).jpeg,train,8,34,400,400,accepted
data\isl_alphabet_digits\train\8\Output Image -158.jpg,train,8,34,400,400,accepted
data\isl_alphabet_digits\train\8\Sign 8 (366).jpeg,train,8,34,400,400,accepted
data\isl_alphabet_digits\train\8\Output Image -283.jpg,train,8,34,400,400,accepted
data\isl_alphabet_digits\train\8\Sign 8 (422).jpeg,train,8,34,400,400,accepted
data\isl_alphabet_digits\train\8\Output Image -74.jpg,train,8,34,400,400,accepted
data\isl_alphabet_digits\train\8\Output Image -97.jpg,train,8,34,400,400,accepted
data\isl_alphabet_digits\train\8\Sign 8 (207).jpeg,train,8,34,400,400,accepted
data\isl_alphabet_digits\train\8\Sign 8 (117).jpeg,train,8,34,400,400,accepted
data\isl_alphabet_digits\train\8\Output Image -215.jpg,train,8,34,400,400,accepted
data\isl_alphabet_digits\train\8\Output Image -161.jpg,train,8,34,400,400,accepted
data\isl_alphabet_digits\train\8\Sign 8 (495).jpeg,train,8,34,400,400,accepted
data\isl_alphabet_digits\train\8\Output Image -399.jpg,train,8,34,400,400,accepted
data\isl_alphabet_digits\train\8\Output Image -186.jpg,train,8,34,400,400,accepted
data\isl_alphabet_digits\train\8\Output Image -14.jpg,train,8,34,400,400,accepted
data\isl_alphabet_digits\train\8\Sign 8 (14).jpeg,train,8,34,400,400,accepted
data\isl_alphabet_digits\train\8\Sign 8 (365).jpeg,train,8,34,400,400,accepted
data\isl_alphabet_digits\train\8\Output Image -192.jpg,train,8,34,400,400,accepted
data\isl_alphabet_digits\train\8\Output Image -231.jpg,train,8,34,400,400,accepted
data\isl_alphabet_digits\train\8\Sign 8 (443).jpeg,train,8,34,400,400,accepted
data\isl_alphabet_digits\train\8\Output Image -425.jpg,train,8,34,400,400,accepted
data\isl_alphabet_digits\train\8\Output Image -144.jpg,train,8,34,400,400,accepted
data\isl_alphabet_digits\train\8\Output Image -310.jpg,train,8,34,400,400,accepted
data\isl_alphabet_digits\train\8\Sign 8 (476).jpeg,train,8,34,400,400,accepted
data\isl_alphabet_digits\train\8\Sign 8 (270).jpeg,train,8,34,400,400,accepted
data\isl_alphabet_digits\train\8\Sign 8 (206).jpeg,train,8,34,400,400,accepted
data\isl_alphabet_digits\train\8\Sign 8 (459).jpeg,train,8,34,400,400,accepted
data\isl_alphabet_digits\train\8\Sign 8 (313).jpeg,train,8,34,400,400,accepted
data\isl_alphabet_digits\train\8\Sign 8 (119).jpeg,train,8,34,400,400,accepted
data\isl_alphabet_digits\train\8\Output Image -84.jpg,train,8,34,400,400,accepted
data\isl_alphabet_digits\train\8\Output Image -466.jpg,train,8,34,400,400,accepted
data\isl_alphabet_digits\train\8\Sign 8 (214).jpeg,train,8,34,400,400,accepted
data\isl_alphabet_digits\train\8\Output Image -451.jpg,train,8,34,400,400,accepted
data\isl_alphabet_digits\train\8\Output Image -426.jpg,train,8,34,400,400,accepted
data\isl_alphabet_digits\train\8\Output Image -356.jpg,train,8,34,400,400,accepted
data\isl_alphabet_digits\train\8\Sign 8 (75).jpeg,train,8,34,400,400,accepted
data\isl_alphabet_digits\train\8\Sign 8 (351).jpeg,train,8,34,400,400,accepted
data\isl_alphabet_digits\train\8\Output Image -119.jpg,train,8,34,400,400,accepted
data\isl_alphabet_digits\train\8\Sign 8 (138).jpeg,train,8,34,400,400,accepted
data\isl_alphabet_digits\train\8\Sign 8 (291).jpeg,train,8,34,400,400,accepted
data\isl_alphabet_digits\train\8\Output Image -124.jpg,train,8,34,400,400,accepted
data\isl_alphabet_digits\train\8\Output Image -317.jpg,train,8,34,400,400,accepted
data\isl_alphabet_digits\train\8\Sign 8 (304).jpeg,train,8,34,400,400,accepted
data\isl_alphabet_digits\train\8\Sign 8 (142).jpeg,train,8,34,400,400,accepted
data\isl_alphabet_digits\train\8\Output Image -269.jpg,train,8,34,400,400,accepted
data\isl_alphabet_digits\train\8\Output Image -180.jpg,train,8,34,400,400,accepted
data\isl_alphabet_digits\train\8\Output Image -326.jpg,train,8,34,400,400,accepted
data\isl_alphabet_digits\train\8\Sign 8 (126).jpeg,train,8,34,400,400,accepted
data\isl_alphabet_digits\train\8\Output Image -253.jpg,train,8,34,400,400,accepted
data\isl_alphabet_digits\train\8\Output Image -224.jpg,train,8,34,400,400,accepted
data\isl_alphabet_digits\train\8\Sign 8 (47).jpeg,train,8,34,400,400,accepted
data\isl_alphabet_digits\train\8\Sign 8 (287).jpeg,train,8,34,400,400,accepted
data\isl_alphabet_digits\train\8\Sign 8 (3).jpeg,train,8,34,400,400,accepted
data\isl_alphabet_digits\train\8\Output Image -274.jpg,train,8,34,400,400,accepted
data\isl_alphabet_digits\train\8\Sign 8 (392).jpeg,train,8,34,400,400,accepted
data\isl_alphabet_digits\train\8\Output Image -292.jpg,train,8,34,400,400,accepted
data\isl_alphabet_digits\train\8\Output Image -403.jpg,train,8,34,400,400,accepted
data\isl_alphabet_digits\train\8\Sign 8 (362).jpeg,train,8,34,400,400,accepted
data\isl_alphabet_digits\train\8\Output Image -419.jpg,train,8,34,400,400,accepted
data\isl_alphabet_digits\train\8\Output Image -107.jpg,train,8,34,400,400,accepted
data\isl_alphabet_digits\train\8\Sign 8 (472).jpeg,train,8,34,400,400,accepted
data\isl_alphabet_digits\train\8\Output Image -178.jpg,train,8,34,400,400,accepted
data\isl_alphabet_digits\train\8\Output Image -476.jpg,train,8,34,400,400,accepted
data\isl_alphabet_digits\train\8\Output Image -220.jpg,train,8,34,400,400,accepted
data\isl_alphabet_digits\train\8\Output Image -474.jpg,train,8,34,400,400,accepted
data\isl_alphabet_digits\train\8\Output Image -255.jpg,train,8,34,400,400,accepted
data\isl_alphabet_digits\train\8\Output Image -101.jpg,train,8,34,400,400,accepted
data\isl_alphabet_digits\train\8\Output Image -133.jpg,train,8,34,400,400,accepted
data\isl_alphabet_digits\train\8\Output Image -18.jpg,train,8,34,400,400,accepted
data\isl_alphabet_digits\train\8\Output Image -193.jpg,train,8,34,400,400,accepted
data\isl_alphabet_digits\train\8\Sign 8 (101).jpeg,train,8,34,400,400,accepted
data\isl_alphabet_digits\train\8\Output Image -313.jpg,train,8,34,400,400,accepted
data\isl_alphabet_digits\train\8\Sign 8 (458).jpeg,train,8,34,400,400,accepted
data\isl_alphabet_digits\train\8\Sign 8 (272).jpeg,train,8,34,400,400,accepted
data\isl_alphabet_digits\train\8\Sign 8 (389).jpeg,train,8,34,400,400,accepted
data\isl_alphabet_digits\train\8\Output Image -382.jpg,train,8,34,400,400,accepted
data\isl_alphabet_digits\train\8\Output Image -458.jpg,train,8,34,400,400,accepted
data\isl_alphabet_digits\train\8\Sign 8 (1).jpeg,train,8,34,400,400,accepted
data\isl_alphabet_digits\train\8\Sign 8 (269).jpeg,train,8,34,400,400,accepted
data\isl_alphabet_digits\train\8\Output Image -208.jpg,train,8,34,400,400,accepted
data\isl_alphabet_digits\train\8\Sign 8 (118).jpeg,train,8,34,400,400,accepted
data\isl_alphabet_digits\train\8\Output Image -295.jpg,train,8,34,400,400,accepted
data\isl_alphabet_digits\train\8\Sign 8 (372).jpeg,train,8,34,400,400,accepted
data\isl_alphabet_digits\train\8\Sign 8 (171).jpeg,train,8,34,400,400,accepted
data\isl_alphabet_digits\train\8\Sign 8 (173).jpeg,train,8,34,400,400,accepted
data\isl_alphabet_digits\train\8\Sign 8 (132).jpeg,train,8,34,400,400,accepted
data\isl_alphabet_digits\train\8\Sign 8 (216).jpeg,train,8,34,400,400,accepted
data\isl_alphabet_digits\train\8\Sign 8 (381).jpeg,train,8,34,400,400,accepted
data\isl_alphabet_digits\train\8\Output Image -139.jpg,train,8,34,400,400,accepted
data\isl_alphabet_digits\train\8\Sign 8 (219).jpeg,train,8,34,400,400,accepted
data\isl_alphabet_digits\train\8\Sign 8 (34).jpeg,train,8,34,400,400,accepted
data\isl_alphabet_digits\train\8\Output Image -129.jpg,train,8,34,400,400,accepted
data\isl_alphabet_digits\train\8\Output Image -496.jpg,train,8,34,400,400,accepted
data\isl_alphabet_digits\train\8\Sign 8 (222).jpeg,train,8,34,400,400,accepted
data\isl_alphabet_digits\train\8\Output Image -423.jpg,train,8,34,400,400,accepted
data\isl_alphabet_digits\train\8\Output Image -257.jpg,train,8,34,400,400,accepted
data\isl_alphabet_digits\train\8\Sign 8 (90).jpeg,train,8,34,400,400,accepted
data\isl_alphabet_digits\train\8\Sign 8 (321).jpeg,train,8,34,400,400,accepted
data\isl_alphabet_digits\train\8\Output Image -20.jpg,train,8,34,400,400,accepted
data\isl_alphabet_digits\train\8\Sign 8 (170).jpeg,train,8,34,400,400,accepted
data\isl_alphabet_digits\train\8\Output Image -138.jpg,train,8,34,400,400,accepted
data\isl_alphabet_digits\train\8\Sign 8 (299).jpeg,train,8,34,400,400,accepted
data\isl_alphabet_digits\train\8\Sign 8 (388).jpeg,train,8,34,400,400,accepted
data\isl_alphabet_digits\train\8\Sign 8 (380).jpeg,train,8,34,400,400,accepted
data\isl_alphabet_digits\train\8\Sign 8 (158).jpeg,train,8,34,400,400,accepted
data\isl_alphabet_digits\train\8\Sign 8 (461).jpeg,train,8,34,400,400,accepted
data\isl_alphabet_digits\train\8\Sign 8 (84).jpeg,train,8,34,400,400,accepted
data\isl_alphabet_digits\train\8\Output Image -327.jpg,train,8,34,400,400,accepted
data\isl_alphabet_digits\train\8\Sign 8 (16).jpeg,train,8,34,400,400,accepted
data\isl_alphabet_digits\train\8\Output Image -271.jpg,train,8,34,400,400,accepted
data\isl_alphabet_digits\train\8\Sign 8 (175).jpeg,train,8,34,400,400,accepted
data\isl_alphabet_digits\train\8\Sign 8 (282).jpeg,train,8,34,400,400,accepted
data\isl_alphabet_digits\train\8\Output Image -493.jpg,train,8,34,400,400,accepted
data\isl_alphabet_digits\train\8\Sign 8 (452).jpeg,train,8,34,400,400,accepted
data\isl_alphabet_digits\train\8\Output Image -125.jpg,train,8,34,400,400,accepted
data\isl_alphabet_digits\train\8\Sign 8 (400).jpeg,train,8,34,400,400,accepted
data\isl_alphabet_digits\train\8\Output Image -420.jpg,train,8,34,400,400,accepted
data\isl_alphabet_digits\train\8\Sign 8 (177).jpeg,train,8,34,400,400,accepted
data\isl_alphabet_digits\train\8\Output Image -166.jpg,train,8,34,400,400,accepted
data\isl_alphabet_digits\train\8\Output Image -413.jpg,train,8,34,400,400,accepted
data\isl_alphabet_digits\train\8\Sign 8 (375).jpeg,train,8,34,400,400,accepted
data\isl_alphabet_digits\train\8\Sign 8 (305).jpeg,train,8,34,400,400,accepted
data\isl_alphabet_digits\train\8\Sign 8 (225).jpeg,train,8,34,400,400,accepted
data\isl_alphabet_digits\train\8\Sign 8 (306).jpeg,train,8,34,400,400,accepted
data\isl_alphabet_digits\train\8\Sign 8 (6).jpeg,train,8,34,400,400,accepted
data\isl_alphabet_digits\val\8\Sign 8 (249).jpeg,val,8,34,400,400,accepted
data\isl_alphabet_digits\val\8\Sign 8 (19).jpeg,val,8,34,400,400,accepted
data\isl_alphabet_digits\val\8\Sign 8 (235).jpeg,val,8,34,400,400,accepted
data\isl_alphabet_digits\val\8\Sign 8 (238).jpeg,val,8,34,400,400,accepted
data\isl_alphabet_digits\val\8\Sign 8 (339).jpeg,val,8,34,400,400,accepted
data\isl_alphabet_digits\val\8\Sign 8 (155).jpeg,val,8,34,400,400,accepted
data\isl_alphabet_digits\val\8\Sign 8 (203).jpeg,val,8,34,400,400,accepted
data\isl_alphabet_digits\val\8\Sign 8 (122).jpeg,val,8,34,400,400,accepted
data\isl_alphabet_digits\val\8\Output Image -468.jpg,val,8,34,400,400,accepted
data\isl_alphabet_digits\val\8\Sign 8 (314).jpeg,val,8,34,400,400,accepted
data\isl_alphabet_digits\val\8\Sign 8 (373).jpeg,val,8,34,400,400,accepted
data\isl_alphabet_digits\val\8\Sign 8 (408).jpeg,val,8,34,400,400,accepted
data\isl_alphabet_digits\val\8\Sign 8 (340).jpeg,val,8,34,400,400,accepted
data\isl_alphabet_digits\val\8\Sign 8 (479).jpeg,val,8,34,400,400,accepted
data\isl_alphabet_digits\val\8\Output Image -142.jpg,val,8,34,400,400,accepted
data\isl_alphabet_digits\val\8\Sign 8 (217).jpeg,val,8,34,400,400,accepted
data\isl_alphabet_digits\val\8\Output Image -241.jpg,val,8,34,400,400,accepted
data\isl_alphabet_digits\val\8\Output Image -360.jpg,val,8,34,400,400,accepted
data\isl_alphabet_digits\val\8\Output Image -11.jpg,val,8,34,400,400,accepted
data\isl_alphabet_digits\val\8\Output Image -441.jpg,val,8,34,400,400,accepted
data\isl_alphabet_digits\val\8\Sign 8 (167).jpeg,val,8,34,400,400,accepted
data\isl_alphabet_digits\val\8\Sign 8 (107).jpeg,val,8,34,400,400,accepted
data\isl_alphabet_digits\val\8\Sign 8 (109).jpeg,val,8,34,400,400,accepted
data\isl_alphabet_digits\val\8\Output Image -267.jpg,val,8,34,400,400,accepted
data\isl_alphabet_digits\val\8\Sign 8 (441).jpeg,val,8,34,400,400,accepted
data\isl_alphabet_digits\val\8\Output Image -481.jpg,val,8,34,400,400,accepted
data\isl_alphabet_digits\val\8\Sign 8 (466).jpeg,val,8,34,400,400,accepted
data\isl_alphabet_digits\val\8\Output Image -235.jpg,val,8,34,400,400,accepted
data\isl_alphabet_digits\val\8\Sign 8 (316).jpeg,val,8,34,400,400,accepted
data\isl_alphabet_digits\val\8\Output Image -309.jpg,val,8,34,400,400,accepted
data\isl_alphabet_digits\val\8\Sign 8 (363).jpeg,val,8,34,400,400,accepted
data\isl_alphabet_digits\val\8\Output Image -159.jpg,val,8,34,400,400,accepted
data\isl_alphabet_digits\val\8\Sign 8 (88).jpeg,val,8,34,400,400,accepted
data\isl_alphabet_digits\val\8\Output Image -305.jpg,val,8,34,400,400,accepted
data\isl_alphabet_digits\val\8\Sign 8 (377).jpeg,val,8,34,400,400,accepted
data\isl_alphabet_digits\val\8\Sign 8 (209).jpeg,val,8,34,400,400,accepted
data\isl_alphabet_digits\val\8\Sign 8 (390).jpeg,val,8,34,400,400,accepted
data\isl_alphabet_digits\val\8\Sign 8 (394).jpeg,val,8,34,400,400,accepted
data\isl_alphabet_digits\val\8\Sign 8 (464).jpeg,val,8,34,400,400,accepted
data\isl_alphabet_digits\val\8\Sign 8 (397).jpeg,val,8,34,400,400,accepted
data\isl_alphabet_digits\val\8\Output Image -98.jpg,val,8,34,400,400,accepted
data\isl_alphabet_digits\val\8\Sign 8 (481).jpeg,val,8,34,400,400,accepted
data\isl_alphabet_digits\val\8\Output Image -251.jpg,val,8,34,400,400,accepted
data\isl_alphabet_digits\val\8\Sign 8 (208).jpeg,val,8,34,400,400,accepted
data\isl_alphabet_digits\val\8\Sign 8 (139).jpeg,val,8,34,400,400,accepted
data\isl_alphabet_digits\val\8\Output Image -248.jpg,val,8,34,400,400,accepted
data\isl_alphabet_digits\val\8\Sign 8 (444).jpeg,val,8,34,400,400,accepted
data\isl_alphabet_digits\val\8\Output Image -89.jpg,val,8,34,400,400,accepted
data\isl_alphabet_digits\val\8\Output Image -145.jpg,val,8,34,400,400,accepted
data\isl_alphabet_digits\val\8\Output Image -61.jpg,val,8,34,400,400,accepted
data\isl_alphabet_digits\val\8\Sign 8 (110).jpeg,val,8,34,400,400,accepted
data\isl_alphabet_digits\val\8\Output Image -86.jpg,val,8,34,400,400,accepted
data\isl_alphabet_digits\val\8\Output Image -249.jpg,val,8,34,400,400,accepted
data\isl_alphabet_digits\val\8\Output Image -361.jpg,val,8,34,400,400,accepted
data\isl_alphabet_digits\val\8\Sign 8 (384).jpeg,val,8,34,400,400,accepted
data\isl_alphabet_digits\val\8\Output Image -175.jpg,val,8,34,400,400,accepted
data\isl_alphabet_digits\val\8\Sign 8 (87).jpeg,val,8,34,400,400,accepted
data\isl_alphabet_digits\val\8\Sign 8 (74).jpeg,val,8,34,400,400,accepted
data\isl_alphabet_digits\val\8\Sign 8 (355).jpeg,val,8,34,400,400,accepted
data\isl_alphabet_digits\val\8\Output Image -252.jpg,val,8,34,400,400,accepted
data\isl_alphabet_digits\val\8\Output Image -342.jpg,val,8,34,400,400,accepted
data\isl_alphabet_digits\val\8\Sign 8 (427).jpeg,val,8,34,400,400,accepted
data\isl_alphabet_digits\val\8\Output Image -177.jpg,val,8,34,400,400,accepted
data\isl_alphabet_digits\val\8\Sign 8 (98).jpeg,val,8,34,400,400,accepted
data\isl_alphabet_digits\val\8\Output Image -162.jpg,val,8,34,400,400,accepted
data\isl_alphabet_digits\val\8\Output Image -353.jpg,val,8,34,400,400,accepted
data\isl_alphabet_digits\val\8\Sign 8 (15).jpeg,val,8,34,400,400,accepted
data\isl_alphabet_digits\val\8\Sign 8 (231).jpeg,val,8,34,400,400,accepted
data\isl_alphabet_digits\val\8\Sign 8 (387).jpeg,val,8,34,400,400,accepted
data\isl_alphabet_digits\val\8\Sign 8 (151).jpeg,val,8,34,400,400,accepted
data\isl_alphabet_digits\val\8\Sign 8 (473).jpeg,val,8,34,400,400,accepted
data\isl_alphabet_digits\val\8\Output Image -47.jpg,val,8,34,400,400,accepted
data\isl_alphabet_digits\val\8\Sign 8 (332).jpeg,val,8,34,400,400,accepted
data\isl_alphabet_digits\val\8\Output Image -410.jpg,val,8,34,400,400,accepted
data\isl_alphabet_digits\val\8\Output Image -137.jpg,val,8,34,400,400,accepted
data\isl_alphabet_digits\val\8\Sign 8 (359).jpeg,val,8,34,400,400,accepted
data\isl_alphabet_digits\val\8\Sign 8 (79).jpeg,val,8,34,400,400,accepted
data\isl_alphabet_digits\val\8\Output Image -110.jpg,val,8,34,400,400,accepted
data\isl_alphabet_digits\val\8\Output Image -206.jpg,val,8,34,400,400,accepted
data\isl_alphabet_digits\val\8\Output Image -62.jpg,val,8,34,400,400,accepted
data\isl_alphabet_digits\val\8\Output Image -316.jpg,val,8,34,400,400,accepted
data\isl_alphabet_digits\val\8\Sign 8 (265).jpeg,val,8,34,400,400,accepted
data\isl_alphabet_digits\val\8\Output Image -490.jpg,val,8,34,400,400,accepted
data\isl_alphabet_digits\val\8\Output Image -424.jpg,val,8,34,400,400,accepted
data\isl_alphabet_digits\val\8\Sign 8 (130).jpeg,val,8,34,400,400,accepted
data\isl_alphabet_digits\val\8\Output Image -245.jpg,val,8,34,400,400,accepted
data\isl_alphabet_digits\val\8\Sign 8 (301).jpeg,val,8,34,400,400,accepted
data\isl_alphabet_digits\val\8\Output Image -434.jpg,val,8,34,400,400,accepted
data\isl_alphabet_digits\val\8\Sign 8 (357).jpeg,val,8,34,400,400,accepted
data\isl_alphabet_digits\val\8\Sign 8 (383).jpeg,val,8,34,400,400,accepted
data\isl_alphabet_digits\val\8\Sign 8 (296).jpeg,val,8,34,400,400,accepted
data\isl_alphabet_digits\val\8\Sign 8 (497).jpeg,val,8,34,400,400,accepted
data\isl_alphabet_digits\val\8\Output Image -143.jpg,val,8,34,400,400,accepted
data\isl_alphabet_digits\val\8\Sign 8 (271).jpeg,val,8,34,400,400,accepted
data\isl_alphabet_digits\val\8\Output Image -312.jpg,val,8,34,400,400,accepted
data\isl_alphabet_digits\val\8\Sign 8 (295).jpeg,val,8,34,400,400,accepted
data\isl_alphabet_digits\val\8\Output Image -484.jpg,val,8,34,400,400,accepted
data\isl_alphabet_digits\val\8\Sign 8 (226).jpeg,val,8,34,400,400,accepted
data\isl_alphabet_digits\val\8\Sign 8 (113).jpeg,val,8,34,400,400,accepted
data\isl_alphabet_digits\val\8\Sign 8 (379).jpeg,val,8,34,400,400,accepted
data\isl_alphabet_digits\val\8\Sign 8 (399).jpeg,val,8,34,400,400,accepted
data\isl_alphabet_digits\val\8\Sign 8 (404).jpeg,val,8,34,400,400,accepted
data\isl_alphabet_digits\val\8\Output Image -337.jpg,val,8,34,400,400,accepted
data\isl_alphabet_digits\val\8\Sign 8 (252).jpeg,val,8,34,400,400,accepted
data\isl_alphabet_digits\val\8\Sign 8 (374).jpeg,val,8,34,400,400,accepted
data\isl_alphabet_digits\val\8\Sign 8 (401).jpeg,val,8,34,400,400,accepted
data\isl_alphabet_digits\val\8\Sign 8 (178).jpeg,val,8,34,400,400,accepted
data\isl_alphabet_digits\val\8\Output Image -218.jpg,val,8,34,400,400,accepted
data\isl_alphabet_digits\val\8\Sign 8 (243).jpeg,val,8,34,400,400,accepted
data\isl_alphabet_digits\val\8\Sign 8 (184).jpeg,val,8,34,400,400,accepted
data\isl_alphabet_digits\val\8\Output Image -187.jpg,val,8,34,400,400,accepted
data\isl_alphabet_digits\val\8\Sign 8 (412).jpeg,val,8,34,400,400,accepted
data\isl_alphabet_digits\val\8\Sign 8 (125).jpeg,val,8,34,400,400,accepted
data\isl_alphabet_digits\val\8\Output Image -345.jpg,val,8,34,400,400,accepted
data\isl_alphabet_digits\val\8\Sign 8 (417).jpeg,val,8,34,400,400,accepted
data\isl_alphabet_digits\val\8\Output Image -378.jpg,val,8,34,400,400,accepted
data\isl_alphabet_digits\val\8\Sign 8 (149).jpeg,val,8,34,400,400,accepted
data\isl_alphabet_digits\val\8\Output Image -293.jpg,val,8,34,400,400,accepted
data\isl_alphabet_digits\val\8\Sign 8 (290).jpeg,val,8,34,400,400,accepted
data\isl_alphabet_digits\val\8\Output Image -299.jpg,val,8,34,400,400,accepted
data\isl_alphabet_digits\val\8\Output Image -173.jpg,val,8,34,400,400,accepted
data\isl_alphabet_digits\val\8\Output Image -350.jpg,val,8,34,400,400,accepted
data\isl_alphabet_digits\val\8\Sign 8 (159).jpeg,val,8,34,400,400,accepted
data\isl_alphabet_digits\test\8\Sign 8 (382).jpeg,test,8,34,400,400,accepted
data\isl_alphabet_digits\test\8\Output Image -284.jpg,test,8,34,400,400,accepted
data\isl_alphabet_digits\test\8\Sign 8 (431).jpeg,test,8,34,400,400,accepted
data\isl_alphabet_digits\test\8\Output Image -318.jpg,test,8,34,400,400,accepted
data\isl_alphabet_digits\test\8\Sign 8 (133).jpeg,test,8,34,400,400,accepted
data\isl_alphabet_digits\test\8\Sign 8 (288).jpeg,test,8,34,400,400,accepted
data\isl_alphabet_digits\test\8\Sign 8 (415).jpeg,test,8,34,400,400,accepted
data\isl_alphabet_digits\test\8\Sign 8 (420).jpeg,test,8,34,400,400,accepted
data\isl_alphabet_digits\test\8\Sign 8 (480).jpeg,test,8,34,400,400,accepted
data\isl_alphabet_digits\test\8\Output Image -12.jpg,test,8,34,400,400,accepted
data\isl_alphabet_digits\test\8\Sign 8 (460).jpeg,test,8,34,400,400,accepted
data\isl_alphabet_digits\test\8\Output Image -294.jpg,test,8,34,400,400,accepted
data\isl_alphabet_digits\test\8\Output Image -485.jpg,test,8,34,400,400,accepted
data\isl_alphabet_digits\test\8\Output Image -226.jpg,test,8,34,400,400,accepted
data\isl_alphabet_digits\test\8\Output Image -150.jpg,test,8,34,400,400,accepted
data\isl_alphabet_digits\test\8\Output Image -168.jpg,test,8,34,400,400,accepted
data\isl_alphabet_digits\test\8\Output Image -5.jpg,test,8,34,400,400,accepted
data\isl_alphabet_digits\test\8\Output Image -254.jpg,test,8,34,400,400,accepted
data\isl_alphabet_digits\test\8\Sign 8 (471).jpeg,test,8,34,400,400,accepted
data\isl_alphabet_digits\test\8\Sign 8 (150).jpeg,test,8,34,400,400,accepted
data\isl_alphabet_digits\test\8\Output Image -334.jpg,test,8,34,400,400,accepted
data\isl_alphabet_digits\test\8\Sign 8 (440).jpeg,test,8,34,400,400,accepted
data\isl_alphabet_digits\test\8\Output Image -3.jpg,test,8,34,400,400,accepted
data\isl_alphabet_digits\test\8\Output Image -259.jpg,test,8,34,400,400,accepted
data\isl_alphabet_digits\test\8\Output Image -354.jpg,test,8,34,400,400,accepted
data\isl_alphabet_digits\test\8\Output Image -408.jpg,test,8,34,400,400,accepted
data\isl_alphabet_digits\test\8\Sign 8 (18).jpeg,test,8,34,400,400,accepted
data\isl_alphabet_digits\test\8\Output Image -392.jpg,test,8,34,400,400,accepted
data\isl_alphabet_digits\test\8\Output Image -386.jpg,test,8,34,400,400,accepted
data\isl_alphabet_digits\test\8\Output Image -351.jpg,test,8,34,400,400,accepted
data\isl_alphabet_digits\test\8\Output Image -172.jpg,test,8,34,400,400,accepted
data\isl_alphabet_digits\test\8\Sign 8 (367).jpeg,test,8,34,400,400,accepted
data\isl_alphabet_digits\test\8\Sign 8 (191).jpeg,test,8,34,400,400,accepted
data\isl_alphabet_digits\test\8\Output Image -331.jpg,test,8,34,400,400,accepted
data\isl_alphabet_digits\test\8\Output Image -239.jpg,test,8,34,400,400,accepted
data\isl_alphabet_digits\test\8\Sign 8 (180).jpeg,test,8,34,400,400,accepted
data\isl_alphabet_digits\test\8\Output Image -232.jpg,test,8,34,400,400,accepted
data\isl_alphabet_digits\test\8\Output Image -164.jpg,test,8,34,400,400,accepted
data\isl_alphabet_digits\test\8\Sign 8 (403).jpeg,test,8,34,400,400,accepted
data\isl_alphabet_digits\test\8\Output Image -243.jpg,test,8,34,400,400,accepted
data\isl_alphabet_digits\test\8\Sign 8 (262).jpeg,test,8,34,400,400,accepted
data\isl_alphabet_digits\test\8\Sign 8 (181).jpeg,test,8,34,400,400,accepted
data\isl_alphabet_digits\test\8\Output Image -416.jpg,test,8,34,400,400,accepted
data\isl_alphabet_digits\test\8\Output Image -183.jpg,test,8,34,400,400,accepted
data\isl_alphabet_digits\test\8\Output Image -300.jpg,test,8,34,400,400,accepted
data\isl_alphabet_digits\test\8\Sign 8 (227).jpeg,test,8,34,400,400,accepted
data\isl_alphabet_digits\test\8\Sign 8 (496).jpeg,test,8,34,400,400,accepted
data\isl_alphabet_digits\test\8\Output Image -431.jpg,test,8,34,400,400,accepted
data\isl_alphabet_digits\test\8\Output Image -184.jpg,test,8,34,400,400,accepted
data\isl_alphabet_digits\test\8\Output Image -288.jpg,test,8,34,400,400,accepted
data\isl_alphabet_digits\test\8\Sign 8 (135).jpeg,test,8,34,400,400,accepted
data\isl_alphabet_digits\test\8\Sign 8 (131).jpeg,test,8,34,400,400,accepted
data\isl_alphabet_digits\test\8\Sign 8 (494).jpeg,test,8,34,400,400,accepted
data\isl_alphabet_digits\test\8\Output Image -297.jpg,test,8,34,400,400,accepted
data\isl_alphabet_digits\test\8\Output Image -266.jpg,test,8,34,400,400,accepted
data\isl_alphabet_digits\test\8\Output Image -109.jpg,test,8,34,400,400,accepted
data\isl_alphabet_digits\test\8\Sign 8 (393).jpeg,test,8,34,400,400,accepted
data\isl_alphabet_digits\test\8\Output Image -214.jpg,test,8,34,400,400,accepted
data\isl_alphabet_digits\test\8\Output Image -440.jpg,test,8,34,400,400,accepted
data\isl_alphabet_digits\test\8\Sign 8 (358).jpeg,test,8,34,400,400,accepted
data\isl_alphabet_digits\test\8\Output Image -459.jpg,test,8,34,400,400,accepted
data\isl_alphabet_digits\test\8\Output Image -209.jpg,test,8,34,400,400,accepted
data\isl_alphabet_digits\test\8\Output Image -298.jpg,test,8,34,400,400,accepted
data\isl_alphabet_digits\test\8\Sign 8 (105).jpeg,test,8,34,400,400,accepted
data\isl_alphabet_digits\test\8\Output Image -325.jpg,test,8,34,400,400,accepted
data\isl_alphabet_digits\test\8\Output Image -479.jpg,test,8,34,400,400,accepted
data\isl_alphabet_digits\test\8\Sign 8 (307).jpeg,test,8,34,400,400,accepted
data\isl_alphabet_digits\test\8\Sign 8 (347).jpeg,test,8,34,400,400,accepted
data\isl_alphabet_digits\test\8\Sign 8 (482).jpeg,test,8,34,400,400,accepted
data\isl_alphabet_digits\test\8\Output Image -75.jpg,test,8,34,400,400,accepted
data\isl_alphabet_digits\test\8\Output Image -146.jpg,test,8,34,400,400,accepted
data\isl_alphabet_digits\test\8\Output Image -272.jpg,test,8,34,400,400,accepted
data\isl_alphabet_digits\test\8\Output Image -122.jpg,test,8,34,400,400,accepted
data\isl_alphabet_digits\test\8\Output Image -222.jpg,test,8,34,400,400,accepted
data\isl_alphabet_digits\test\8\Output Image -151.jpg,test,8,34,400,400,accepted
data\isl_alphabet_digits\test\8\Sign 8 (300).jpeg,test,8,34,400,400,accepted
data\isl_alphabet_digits\test\8\Output Image -344.jpg,test,8,34,400,400,accepted
data\isl_alphabet_digits\test\8\Output Image -123.jpg,test,8,34,400,400,accepted
data\isl_alphabet_digits\test\8\Output Image -324.jpg,test,8,34,400,400,accepted
data\isl_alphabet_digits\test\8\Output Image -421.jpg,test,8,34,400,400,accepted
data\isl_alphabet_digits\test\8\Output Image -152.jpg,test,8,34,400,400,accepted
data\isl_alphabet_digits\test\8\Output Image -114.jpg,test,8,34,400,400,accepted
data\isl_alphabet_digits\test\8\Output Image -363.jpg,test,8,34,400,400,accepted
data\isl_alphabet_digits\test\8\Sign 8 (257).jpeg,test,8,34,400,400,accepted
data\isl_alphabet_digits\test\8\Sign 8 (187).jpeg,test,8,34,400,400,accepted
data\isl_alphabet_digits\test\8\Sign 8 (256).jpeg,test,8,34,400,400,accepted
data\isl_alphabet_digits\test\8\Output Image -134.jpg,test,8,34,400,400,accepted
data\isl_alphabet_digits\test\8\Output Image -379.jpg,test,8,34,400,400,accepted
data\isl_alphabet_digits\test\8\Output Image -19.jpg,test,8,34,400,400,accepted
data\isl_alphabet_digits\test\8\Output Image -449.jpg,test,8,34,400,400,accepted
data\isl_alphabet_digits\test\8\Sign 8 (264).jpeg,test,8,34,400,400,accepted
data\isl_alphabet_digits\test\8\Sign 8 (115).jpeg,test,8,34,400,400,accepted
data\isl_alphabet_digits\test\8\Output Image -369.jpg,test,8,34,400,400,accepted
data\isl_alphabet_digits\test\8\Sign 8 (172).jpeg,test,8,34,400,400,accepted
data\isl_alphabet_digits\test\8\Sign 8 (11).jpeg,test,8,34,400,400,accepted
data\isl_alphabet_digits\test\8\Sign 8 (254).jpeg,test,8,34,400,400,accepted
data\isl_alphabet_digits\test\8\Sign 8 (242).jpeg,test,8,34,400,400,accepted
data\isl_alphabet_digits\test\8\Output Image -394.jpg,test,8,34,400,400,accepted
data\isl_alphabet_digits\test\8\Sign 8 (414).jpeg,test,8,34,400,400,accepted
data\isl_alphabet_digits\test\8\Sign 8 (274).jpeg,test,8,34,400,400,accepted
data\isl_alphabet_digits\test\8\Output Image -116.jpg,test,8,34,400,400,accepted
data\isl_alphabet_digits\test\8\Sign 8 (487).jpeg,test,8,34,400,400,accepted
data\isl_alphabet_digits\test\8\Sign 8 (80).jpeg,test,8,34,400,400,accepted
data\isl_alphabet_digits\test\8\Output Image -275.jpg,test,8,34,400,400,accepted
data\isl_alphabet_digits\test\8\Sign 8 (309).jpeg,test,8,34,400,400,accepted
data\isl_alphabet_digits\test\8\Sign 8 (259).jpeg,test,8,34,400,400,accepted
data\isl_alphabet_digits\test\8\Output Image -176.jpg,test,8,34,400,400,accepted
data\isl_alphabet_digits\test\8\Sign 8 (294).jpeg,test,8,34,400,400,accepted
data\isl_alphabet_digits\test\8\Output Image -384.jpg,test,8,34,400,400,accepted
data\isl_alphabet_digits\test\8\Sign 8 (333).jpeg,test,8,34,400,400,accepted
data\isl_alphabet_digits\test\8\Output Image -265.jpg,test,8,34,400,400,accepted
data\isl_alphabet_digits\test\8\Output Image -132.jpg,test,8,34,400,400,accepted
data\isl_alphabet_digits\test\8\Sign 8 (77).jpeg,test,8,34,400,400,accepted
data\isl_alphabet_digits\test\8\Output Image -103.jpg,test,8,34,400,400,accepted
data\isl_alphabet_digits\test\8\Sign 8 (78).jpeg,test,8,34,400,400,accepted
data\isl_alphabet_digits\test\8\Output Image -439.jpg,test,8,34,400,400,accepted
data\isl_alphabet_digits\test\8\Sign 8 (446).jpeg,test,8,34,400,400,accepted
data\isl_alphabet_digits\test\8\Output Image -346.jpg,test,8,34,400,400,accepted
data\isl_alphabet_digits\test\8\Sign 8 (92).jpeg,test,8,34,400,400,accepted
data\isl_alphabet_digits\test\8\Output Image -311.jpg,test,8,34,400,400,accepted
data\isl_alphabet_digits\test\8\Output Image -429.jpg,test,8,34,400,400,accepted
data\isl_alphabet_digits\test\8\Output Image -13.jpg,test,8,34,400,400,accepted
data\isl_alphabet_digits\test\8\Sign 8 (356).jpeg,test,8,34,400,400,accepted
data\isl_alphabet_digits\train\9\Output Image -73.jpg,train,9,35,400,400,accepted
data\isl_alphabet_digits\train\9\Output Image -255.jpg,train,9,35,400,400,accepted
data\isl_alphabet_digits\train\9\Sign 9 (59).jpeg,train,9,35,400,400,accepted
data\isl_alphabet_digits\train\9\Output Image -128.jpg,train,9,35,400,400,accepted
data\isl_alphabet_digits\train\9\Sign 9 (342).jpeg,train,9,35,400,400,accepted
data\isl_alphabet_digits\train\9\Sign 9 (456).jpeg,train,9,35,400,400,accepted
data\isl_alphabet_digits\train\9\Output Image -78.jpg,train,9,35,400,400,accepted
data\isl_alphabet_digits\train\9\Output Image -446.jpg,train,9,35,400,400,accepted
data\isl_alphabet_digits\train\9\Output Image -12.jpg,train,9,35,400,400,accepted
data\isl_alphabet_digits\train\9\Output Image -334.jpg,train,9,35,400,400,accepted
data\isl_alphabet_digits\train\9\Sign 9 (98).jpeg,train,9,35,400,400,accepted
data\isl_alphabet_digits\train\9\Output Image -277.jpg,train,9,35,400,400,accepted
data\isl_alphabet_digits\train\9\Sign 9 (84).jpeg,train,9,35,400,400,accepted
data\isl_alphabet_digits\train\9\Sign 9 (181).jpeg,train,9,35,400,400,accepted
data\isl_alphabet_digits\train\9\Sign 9 (2).jpeg,train,9,35,400,400,accepted
data\isl_alphabet_digits\train\9\Sign 9 (32).jpeg,train,9,35,400,400,accepted
data\isl_alphabet_digits\train\9\Sign 9 (262).jpeg,train,9,35,400,400,accepted
data\isl_alphabet_digits\train\9\Sign 9 (396).jpeg,train,9,35,400,400,accepted
data\isl_alphabet_digits\train\9\Output Image -441.jpg,train,9,35,400,400,accepted
data\isl_alphabet_digits\train\9\Sign 9 (252).jpeg,train,9,35,400,400,accepted
data\isl_alphabet_digits\train\9\Output Image -267.jpg,train,9,35,400,400,accepted
data\isl_alphabet_digits\train\9\Output Image -279.jpg,train,9,35,400,400,accepted
data\isl_alphabet_digits\train\9\Output Image -174.jpg,train,9,35,400,400,accepted
data\isl_alphabet_digits\train\9\Sign 9 (79).jpeg,train,9,35,400,400,accepted
data\isl_alphabet_digits\train\9\Sign 9 (119).jpeg,train,9,35,400,400,accepted
data\isl_alphabet_digits\train\9\Sign 9 (345).jpeg,train,9,35,400,400,accepted
data\isl_alphabet_digits\train\9\Sign 9 (14).jpeg,train,9,35,400,400,accepted
data\isl_alphabet_digits\train\9\Output Image -85.jpg,train,9,35,400,400,accepted
data\isl_alphabet_digits\train\9\Sign 9 (183).jpeg,train,9,35,400,400,accepted
data\isl_alphabet_digits\train\9\Sign 9 (316).jpeg,train,9,35,400,400,accepted
data\isl_alphabet_digits\train\9\Sign 9 (385).jpeg,train,9,35,400,400,accepted
data\isl_alphabet_digits\train\9\Sign 9 (49).jpeg,train,9,35,400,400,accepted
data\isl_alphabet_digits\train\9\Sign 9 (333).jpeg,train,9,35,400,400,accepted
data\isl_alphabet_digits\train\9\Sign 9 (474).jpeg,train,9,35,400,400,accepted
data\isl_alphabet_digits\train\9\Sign 9 (250).jpeg,train,9,35,400,400,accepted
data\isl_alphabet_digits\train\9\Output Image -112.jpg,train,9,35,400,400,accepted
data\isl_alphabet_digits\train\9\Output Image -8.jpg,train,9,35,400,400,accepted
data\isl_alphabet_digits\train\9\Sign 9 (265).jpeg,train,9,35,400,400,accepted
data\isl_alphabet_digits\train\9\Output Image -470.jpg,train,9,35,400,400,accepted
data\isl_alphabet_digits\train\9\Output Image -398.jpg,train,9,35,400,400,accepted
data\isl_alphabet_digits\train\9\Output Image -273.jpg,train,9,35,400,400,accepted
data\isl_alphabet_digits\train\9\Output Image -467.jpg,train,9,35,400,400,accepted
data\isl_alphabet_digits\train\9\Output Image -144.jpg,train,9,35,400,400,accepted
data\isl_alphabet_digits\train\9\Sign 9 (320).jpeg,train,9,35,400,400,accepted
data\isl_alphabet_digits\train\9\Output Image -317.jpg,train,9,35,400,400,accepted
data\isl_alphabet_digits\train\9\Sign 9 (353).jpeg,train,9,35,400,400,accepted
data\isl_alphabet_digits\train\9\Output Image -395.jpg,train,9,35,400,400,accepted
data\isl_alphabet_digits\train\9\Output Image -332.jpg,train,9,35,400,400,accepted
data\isl_alphabet_digits\train\9\Output Image -25.jpg,train,9,35,400,400,accepted
data\isl_alphabet_digits\train\9\Sign 9 (384).jpeg,train,9,35,400,400,accepted
data\isl_alphabet_digits\train\9\Output Image -86.jpg,train,9,35,400,400,accepted
data\isl_alphabet_digits\train\9\Output Image -223.jpg,train,9,35,400,400,accepted
data\isl_alphabet_digits\train\9\Output Image -443.jpg,train,9,35,400,400,accepted
data\isl_alphabet_digits\train\9\Sign 9 (341).jpeg,train,9,35,400,400,accepted
data\isl_alphabet_digits\train\9\Output Image -402.jpg,train,9,35,400,400,accepted
data\isl_alphabet_digits\train\9\Output Image -354.jpg,train,9,35,400,400,accepted
data\isl_alphabet_digits\train\9\Output Image -15.jpg,train,9,35,400,400,accepted
data\isl_alphabet_digits\train\9\Sign 9 (498).jpeg,train,9,35,400,400,accepted
data\isl_alphabet_digits\train\9\Output Image -258.jpg,train,9,35,400,400,accepted
data\isl_alphabet_digits\train\9\Sign 9 (411).jpeg,train,9,35,400,400,accepted
data\isl_alphabet_digits\train\9\Output Image -312.jpg,train,9,35,400,400,accepted
data\isl_alphabet_digits\train\9\Sign 9 (166).jpeg,train,9,35,400,400,accepted
data\isl_alphabet_digits\train\9\Sign 9 (155).jpeg,train,9,35,400,400,accepted
data\isl_alphabet_digits\train\9\Output Image -336.jpg,train,9,35,400,400,accepted
data\isl_alphabet_digits\train\9\Sign 9 (101).jpeg,train,9,35,400,400,accepted
data\isl_alphabet_digits\train\9\Output Image -280.jpg,train,9,35,400,400,accepted
data\isl_alphabet_digits\train\9\Sign 9 (146).jpeg,train,9,35,400,400,accepted
data\isl_alphabet_digits\train\9\Output Image -444.jpg,train,9,35,400,400,accepted
data\isl_alphabet_digits\train\9\Sign 9 (495).jpeg,train,9,35,400,400,accepted
data\isl_alphabet_digits\train\9\Sign 9 (187).jpeg,train,9,35,400,400,accepted
data\isl_alphabet_digits\train\9\Output Image -424.jpg,train,9,35,400,400,accepted
data\isl_alphabet_digits\train\9\Sign 9 (467).jpeg,train,9,35,400,400,accepted
data\isl_alphabet_digits\train\9\Output Image -233.jpg,train,9,35,400,400,accepted
data\isl_alphabet_digits\train\9\Sign 9 (99).jpeg,train,9,35,400,400,accepted
data\isl_alphabet_digits\train\9\Output Image -378.jpg,train,9,35,400,400,accepted
data\isl_alphabet_digits\train\9\Sign 9 (204).jpeg,train,9,35,400,400,accepted
data\isl_alphabet_digits\train\9\Output Image -372.jpg,train,9,35,400,400,accepted
data\isl_alphabet_digits\train\9\Output Image -157.jpg,train,9,35,400,400,accepted
data\isl_alphabet_digits\train\9\Sign 9 (216).jpeg,train,9,35,400,400,accepted
data\isl_alphabet_digits\train\9\Output Image -365.jpg,train,9,35,400,400,accepted
data\isl_alphabet_digits\train\9\Sign 9 (122).jpeg,train,9,35,400,400,accepted
data\isl_alphabet_digits\train\9\Sign 9 (499).jpeg,train,9,35,400,400,accepted
data\isl_alphabet_digits\train\9\Output Image -414.jpg,train,9,35,400,400,accepted
data\isl_alphabet_digits\train\9\Sign 9 (395).jpeg,train,9,35,400,400,accepted
data\isl_alphabet_digits\train\9\Output Image -37.jpg,train,9,35,400,400,accepted
data\isl_alphabet_digits\train\9\Output Image -212.jpg,train,9,35,400,400,accepted
data\isl_alphabet_digits\train\9\Output Image -47.jpg,train,9,35,400,400,accepted
data\isl_alphabet_digits\train\9\Sign 9 (10).jpeg,train,9,35,400,400,accepted
data\isl_alphabet_digits\train\9\Sign 9 (112).jpeg,train,9,35,400,400,accepted
data\isl_alphabet_digits\train\9\Sign 9 (164).jpeg,train,9,35,400,400,accepted
data\isl_alphabet_digits\train\9\Sign 9 (487).jpeg,train,9,35,400,400,accepted
data\isl_alphabet_digits\train\9\Sign 9 (375).jpeg,train,9,35,400,400,accepted
data\isl_alphabet_digits\train\9\Output Image -74.jpg,train,9,35,400,400,accepted
data\isl_alphabet_digits\train\9\Output Image -143.jpg,train,9,35,400,400,accepted
data\isl_alphabet_digits\train\9\Output Image -40.jpg,train,9,35,400,400,accepted
data\isl_alphabet_digits\train\9\Output Image -295.jpg,train,9,35,400,400,accepted
data\isl_alphabet_digits\train\9\Output Image -196.jpg,train,9,35,400,400,accepted
data\isl_alphabet_digits\train\9\Output Image -439.jpg,train,9,35,400,400,accepted
data\isl_alphabet_digits\train\9\Sign 9 (228).jpeg,train,9,35,400,400,accepted
data\isl_alphabet_digits\train\9\Output Image -403.jpg,train,9,35,400,400,accepted
data\isl_alphabet_digits\train\9\Sign 9 (61).jpeg,train,9,35,400,400,accepted
data\isl_alphabet_digits\train\9\Output Image -430.jpg,train,9,35,400,400,accepted
data\isl_alphabet_digits\train\9\Sign 9 (43).jpeg,train,9,35,400,400,accepted
data\isl_alphabet_digits\train\9\Output Image -7.jpg,train,9,35,400,400,accepted
data\isl_alphabet_digits\train\9\Output Image -339.jpg,train,9,35,400,400,accepted
data\isl_alphabet_digits\train\9\Sign 9 (457).jpeg,train,9,35,400,400,accepted
data\isl_alphabet_digits\train\9\Output Image -230.jpg,train,9,35,400,400,accepted
data\isl_alphabet_digits\train\9\Sign 9 (275).jpeg,train,9,35,400,400,accepted
data\isl_alphabet_digits\train\9\Sign 9 (405).jpeg,train,9,35,400,400,accepted
data\isl_alphabet_digits\train\9\Sign 9 (369).jpeg,train,9,35,400,400,accepted
data\isl_alphabet_digits\train\9\Output Image -259.jpg,train,9,35,400,400,accepted
data\isl_alphabet_digits\train\9\Output Image -343.jpg,train,9,35,400,400,accepted
data\isl_alphabet_digits\train\9\Sign 9 (288).jpeg,train,9,35,400,400,accepted
data\isl_alphabet_digits\train\9\Sign 9 (489).jpeg,train,9,35,400,400,accepted
data\isl_alphabet_digits\train\9\Sign 9 (165).jpeg,train,9,35,400,400,accepted
data\isl_alphabet_digits\train\9\Sign 9 (430).jpeg,train,9,35,400,400,accepted
data\isl_alphabet_digits\train\9\Sign 9 (195).jpeg,train,9,35,400,400,accepted
data\isl_alphabet_digits\train\9\Sign 9 (421).jpeg,train,9,35,400,400,accepted
data\isl_alphabet_digits\train\9\Output Image -228.jpg,train,9,35,400,400,accepted
data\isl_alphabet_digits\train\9\Output Image -391.jpg,train,9,35,400,400,accepted
data\isl_alphabet_digits\train\9\Sign 9 (317).jpeg,train,9,35,400,400,accepted
data\isl_alphabet_digits\train\9\Output Image -62.jpg,train,9,35,400,400,accepted
data\isl_alphabet_digits\train\9\Sign 9 (453).jpeg,train,9,35,400,400,accepted
data\isl_alphabet_digits\train\9\Output Image -1.jpg,train,9,35,400,400,accepted
data\isl_alphabet_digits\train\9\Sign 9 (441).jpeg,train,9,35,400,400,accepted
data\isl_alphabet_digits\train\9\Sign 9 (380).jpeg,train,9,35,400,400,accepted
data\isl_alphabet_digits\train\9\Sign 9 (229).jpeg,train,9,35,400,400,accepted
data\isl_alphabet_digits\train\9\Output Image -377.jpg,train,9,35,400,400,accepted
data\isl_alphabet_digits\train\9\Sign 9 (31).jpeg,train,9,35,400,400,accepted
data\isl_alphabet_digits\train\9\Output Image -296.jpg,train,9,35,400,400,accepted
data\isl_alphabet_digits\train\9\Output Image -449.jpg,train,9,35,400,400,accepted
data\isl_alphabet_digits\train\9\Output Image -56.jpg,train,9,35,400,400,accepted
data\isl_alphabet_digits\train\9\Sign 9 (425).jpeg,train,9,35,400,400,accepted
data\isl_alphabet_digits\train\9\Sign 9 (46).jpeg,train,9,35,400,400,accepted
data\isl_alphabet_digits\train\9\Output Image -32.jpg,train,9,35,400,400,accepted
data\isl_alphabet_digits\train\9\Output Image -396.jpg,train,9,35,400,400,accepted
data\isl_alphabet_digits\train\9\Output Image -442.jpg,train,9,35,400,400,accepted
data\isl_alphabet_digits\train\9\Output Image -453.jpg,train,9,35,400,400,accepted
data\isl_alphabet_digits\train\9\Sign 9 (135).jpeg,train,9,35,400,400,accepted
data\isl_alphabet_digits\train\9\Sign 9 (407).jpeg,train,9,35,400,400,accepted
data\isl_alphabet_digits\train\9\Output Image -356.jpg,train,9,35,400,400,accepted
data\isl_alphabet_digits\train\9\Sign 9 (80).jpeg,train,9,35,400,400,accepted
data\isl_alphabet_digits\train\9\Output Image -231.jpg,train,9,35,400,400,accepted
data\isl_alphabet_digits\train\9\Output Image -2.jpg,train,9,35,400,400,accepted
data\isl_alphabet_digits\train\9\Output Image -69.jpg,train,9,35,400,400,accepted
data\isl_alphabet_digits\train\9\Sign 9 (1).jpeg,train,9,35,400,400,accepted
data\isl_alphabet_digits\train\9\Sign 9 (418).jpeg,train,9,35,400,400,accepted
data\isl_alphabet_digits\train\9\Output Image -415.jpg,train,9,35,400,400,accepted
data\isl_alphabet_digits\train\9\Output Image -225.jpg,train,9,35,400,400,accepted
data\isl_alphabet_digits\train\9\Output Image -221.jpg,train,9,35,400,400,accepted
data\isl_alphabet_digits\train\9\Sign 9 (105).jpeg,train,9,35,400,400,accepted
data\isl_alphabet_digits\train\9\Output Image -35.jpg,train,9,35,400,400,accepted
data\isl_alphabet_digits\train\9\Sign 9 (174).jpeg,train,9,35,400,400,accepted
data\isl_alphabet_digits\train\9\Output Image -52.jpg,train,9,35,400,400,accepted
data\isl_alphabet_digits\train\9\Sign 9 (447).jpeg,train,9,35,400,400,accepted
data\isl_alphabet_digits\train\9\Sign 9 (413).jpeg,train,9,35,400,400,accepted
data\isl_alphabet_digits\train\9\Output Image -479.jpg,train,9,35,400,400,accepted
data\isl_alphabet_digits\train\9\Sign 9 (95).jpeg,train,9,35,400,400,accepted
data\isl_alphabet_digits\train\9\Output Image -87.jpg,train,9,35,400,400,accepted
data\isl_alphabet_digits\train\9\Output Image -154.jpg,train,9,35,400,400,accepted
data\isl_alphabet_digits\train\9\Sign 9 (281).jpeg,train,9,35,400,400,accepted
data\isl_alphabet_digits\train\9\Output Image -492.jpg,train,9,35,400,400,accepted
data\isl_alphabet_digits\train\9\Sign 9 (73).jpeg,train,9,35,400,400,accepted
data\isl_alphabet_digits\train\9\Output Image -487.jpg,train,9,35,400,400,accepted
data\isl_alphabet_digits\train\9\Sign 9 (446).jpeg,train,9,35,400,400,accepted
data\isl_alphabet_digits\train\9\Sign 9 (334).jpeg,train,9,35,400,400,accepted
data\isl_alphabet_digits\train\9\Output Image -50.jpg,train,9,35,400,400,accepted
data\isl_alphabet_digits\train\9\Sign 9 (117).jpeg,train,9,35,400,400,accepted
data\isl_alphabet_digits\train\9\Sign 9 (399).jpeg,train,9,35,400,400,accepted
data\isl_alphabet_digits\train\9\Output Image -176.jpg,train,9,35,400,400,accepted
data\isl_alphabet_digits\train\9\Output Image -132.jpg,train,9,35,400,400,accepted
data\isl_alphabet_digits\train\9\Output Image -181.jpg,train,9,35,400,400,accepted
data\isl_alphabet_digits\train\9\Sign 9 (304).jpeg,train,9,35,400,400,accepted
data\isl_alphabet_digits\train\9\Output Image -10.jpg,train,9,35,400,400,accepted
data\isl_alphabet_digits\train\9\Output Image -22.jpg,train,9,35,400,400,accepted
data\isl_alphabet_digits\train\9\Output Image -227.jpg,train,9,35,400,400,accepted
data\isl_alphabet_digits\train\9\Sign 9 (147).jpeg,train,9,35,400,400,accepted
data\isl_alphabet_digits\train\9\Output Image -397.jpg,train,9,35,400,400,accepted
data\isl_alphabet_digits\train\9\Output Image -341.jpg,train,9,35,400,400,accepted
data\isl_alphabet_digits\train\9\Output Image -352.jpg,train,9,35,400,400,accepted
data\isl_alphabet_digits\train\9\Output Image -495.jpg,train,9,35,400,400,accepted
data\isl_alphabet_digits\train\9\Output Image -380.jpg,train,9,35,400,400,accepted
data\isl_alphabet_digits\train\9\Sign 9 (19).jpeg,train,9,35,400,400,accepted
data\isl_alphabet_digits\train\9\Output Image -379.jpg,train,9,35,400,400,accepted
data\isl_alphabet_digits\train\9\Sign 9 (319).jpeg,train,9,35,400,400,accepted
data\isl_alphabet_digits\train\9\Sign 9 (200).jpeg,train,9,35,400,400,accepted
data\isl_alphabet_digits\train\9\Sign 9 (90).jpeg,train,9,35,400,400,accepted
data\isl_alphabet_digits\train\9\Sign 9 (300).jpeg,train,9,35,400,400,accepted
data\isl_alphabet_digits\train\9\Sign 9 (326).jpeg,train,9,35,400,400,accepted
data\isl_alphabet_digits\train\9\Output Image -211.jpg,train,9,35,400,400,accepted
data\isl_alphabet_digits\train\9\Sign 9 (51).jpeg,train,9,35,400,400,accepted
data\isl_alphabet_digits\train\9\Output Image -376.jpg,train,9,35,400,400,accepted
data\isl_alphabet_digits\train\9\Sign 9 (374).jpeg,train,9,35,400,400,accepted
data\isl_alphabet_digits\train\9\Output Image -254.jpg,train,9,35,400,400,accepted
data\isl_alphabet_digits\train\9\Output Image -88.jpg,train,9,35,400,400,accepted
data\isl_alphabet_digits\train\9\Sign 9 (226).jpeg,train,9,35,400,400,accepted
data\isl_alphabet_digits\train\9\Sign 9 (157).jpeg,train,9,35,400,400,accepted
data\isl_alphabet_digits\train\9\Sign 9 (409).jpeg,train,9,35,400,400,accepted
data\isl_alphabet_digits\train\9\Output Image -315.jpg,train,9,35,400,400,accepted
data\isl_alphabet_digits\train\9\Sign 9 (488).jpeg,train,9,35,400,400,accepted
data\isl_alphabet_digits\train\9\Output Image -353.jpg,train,9,35,400,400,accepted
data\isl_alphabet_digits\train\9\Sign 9 (251).jpeg,train,9,35,400,400,accepted
data\isl_alphabet_digits\train\9\Output Image -203.jpg,train,9,35,400,400,accepted
data\isl_alphabet_digits\train\9\Sign 9 (106).jpeg,train,9,35,400,400,accepted
data\isl_alphabet_digits\train\9\Sign 9 (9).jpeg,train,9,35,400,400,accepted
data\isl_alphabet_digits\train\9\Output Image -125.jpg,train,9,35,400,400,accepted
data\isl_alphabet_digits\train\9\Sign 9 (103).jpeg,train,9,35,400,400,accepted
data\isl_alphabet_digits\train\9\Output Image -118.jpg,train,9,35,400,400,accepted
data\isl_alphabet_digits\train\9\Output Image -473.jpg,train,9,35,400,400,accepted
data\isl_alphabet_digits\train\9\Output Image -53.jpg,train,9,35,400,400,accepted
data\isl_alphabet_digits\train\9\Sign 9 (295).jpeg,train,9,35,400,400,accepted
data\isl_alphabet_digits\train\9\Output Image -313.jpg,train,9,35,400,400,accepted
data\isl_alphabet_digits\train\9\Sign 9 (132).jpeg,train,9,35,400,400,accepted
data\isl_alphabet_digits\train\9\Sign 9 (63).jpeg,train,9,35,400,400,accepted
data\isl_alphabet_digits\train\9\Sign 9 (335).jpeg,train,9,35,400,400,accepted
data\isl_alphabet_digits\train\9\Sign 9 (156).jpeg,train,9,35,400,400,accepted
data\isl_alphabet_digits\train\9\Output Image -256.jpg,train,9,35,400,400,accepted
data\isl_alphabet_digits\train\9\Output Image -243.jpg,train,9,35,400,400,accepted
data\isl_alphabet_digits\train\9\Output Image -148.jpg,train,9,35,400,400,accepted
data\isl_alphabet_digits\train\9\Sign 9 (48).jpeg,train,9,35,400,400,accepted
data\isl_alphabet_digits\train\9\Sign 9 (352).jpeg,train,9,35,400,400,accepted
data\isl_alphabet_digits\train\9\Sign 9 (476).jpeg,train,9,35,400,400,accepted
data\isl_alphabet_digits\train\9\Sign 9 (5).jpeg,train,9,35,400,400,accepted
data\isl_alphabet_digits\train\9\Sign 9 (393).jpeg,train,9,35,400,400,accepted
data\isl_alphabet_digits\train\9\Sign 9 (458).jpeg,train,9,35,400,400,accepted
data\isl_alphabet_digits\train\9\Sign 9 (448).jpeg,train,9,35,400,400,accepted
data\isl_alphabet_digits\train\9\Sign 9 (35).jpeg,train,9,35,400,400,accepted
data\isl_alphabet_digits\train\9\Output Image -287.jpg,train,9,35,400,400,accepted
data\isl_alphabet_digits\train\9\Output Image -373.jpg,train,9,35,400,400,accepted
data\isl_alphabet_digits\train\9\Sign 9 (50).jpeg,train,9,35,400,400,accepted
data\isl_alphabet_digits\train\9\Sign 9 (420).jpeg,train,9,35,400,400,accepted
data\isl_alphabet_digits\train\9\Output Image -190.jpg,train,9,35,400,400,accepted
data\isl_alphabet_digits\train\9\Sign 9 (162).jpeg,train,9,35,400,400,accepted
data\isl_alphabet_digits\train\9\Output Image -3.jpg,train,9,35,400,400,accepted
data\isl_alphabet_digits\train\9\Output Image -241.jpg,train,9,35,400,400,accepted
data\isl_alphabet_digits\train\9\Output Image -124.jpg,train,9,35,400,400,accepted
data\isl_alphabet_digits\train\9\Sign 9 (131).jpeg,train,9,35,400,400,accepted
data\isl_alphabet_digits\train\9\Sign 9 (149).jpeg,train,9,35,400,400,accepted
data\isl_alphabet_digits\train\9\Sign 9 (197).jpeg,train,9,35,400,400,accepted
data\isl_alphabet_digits\train\9\Sign 9 (39).jpeg,train,9,35,400,400,accepted
data\isl_alphabet_digits\train\9\Sign 9 (65).jpeg,train,9,35,400,400,accepted
data\isl_alphabet_digits\train\9\Output Image -392.jpg,train,9,35,400,400,accepted
data\isl_alphabet_digits\train\9\Sign 9 (271).jpeg,train,9,35,400,400,accepted
data\isl_alphabet_digits\train\9\Sign 9 (45).jpeg,train,9,35,400,400,accepted
data\isl_alphabet_digits\train\9\Sign 9 (189).jpeg,train,9,35,400,400,accepted
data\isl_alphabet_digits\train\9\Output Image -83.jpg,train,9,35,400,400,accepted
data\isl_alphabet_digits\train\9\Output Image -319.jpg,train,9,35,400,400,accepted
data\isl_alphabet_digits\train\9\Sign 9 (291).jpeg,train,9,35,400,400,accepted
data\isl_alphabet_digits\train\9\Output Image -500.jpg,train,9,35,400,400,accepted
data\isl_alphabet_digits\train\9\Sign 9 (66).jpeg,train,9,35,400,400,accepted
data\isl_alphabet_digits\train\9\Output Image -220.jpg,train,9,35,400,400,accepted
data\isl_alphabet_digits\train\9\Sign 9 (277).jpeg,train,9,35,400,400,accepted
data\isl_alphabet_digits\train\9\Sign 9 (53).jpeg,train,9,35,400,400,accepted
data\isl_alphabet_digits\train\9\Output Image -375.jpg,train,9,35,400,400,accepted
data\isl_alphabet_digits\train\9\Output Image -288.jpg,train,9,35,400,400,accepted
data\isl_alphabet_digits\train\9\Output Image -464.jpg,train,9,35,400,400,accepted
data\isl_alphabet_digits\train\9\Sign 9 (435).jpeg,train,9,35,400,400,accepted
data\isl_alphabet_digits\train\9\Output Image -182.jpg,train,9,35,400,400,accepted
data\isl_alphabet_digits\train\9\Sign 9 (154).jpeg,train,9,35,400,400,accepted
data\isl_alphabet_digits\train\9\Output Image -41.jpg,train,9,35,400,400,accepted
data\isl_alphabet_digits\train\9\Output Image -447.jpg,train,9,35,400,400,accepted
data\isl_alphabet_digits\train\9\Output Image -172.jpg,train,9,35,400,400,accepted
data\isl_alphabet_digits\train\9\Output Image -17.jpg,train,9,35,400,400,accepted
data\isl_alphabet_digits\train\9\Output Image -152.jpg,train,9,35,400,400,accepted
data\isl_alphabet_digits\train\9\Sign 9 (140).jpeg,train,9,35,400,400,accepted
data\isl_alphabet_digits\train\9\Sign 9 (381).jpeg,train,9,35,400,400,accepted
data\isl_alphabet_digits\train\9\Sign 9 (287).jpeg,train,9,35,400,400,accepted
data\isl_alphabet_digits\train\9\Sign 9 (373).jpeg,train,9,35,400,400,accepted
data\isl_alphabet_digits\train\9\Output Image -427.jpg,train,9,35,400,400,accepted
data\isl_alphabet_digits\train\9\Output Image -298.jpg,train,9,35,400,400,accepted
data\isl_alphabet_digits\train\9\Output Image -9.jpg,train,9,35,400,400,accepted
data\isl_alphabet_digits\train\9\Output Image -309.jpg,train,9,35,400,400,accepted
data\isl_alphabet_digits\train\9\Sign 9 (460).jpeg,train,9,35,400,400,accepted
data\isl_alphabet_digits\train\9\Output Image -136.jpg,train,9,35,400,400,accepted
data\isl_alphabet_digits\train\9\Sign 9 (118).jpeg,train,9,35,400,400,accepted
data\isl_alphabet_digits\train\9\Sign 9 (94).jpeg,train,9,35,400,400,accepted
data\isl_alphabet_digits\train\9\Output Image -272.jpg,train,9,35,400,400,accepted
data\isl_alphabet_digits\train\9\Sign 9 (218).jpeg,train,9,35,400,400,accepted
data\isl_alphabet_digits\train\9\Sign 9 (78).jpeg,train,9,35,400,400,accepted
data\isl_alphabet_digits\train\9\Output Image -126.jpg,train,9,35,400,400,accepted
data\isl_alphabet_digits\train\9\Sign 9 (419).jpeg,train,9,35,400,400,accepted
data\isl_alphabet_digits\train\9\Sign 9 (172).jpeg,train,9,35,400,400,accepted
data\isl_alphabet_digits\train\9\Sign 9 (436).jpeg,train,9,35,400,400,accepted
data\isl_alphabet_digits\train\9\Output Image -371.jpg,train,9,35,400,400,accepted
data\isl_alphabet_digits\train\9\Sign 9 (465).jpeg,train,9,35,400,400,accepted
data\isl_alphabet_digits\train\9\Output Image -45.jpg,train,9,35,400,400,accepted
data\isl_alphabet_digits\train\9\Sign 9 (357).jpeg,train,9,35,400,400,accepted
data\isl_alphabet_digits\train\9\Sign 9 (322).jpeg,train,9,35,400,400,accepted
data\isl_alphabet_digits\train\9\Sign 9 (312).jpeg,train,9,35,400,400,accepted
data\isl_alphabet_digits\train\9\Output Image -291.jpg,train,9,35,400,400,accepted
data\isl_alphabet_digits\train\9\Output Image -426.jpg,train,9,35,400,400,accepted
data\isl_alphabet_digits\train\9\Output Image -399.jpg,train,9,35,400,400,accepted
data\isl_alphabet_digits\train\9\Output Image -119.jpg,train,9,35,400,400,accepted
data\isl_alphabet_digits\train\9\Sign 9 (168).jpeg,train,9,35,400,400,accepted
data\isl_alphabet_digits\train\9\Sign 9 (473).jpeg,train,9,35,400,400,accepted
data\isl_alphabet_digits\train\9\Output Image -16.jpg,train,9,35,400,400,accepted
data\isl_alphabet_digits\train\9\Sign 9 (286).jpeg,train,9,35,400,400,accepted
data\isl_alphabet_digits\train\9\Sign 9 (480).jpeg,train,9,35,400,400,accepted
data\isl_alphabet_digits\train\9\Output Image -465.jpg,train,9,35,400,400,accepted
data\isl_alphabet_digits\train\9\Sign 9 (173).jpeg,train,9,35,400,400,accepted
data\isl_alphabet_digits\train\9\Output Image -159.jpg,train,9,35,400,400,accepted
data\isl_alphabet_digits\train\9\Sign 9 (461).jpeg,train,9,35,400,400,accepted
data\isl_alphabet_digits\train\9\Sign 9 (29).jpeg,train,9,35,400,400,accepted
data\isl_alphabet_digits\train\9\Output Image -156.jpg,train,9,35,400,400,accepted
data\isl_alphabet_digits\train\9\Sign 9 (128).jpeg,train,9,35,400,400,accepted
data\isl_alphabet_digits\train\9\Sign 9 (246).jpeg,train,9,35,400,400,accepted
data\isl_alphabet_digits\train\9\Output Image -329.jpg,train,9,35,400,400,accepted
data\isl_alphabet_digits\train\9\Sign 9 (386).jpeg,train,9,35,400,400,accepted
data\isl_alphabet_digits\train\9\Output Image -409.jpg,train,9,35,400,400,accepted
data\isl_alphabet_digits\train\9\Sign 9 (169).jpeg,train,9,35,400,400,accepted
data\isl_alphabet_digits\train\9\Sign 9 (21).jpeg,train,9,35,400,400,accepted
data\isl_alphabet_digits\train\9\Sign 9 (167).jpeg,train,9,35,400,400,accepted
data\isl_alphabet_digits\train\9\Output Image -130.jpg,train,9,35,400,400,accepted
data\isl_alphabet_digits\train\9\Output Image -81.jpg,train,9,35,400,400,accepted
data\isl_alphabet_digits\train\9\Sign 9 (483).jpeg,train,9,35,400,400,accepted
data\isl_alphabet_digits\train\9\Output Image -111.jpg,train,9,35,400,400,accepted
data\isl_alphabet_digits\train\9\Output Image -386.jpg,train,9,35,400,400,accepted
data\isl_alphabet_digits\train\9\Sign 9 (36).jpeg,train,9,35,400,400,accepted
data\isl_alphabet_digits\train\9\Output Image -222.jpg,train,9,35,400,400,accepted
data\isl_alphabet_digits\train\9\Output Image -44.jpg,train,9,35,400,400,accepted
data\isl_alphabet_digits\train\9\Sign 9 (344).jpeg,train,9,35,400,400,accepted
data\isl_alphabet_digits\train\9\Output Image -13.jpg,train,9,35,400,400,accepted
data\isl_alphabet_digits\train\9\Sign 9 (314).jpeg,train,9,35,400,400,accepted
data\isl_alphabet_digits\train\9\Output Image -187.jpg,train,9,35,400,400,accepted
data\isl_alphabet_digits\train\9\Sign 9 (329).jpeg,train,9,35,400,400,accepted
data\isl_alphabet_digits\train\9\Output Image -34.jpg,train,9,35,400,400,accepted
data\isl_alphabet_digits\train\9\Sign 9 (185).jpeg,train,9,35,400,400,accepted
data\isl_alphabet_digits\train\9\Output Image -351.jpg,train,9,35,400,400,accepted
data\isl_alphabet_digits\train\9\Output Image -328.jpg,train,9,35,400,400,accepted
data\isl_alphabet_digits\train\9\Sign 9 (107).jpeg,train,9,35,400,400,accepted
data\isl_alphabet_digits\train\9\Output Image -23.jpg,train,9,35,400,400,accepted
data\isl_alphabet_digits\train\9\Sign 9 (351).jpeg,train,9,35,400,400,accepted
data\isl_alphabet_digits\train\9\Output Image -261.jpg,train,9,35,400,400,accepted
data\isl_alphabet_digits\train\9\Output Image -283.jpg,train,9,35,400,400,accepted
data\isl_alphabet_digits\train\9\Output Image -206.jpg,train,9,35,400,400,accepted
data\isl_alphabet_digits\train\9\Output Image -26.jpg,train,9,35,400,400,accepted
data\isl_alphabet_digits\train\9\Output Image -270.jpg,train,9,35,400,400,accepted
data\isl_alphabet_digits\train\9\Output Image -412.jpg,train,9,35,400,400,accepted
data\isl_alphabet_digits\train\9\Sign 9 (191).jpeg,train,9,35,400,400,accepted
data\isl_alphabet_digits\train\9\Sign 9 (243).jpeg,train,9,35,400,400,accepted
data\isl_alphabet_digits\train\9\Output Image -61.jpg,train,9,35,400,400,accepted
data\isl_alphabet_digits\train\9\Output Image -54.jpg,train,9,35,400,400,accepted
data\isl_alphabet_digits\train\9\Sign 9 (299).jpeg,train,9,35,400,400,accepted
data\isl_alphabet_digits\train\9\Sign 9 (439).jpeg,train,9,35,400,400,accepted
data\isl_alphabet_digits\train\9\Sign 9 (331).jpeg,train,9,35,400,400,accepted
data\isl_alphabet_digits\train\9\Sign 9 (238).jpeg,train,9,35,400,400,accepted
data\isl_alphabet_digits\train\9\Sign 9 (4).jpeg,train,9,35,400,400,accepted
data\isl_alphabet_digits\train\9\Sign 9 (134).jpeg,train,9,35,400,400,accepted
data\isl_alphabet_digits\train\9\Sign 9 (259).jpeg,train,9,35,400,400,accepted
data\isl_alphabet_digits\train\9\Output Image -164.jpg,train,9,35,400,400,accepted
data\isl_alphabet_digits\train\9\Sign 9 (296).jpeg,train,9,35,400,400,accepted
data\isl_alphabet_digits\train\9\Sign 9 (7).jpeg,train,9,35,400,400,accepted
data\isl_alphabet_digits\train\9\Sign 9 (343).jpeg,train,9,35,400,400,accepted
data\isl_alphabet_digits\train\9\Output Image -185.jpg,train,9,35,400,400,accepted
data\isl_alphabet_digits\train\9\Sign 9 (13).jpeg,train,9,35,400,400,accepted
data\isl_alphabet_digits\train\9\Output Image -189.jpg,train,9,35,400,400,accepted
data\isl_alphabet_digits\train\9\Output Image -405.jpg,train,9,35,400,400,accepted
data\isl_alphabet_digits\train\9\Sign 9 (478).jpeg,train,9,35,400,400,accepted
data\isl_alphabet_digits\train\9\Sign 9 (142).jpeg,train,9,35,400,400,accepted
data\isl_alphabet_digits\train\9\Output Image -344.jpg,train,9,35,400,400,accepted
data\isl_alphabet_digits\train\9\Sign 9 (141).jpeg,train,9,35,400,400,accepted
data\isl_alphabet_digits\train\9\Output Image -177.jpg,train,9,35,400,400,accepted
data\isl_alphabet_digits\train\9\Output Image -407.jpg,train,9,35,400,400,accepted
data\isl_alphabet_digits\train\9\Output Image -314.jpg,train,9,35,400,400,accepted
data\isl_alphabet_digits\train\9\Sign 9 (68).jpeg,train,9,35,400,400,accepted
data\isl_alphabet_digits\train\9\Sign 9 (236).jpeg,train,9,35,400,400,accepted
data\isl_alphabet_digits\train\9\Sign 9 (120).jpeg,train,9,35,400,400,accepted
data\isl_alphabet_digits\train\9\Sign 9 (220).jpeg,train,9,35,400,400,accepted
data\isl_alphabet_digits\train\9\Output Image -80.jpg,train,9,35,400,400,accepted
data\isl_alphabet_digits\train\9\Output Image -316.jpg,train,9,35,400,400,accepted
data\isl_alphabet_digits\train\9\Sign 9 (346).jpeg,train,9,35,400,400,accepted
data\isl_alphabet_digits\train\9\Sign 9 (133).jpeg,train,9,35,400,400,accepted
data\isl_alphabet_digits\train\9\Output Image -450.jpg,train,9,35,400,400,accepted
data\isl_alphabet_digits\train\9\Sign 9 (444).jpeg,train,9,35,400,400,accepted
data\isl_alphabet_digits\train\9\Sign 9 (192).jpeg,train,9,35,400,400,accepted
data\isl_alphabet_digits\train\9\Output Image -292.jpg,train,9,35,400,400,accepted
data\isl_alphabet_digits\train\9\Sign 9 (267).jpeg,train,9,35,400,400,accepted
data\isl_alphabet_digits\train\9\Sign 9 (237).jpeg,train,9,35,400,400,accepted
data\isl_alphabet_digits\train\9\Output Image -260.jpg,train,9,35,400,400,accepted
data\isl_alphabet_digits\train\9\Output Image -460.jpg,train,9,35,400,400,accepted
data\isl_alphabet_digits\train\9\Sign 9 (255).jpeg,train,9,35,400,400,accepted
data\isl_alphabet_digits\train\9\Sign 9 (406).jpeg,train,9,35,400,400,accepted
data\isl_alphabet_digits\train\9\Sign 9 (330).jpeg,train,9,35,400,400,accepted
data\isl_alphabet_digits\train\9\Sign 9 (328).jpeg,train,9,35,400,400,accepted
data\isl_alphabet_digits\train\9\Output Image -251.jpg,train,9,35,400,400,accepted
data\isl_alphabet_digits\train\9\Sign 9 (194).jpeg,train,9,35,400,400,accepted
data\isl_alphabet_digits\train\9\Output Image -381.jpg,train,9,35,400,400,accepted
data\isl_alphabet_digits\train\9\Output Image -435.jpg,train,9,35,400,400,accepted
data\isl_alphabet_digits\train\9\Sign 9 (145).jpeg,train,9,35,400,400,accepted
data\isl_alphabet_digits\train\9\Output Image -364.jpg,train,9,35,400,400,accepted
data\isl_alphabet_digits\train\9\Sign 9 (144).jpeg,train,9,35,400,400,accepted
data\isl_alphabet_digits\train\9\Sign 9 (363).jpeg,train,9,35,400,400,accepted
data\isl_alphabet_digits\train\9\Output Image -92.jpg,train,9,35,400,400,accepted
data\isl_alphabet_digits\train\9\Sign 9 (81).jpeg,train,9,35,400,400,accepted
data\isl_alphabet_digits\train\9\Output Image -60.jpg,train,9,35,400,400,accepted
data\isl_alphabet_digits\train\9\Output Image -459.jpg,train,9,35,400,400,accepted
data\isl_alphabet_digits\train\9\Sign 9 (245).jpeg,train,9,35,400,400,accepted
data\isl_alphabet_digits\train\9\Sign 9 (109).jpeg,train,9,35,400,400,accepted
data\isl_alphabet_digits\train\9\Sign 9 (370).jpeg,train,9,35,400,400,accepted
data\isl_alphabet_digits\train\9\Output Image -178.jpg,train,9,35,400,400,accepted
data\isl_alphabet_digits\train\9\Output Image -226.jpg,train,9,35,400,400,accepted
data\isl_alphabet_digits\train\9\Sign 9 (470).jpeg,train,9,35,400,400,accepted
data\isl_alphabet_digits\train\9\Sign 9 (221).jpeg,train,9,35,400,400,accepted
data\isl_alphabet_digits\train\9\Sign 9 (293).jpeg,train,9,35,400,400,accepted
data\isl_alphabet_digits\train\9\Sign 9 (336).jpeg,train,9,35,400,400,accepted
data\isl_alphabet_digits\train\9\Output Image -498.jpg,train,9,35,400,400,accepted
data\isl_alphabet_digits\train\9\Sign 9 (294).jpeg,train,9,35,400,400,accepted
data\isl_alphabet_digits\train\9\Sign 9 (401).jpeg,train,9,35,400,400,accepted
data\isl_alphabet_digits\train\9\Output Image -307.jpg,train,9,35,400,400,accepted
data\isl_alphabet_digits\train\9\Output Image -253.jpg,train,9,35,400,400,accepted
data\isl_alphabet_digits\train\9\Output Image -294.jpg,train,9,35,400,400,accepted
data\isl_alphabet_digits\train\9\Sign 9 (347).jpeg,train,9,35,400,400,accepted
data\isl_alphabet_digits\train\9\Output Image -322.jpg,train,9,35,400,400,accepted
data\isl_alphabet_digits\train\9\Sign 9 (177).jpeg,train,9,35,400,400,accepted
data\isl_alphabet_digits\train\9\Output Image -155.jpg,train,9,35,400,400,accepted
data\isl_alphabet_digits\train\9\Sign 9 (151).jpeg,train,9,35,400,400,accepted
data\isl_alphabet_digits\train\9\Output Image -139.jpg,train,9,35,400,400,accepted
data\isl_alphabet_digits\train\9\Output Image -248.jpg,train,9,35,400,400,accepted
data\isl_alphabet_digits\train\9\Output Image -77.jpg,train,9,35,400,400,accepted
data\isl_alphabet_digits\train\9\Output Image -250.jpg,train,9,35,400,400,accepted
data\isl_alphabet_digits\train\9\Sign 9 (372).jpeg,train,9,35,400,400,accepted
data\isl_alphabet_digits\train\9\Sign 9 (83).jpeg,train,9,35,400,400,accepted
data\isl_alphabet_digits\train\9\Sign 9 (398).jpeg,train,9,35,400,400,accepted
data\isl_alphabet_digits\train\9\Sign 9 (207).jpeg,train,9,35,400,400,accepted
data\isl_alphabet_digits\train\9\Output Image -192.jpg,train,9,35,400,400,accepted
data\isl_alphabet_digits\train\9\Output Image -49.jpg,train,9,35,400,400,accepted
data\isl_alphabet_digits\train\9\Sign 9 (403).jpeg,train,9,35,400,400,accepted
data\isl_alphabet_digits\train\9\Sign 9 (64).jpeg,train,9,35,400,400,accepted
data\isl_alphabet_digits\train\9\Output Image -4.jpg,train,9,35,400,400,accepted
data\isl_alphabet_digits\train\9\Output Image -235.jpg,train,9,35,400,400,accepted
data\isl_alphabet_digits\train\9\Sign 9 (263).jpeg,train,9,35,400,400,accepted
data\isl_alphabet_digits\train\9\Output Image -268.jpg,train,9,35,400,400,accepted
data\isl_alphabet_digits\train\9\Output Image -198.jpg,train,9,35,400,400,accepted
data\isl_alphabet_digits\train\9\Output Image -326.jpg,train,9,35,400,400,accepted
data\isl_alphabet_digits\train\9\Sign 9 (274).jpeg,train,9,35,400,400,accepted
data\isl_alphabet_digits\train\9\Sign 9 (256).jpeg,train,9,35,400,400,accepted
data\isl_alphabet_digits\train\9\Sign 9 (388).jpeg,train,9,35,400,400,accepted
data\isl_alphabet_digits\train\9\Output Image -116.jpg,train,9,35,400,400,accepted
data\isl_alphabet_digits\train\9\Output Image -166.jpg,train,9,35,400,400,accepted
data\isl_alphabet_digits\train\9\Output Image -488.jpg,train,9,35,400,400,accepted
data\isl_alphabet_digits\train\9\Sign 9 (440).jpeg,train,9,35,400,400,accepted
data\isl_alphabet_digits\train\9\Output Image -140.jpg,train,9,35,400,400,accepted
data\isl_alphabet_digits\train\9\Sign 9 (26).jpeg,train,9,35,400,400,accepted
data\isl_alphabet_digits\train\9\Output Image -318.jpg,train,9,35,400,400,accepted
data\isl_alphabet_digits\train\9\Sign 9 (485).jpeg,train,9,35,400,400,accepted
data\isl_alphabet_digits\train\9\Sign 9 (158).jpeg,train,9,35,400,400,accepted
data\isl_alphabet_digits\train\9\Output Image -461.jpg,train,9,35,400,400,accepted
data\isl_alphabet_digits\train\9\Sign 9 (60).jpeg,train,9,35,400,400,accepted
data\isl_alphabet_digits\train\9\Output Image -216.jpg,train,9,35,400,400,accepted
data\isl_alphabet_digits\train\9\Sign 9 (127).jpeg,train,9,35,400,400,accepted
data\isl_alphabet_digits\train\9\Output Image -224.jpg,train,9,35,400,400,accepted
data\isl_alphabet_digits\train\9\Output Image -262.jpg,train,9,35,400,400,accepted
data\isl_alphabet_digits\train\9\Sign 9 (452).jpeg,train,9,35,400,400,accepted
data\isl_alphabet_digits\train\9\Sign 9 (261).jpeg,train,9,35,400,400,accepted
data\isl_alphabet_digits\train\9\Output Image -151.jpg,train,9,35,400,400,accepted
data\isl_alphabet_digits\train\9\Output Image -433.jpg,train,9,35,400,400,accepted
data\isl_alphabet_digits\train\9\Output Image -494.jpg,train,9,35,400,400,accepted
data\isl_alphabet_digits\train\9\Output Image -51.jpg,train,9,35,400,400,accepted
data\isl_alphabet_digits\train\9\Sign 9 (327).jpeg,train,9,35,400,400,accepted
data\isl_alphabet_digits\train\9\Output Image -278.jpg,train,9,35,400,400,accepted
data\isl_alphabet_digits\train\9\Output Image -462.jpg,train,9,35,400,400,accepted
data\isl_alphabet_digits\train\9\Sign 9 (124).jpeg,train,9,35,400,400,accepted
data\isl_alphabet_digits\train\9\Output Image -242.jpg,train,9,35,400,400,accepted
data\isl_alphabet_digits\train\9\Output Image -257.jpg,train,9,35,400,400,accepted
data\isl_alphabet_digits\train\9\Output Image -440.jpg,train,9,35,400,400,accepted
data\isl_alphabet_digits\train\9\Sign 9 (358).jpeg,train,9,35,400,400,accepted
data\isl_alphabet_digits\train\9\Output Image -91.jpg,train,9,35,400,400,accepted
data\isl_alphabet_digits\train\9\Sign 9 (315).jpeg,train,9,35,400,400,accepted
data\isl_alphabet_digits\train\9\Sign 9 (362).jpeg,train,9,35,400,400,accepted
data\isl_alphabet_digits\train\9\Sign 9 (348).jpeg,train,9,35,400,400,accepted
data\isl_alphabet_digits\train\9\Output Image -456.jpg,train,9,35,400,400,accepted
data\isl_alphabet_digits\train\9\Output Image -360.jpg,train,9,35,400,400,accepted
data\isl_alphabet_digits\train\9\Output Image -276.jpg,train,9,35,400,400,accepted
data\isl_alphabet_digits\train\9\Sign 9 (86).jpeg,train,9,35,400,400,accepted
data\isl_alphabet_digits\train\9\Sign 9 (41).jpeg,train,9,35,400,400,accepted
data\isl_alphabet_digits\train\9\Output Image -436.jpg,train,9,35,400,400,accepted
data\isl_alphabet_digits\train\9\Output Image -471.jpg,train,9,35,400,400,accepted
data\isl_alphabet_digits\train\9\Output Image -290.jpg,train,9,35,400,400,accepted
data\isl_alphabet_digits\train\9\Sign 9 (323).jpeg,train,9,35,400,400,accepted
data\isl_alphabet_digits\train\9\Output Image -452.jpg,train,9,35,400,400,accepted
data\isl_alphabet_digits\train\9\Sign 9 (429).jpeg,train,9,35,400,400,accepted
data\isl_alphabet_digits\train\9\Output Image -59.jpg,train,9,35,400,400,accepted
data\isl_alphabet_digits\train\9\Output Image -359.jpg,train,9,35,400,400,accepted
data\isl_alphabet_digits\train\9\Output Image -105.jpg,train,9,35,400,400,accepted
data\isl_alphabet_digits\train\9\Sign 9 (325).jpeg,train,9,35,400,400,accepted
data\isl_alphabet_digits\train\9\Output Image -217.jpg,train,9,35,400,400,accepted
data\isl_alphabet_digits\train\9\Sign 9 (424).jpeg,train,9,35,400,400,accepted
data\isl_alphabet_digits\train\9\Output Image -271.jpg,train,9,35,400,400,accepted
data\isl_alphabet_digits\train\9\Sign 9 (239).jpeg,train,9,35,400,400,accepted
data\isl_alphabet_digits\train\9\Sign 9 (459).jpeg,train,9,35,400,400,accepted
data\isl_alphabet_digits\train\9\Sign 9 (496).jpeg,train,9,35,400,400,accepted
data\isl_alphabet_digits\train\9\Sign 9 (402).jpeg,train,9,35,400,400,accepted
data\isl_alphabet_digits\train\9\Output Image -323.jpg,train,9,35,400,400,accepted
data\isl_alphabet_digits\train\9\Output Image -404.jpg,train,9,35,400,400,accepted
data\isl_alphabet_digits\train\9\Output Image -107.jpg,train,9,35,400,400,accepted
data\isl_alphabet_digits\train\9\Output Image -46.jpg,train,9,35,400,400,accepted
data\isl_alphabet_digits\train\9\Sign 9 (310).jpeg,train,9,35,400,400,accepted
data\isl_alphabet_digits\train\9\Output Image -348.jpg,train,9,35,400,400,accepted
data\isl_alphabet_digits\train\9\Output Image -335.jpg,train,9,35,400,400,accepted
data\isl_alphabet_digits\train\9\Sign 9 (492).jpeg,train,9,35,400,400,accepted
data\isl_alphabet_digits\train\9\Sign 9 (244).jpeg,train,9,35,400,400,accepted
data\isl_alphabet_digits\train\9\Sign 9 (306).jpeg,train,9,35,400,400,accepted
data\isl_alphabet_digits\train\9\Output Image -213.jpg,train,9,35,400,400,accepted
data\isl_alphabet_digits\train\9\Output Image -245.jpg,train,9,35,400,400,accepted
data\isl_alphabet_digits\train\9\Sign 9 (71).jpeg,train,9,35,400,400,accepted
data\isl_alphabet_digits\train\9\Output Image -202.jpg,train,9,35,400,400,accepted
data\isl_alphabet_digits\train\9\Output Image -43.jpg,train,9,35,400,400,accepted
data\isl_alphabet_digits\train\9\Output Image -468.jpg,train,9,35,400,400,accepted
data\isl_alphabet_digits\train\9\Sign 9 (113).jpeg,train,9,35,400,400,accepted
data\isl_alphabet_digits\train\9\Output Image -247.jpg,train,9,35,400,400,accepted
data\isl_alphabet_digits\train\9\Output Image -71.jpg,train,9,35,400,400,accepted
data\isl_alphabet_digits\train\9\Sign 9 (115).jpeg,train,9,35,400,400,accepted
data\isl_alphabet_digits\train\9\Sign 9 (415).jpeg,train,9,35,400,400,accepted
data\isl_alphabet_digits\train\9\Sign 9 (34).jpeg,train,9,35,400,400,accepted
data\isl_alphabet_digits\train\9\Output Image -389.jpg,train,9,35,400,400,accepted
data\isl_alphabet_digits\train\9\Output Image -161.jpg,train,9,35,400,400,accepted
data\isl_alphabet_digits\train\9\Sign 9 (37).jpeg,train,9,35,400,400,accepted
data\isl_alphabet_digits\train\9\Sign 9 (285).jpeg,train,9,35,400,400,accepted
data\isl_alphabet_digits\train\9\Output Image -234.jpg,train,9,35,400,400,accepted
data\isl_alphabet_digits\train\9\Output Image -36.jpg,train,9,35,400,400,accepted
data\isl_alphabet_digits\train\9\Output Image -28.jpg,train,9,35,400,400,accepted
data\isl_alphabet_digits\train\9\Output Image -238.jpg,train,9,35,400,400,accepted
data\isl_alphabet_digits\train\9\Output Image -411.jpg,train,9,35,400,400,accepted
data\isl_alphabet_digits\train\9\Sign 9 (24).jpeg,train,9,35,400,400,accepted
data\isl_alphabet_digits\train\9\Output Image -472.jpg,train,9,35,400,400,accepted
data\isl_alphabet_digits\train\9\Sign 9 (451).jpeg,train,9,35,400,400,accepted
data\isl_alphabet_digits\train\9\Output Image -431.jpg,train,9,35,400,400,accepted
data\isl_alphabet_digits\train\9\Output Image -38.jpg,train,9,35,400,400,accepted
data\isl_alphabet_digits\train\9\Output Image -109.jpg,train,9,35,400,400,accepted
data\isl_alphabet_digits\train\9\Output Image -478.jpg,train,9,35,400,400,accepted
data\isl_alphabet_digits\train\9\Output Image -94.jpg,train,9,35,400,400,accepted
data\isl_alphabet_digits\train\9\Output Image -209.jpg,train,9,35,400,400,accepted
data\isl_alphabet_digits\train\9\Sign 9 (126).jpeg,train,9,35,400,400,accepted
data\isl_alphabet_digits\train\9\Sign 9 (222).jpeg,train,9,35,400,400,accepted
data\isl_alphabet_digits\train\9\Sign 9 (311).jpeg,train,9,35,400,400,accepted
data\isl_alphabet_digits\train\9\Output Image -108.jpg,train,9,35,400,400,accepted
data\isl_alphabet_digits\train\9\Output Image -100.jpg,train,9,35,400,400,accepted
data\isl_alphabet_digits\train\9\Sign 9 (33).jpeg,train,9,35,400,400,accepted
data\isl_alphabet_digits\train\9\Output Image -149.jpg,train,9,35,400,400,accepted
data\isl_alphabet_digits\train\9\Output Image -249.jpg,train,9,35,400,400,accepted
data\isl_alphabet_digits\train\9\Sign 9 (69).jpeg,train,9,35,400,400,accepted
data\isl_alphabet_digits\train\9\Output Image -496.jpg,train,9,35,400,400,accepted
data\isl_alphabet_digits\train\9\Output Image -210.jpg,train,9,35,400,400,accepted
data\isl_alphabet_digits\train\9\Output Image -448.jpg,train,9,35,400,400,accepted
data\isl_alphabet_digits\train\9\Output Image -297.jpg,train,9,35,400,400,accepted
data\isl_alphabet_digits\train\9\Output Image -66.jpg,train,9,35,400,400,accepted
data\isl_alphabet_digits\train\9\Output Image -169.jpg,train,9,35,400,400,accepted
data\isl_alphabet_digits\train\9\Output Image -327.jpg,train,9,35,400,400,accepted
data\isl_alphabet_digits\train\9\Sign 9 (468).jpeg,train,9,35,400,400,accepted
data\isl_alphabet_digits\train\9\Output Image -57.jpg,train,9,35,400,400,accepted
data\isl_alphabet_digits\train\9\Sign 9 (356).jpeg,train,9,35,400,400,accepted
data\isl_alphabet_digits\train\9\Output Image -64.jpg,train,9,35,400,400,accepted
data\isl_alphabet_digits\train\9\Output Image -199.jpg,train,9,35,400,400,accepted
data\isl_alphabet_digits\train\9\Sign 9 (313).jpeg,train,9,35,400,400,accepted
data\isl_alphabet_digits\train\9\Sign 9 (211).jpeg,train,9,35,400,400,accepted
data\isl_alphabet_digits\train\9\Sign 9 (471).jpeg,train,9,35,400,400,accepted
data\isl_alphabet_digits\train\9\Sign 9 (284).jpeg,train,9,35,400,400,accepted
data\isl_alphabet_digits\train\9\Output Image -490.jpg,train,9,35,400,400,accepted
data\isl_alphabet_digits\train\9\Sign 9 (282).jpeg,train,9,35,400,400,accepted
data\isl_alphabet_digits\train\9\Sign 9 (434).jpeg,train,9,35,400,400,accepted
data\isl_alphabet_digits\train\9\Sign 9 (159).jpeg,train,9,35,400,400,accepted
data\isl_alphabet_digits\train\9\Sign 9 (254).jpeg,train,9,35,400,400,accepted
data\isl_alphabet_digits\train\9\Output Image -308.jpg,train,9,35,400,400,accepted
data\isl_alphabet_digits\train\9\Sign 9 (469).jpeg,train,9,35,400,400,accepted
data\isl_alphabet_digits\train\9\Sign 9 (463).jpeg,train,9,35,400,400,accepted
data\isl_alphabet_digits\train\9\Sign 9 (230).jpeg,train,9,35,400,400,accepted
data\isl_alphabet_digits\train\9\Output Image -406.jpg,train,9,35,400,400,accepted
data\isl_alphabet_digits\train\9\Sign 9 (178).jpeg,train,9,35,400,400,accepted
data\isl_alphabet_digits\train\9\Output Image -27.jpg,train,9,35,400,400,accepted
data\isl_alphabet_digits\train\9\Sign 9 (52).jpeg,train,9,35,400,400,accepted
data\isl_alphabet_digits\train\9\Sign 9 (464).jpeg,train,9,35,400,400,accepted
data\isl_alphabet_digits\train\9\Sign 9 (196).jpeg,train,9,35,400,400,accepted
data\isl_alphabet_digits\train\9\Output Image -367.jpg,train,9,35,400,400,accepted
data\isl_alphabet_digits\train\9\Output Image -300.jpg,train,9,35,400,400,accepted
data\isl_alphabet_digits\train\9\Output Image -368.jpg,train,9,35,400,400,accepted
data\isl_alphabet_digits\train\9\Sign 9 (438).jpeg,train,9,35,400,400,accepted
data\isl_alphabet_digits\train\9\Output Image -349.jpg,train,9,35,400,400,accepted
data\isl_alphabet_digits\train\9\Sign 9 (163).jpeg,train,9,35,400,400,accepted
data\isl_alphabet_digits\train\9\Sign 9 (273).jpeg,train,9,35,400,400,accepted
data\isl_alphabet_digits\train\9\Sign 9 (494).jpeg,train,9,35,400,400,accepted
data\isl_alphabet_digits\train\9\Sign 9 (367).jpeg,train,9,35,400,400,accepted
data\isl_alphabet_digits\train\9\Output Image -195.jpg,train,9,35,400,400,accepted
data\isl_alphabet_digits\train\9\Output Image -39.jpg,train,9,35,400,400,accepted
data\isl_alphabet_digits\train\9\Sign 9 (307).jpeg,train,9,35,400,400,accepted
data\isl_alphabet_digits\train\9\Output Image -428.jpg,train,9,35,400,400,accepted
data\isl_alphabet_digits\train\9\Output Image -457.jpg,train,9,35,400,400,accepted
data\isl_alphabet_digits\train\9\Sign 9 (70).jpeg,train,9,35,400,400,accepted
data\isl_alphabet_digits\train\9\Sign 9 (360).jpeg,train,9,35,400,400,accepted
data\isl_alphabet_digits\train\9\Sign 9 (454).jpeg,train,9,35,400,400,accepted
data\isl_alphabet_digits\train\9\Sign 9 (205).jpeg,train,9,35,400,400,accepted
data\isl_alphabet_digits\train\9\Output Image -384.jpg,train,9,35,400,400,accepted
data\isl_alphabet_digits\train\9\Sign 9 (400).jpeg,train,9,35,400,400,accepted
data\isl_alphabet_digits\train\9\Sign 9 (175).jpeg,train,9,35,400,400,accepted
data\isl_alphabet_digits\train\9\Output Image -485.jpg,train,9,35,400,400,accepted
data\isl_alphabet_digits\train\9\Output Image -163.jpg,train,9,35,400,400,accepted
data\isl_alphabet_digits\train\9\Output Image -99.jpg,train,9,35,400,400,accepted
data\isl_alphabet_digits\train\9\Output Image -33.jpg,train,9,35,400,400,accepted
data\isl_alphabet_digits\train\9\Output Image -106.jpg,train,9,35,400,400,accepted
data\isl_alphabet_digits\train\9\Sign 9 (224).jpeg,train,9,35,400,400,accepted
data\isl_alphabet_digits\train\9\Output Image -129.jpg,train,9,35,400,400,accepted
data\isl_alphabet_digits\train\9\Sign 9 (20).jpeg,train,9,35,400,400,accepted
data\isl_alphabet_digits\train\9\Sign 9 (8).jpeg,train,9,35,400,400,accepted
data\isl_alphabet_digits\train\9\Output Image -237.jpg,train,9,35,400,400,accepted
data\isl_alphabet_digits\train\9\Sign 9 (389).jpeg,train,9,35,400,400,accepted
data\isl_alphabet_digits\train\9\Output Image -489.jpg,train,9,35,400,400,accepted
data\isl_alphabet_digits\train\9\Sign 9 (475).jpeg,train,9,35,400,400,accepted
data\isl_alphabet_digits\train\9\Sign 9 (309).jpeg,train,9,35,400,400,accepted
data\isl_alphabet_digits\train\9\Output Image -420.jpg,train,9,35,400,400,accepted
data\isl_alphabet_digits\train\9\Output Image -208.jpg,train,9,35,400,400,accepted
data\isl_alphabet_digits\train\9\Output Image -42.jpg,train,9,35,400,400,accepted
data\isl_alphabet_digits\train\9\Sign 9 (449).jpeg,train,9,35,400,400,accepted
data\isl_alphabet_digits\train\9\Sign 9 (426).jpeg,train,9,35,400,400,accepted
data\isl_alphabet_digits\train\9\Sign 9 (266).jpeg,train,9,35,400,400,accepted
data\isl_alphabet_digits\train\9\Sign 9 (198).jpeg,train,9,35,400,400,accepted
data\isl_alphabet_digits\train\9\Sign 9 (54).jpeg,train,9,35,400,400,accepted
data\isl_alphabet_digits\train\9\Output Image -232.jpg,train,9,35,400,400,accepted
data\isl_alphabet_digits\train\9\Output Image -193.jpg,train,9,35,400,400,accepted
data\isl_alphabet_digits\train\9\Sign 9 (437).jpeg,train,9,35,400,400,accepted
data\isl_alphabet_digits\train\9\Output Image -410.jpg,train,9,35,400,400,accepted
data\isl_alphabet_digits\train\9\Output Image -114.jpg,train,9,35,400,400,accepted
data\isl_alphabet_digits\train\9\Sign 9 (297).jpeg,train,9,35,400,400,accepted
data\isl_alphabet_digits\train\9\Output Image -218.jpg,train,9,35,400,400,accepted
data\isl_alphabet_digits\train\9\Output Image -65.jpg,train,9,35,400,400,accepted
data\isl_alphabet_digits\train\9\Output Image -145.jpg,train,9,35,400,400,accepted
data\isl_alphabet_digits\train\9\Sign 9 (257).jpeg,train,9,35,400,400,accepted
data\isl_alphabet_digits\train\9\Output Image -299.jpg,train,9,35,400,400,accepted
data\isl_alphabet_digits\train\9\Sign 9 (276).jpeg,train,9,35,400,400,accepted
data\isl_alphabet_digits\train\9\Sign 9 (3).jpeg,train,9,35,400,400,accepted
data\isl_alphabet_digits\train\9\Output Image -137.jpg,train,9,35,400,400,accepted
data\isl_alphabet_digits\train\9\Sign 9 (111).jpeg,train,9,35,400,400,accepted
data\isl_alphabet_digits\train\9\Output Image -183.jpg,train,9,35,400,400,accepted
data\isl_alphabet_digits\train\9\Sign 9 (190).jpeg,train,9,35,400,400,accepted
data\isl_alphabet_digits\train\9\Sign 9 (161).jpeg,train,9,35,400,400,accepted
data\isl_alphabet_digits\train\9\Output Image -175.jpg,train,9,35,400,400,accepted
data\isl_alphabet_digits\train\9\Output Image -115.jpg,train,9,35,400,400,accepted
data\isl_alphabet_digits\train\9\Sign 9 (321).jpeg,train,9,35,400,400,accepted
data\isl_alphabet_digits\train\9\Output Image -214.jpg,train,9,35,400,400,accepted
data\isl_alphabet_digits\train\9\Output Image -110.jpg,train,9,35,400,400,accepted
data\isl_alphabet_digits\train\9\Sign 9 (247).jpeg,train,9,35,400,400,accepted
data\isl_alphabet_digits\train\9\Output Image -98.jpg,train,9,35,400,400,accepted
data\isl_alphabet_digits\train\9\Output Image -483.jpg,train,9,35,400,400,accepted
data\isl_alphabet_digits\train\9\Output Image -303.jpg,train,9,35,400,400,accepted
data\isl_alphabet_digits\train\9\Output Image -463.jpg,train,9,35,400,400,accepted
data\isl_alphabet_digits\train\9\Output Image -338.jpg,train,9,35,400,400,accepted
data\isl_alphabet_digits\train\9\Sign 9 (182).jpeg,train,9,35,400,400,accepted
data\isl_alphabet_digits\train\9\Output Image -266.jpg,train,9,35,400,400,accepted
data\isl_alphabet_digits\train\9\Output Image -434.jpg,train,9,35,400,400,accepted
data\isl_alphabet_digits\train\9\Sign 9 (27).jpeg,train,9,35,400,400,accepted
data\isl_alphabet_digits\train\9\Output Image -421.jpg,train,9,35,400,400,accepted
data\isl_alphabet_digits\train\9\Output Image -416.jpg,train,9,35,400,400,accepted
data\isl_alphabet_digits\train\9\Output Image -82.jpg,train,9,35,400,400,accepted
data\isl_alphabet_digits\train\9\Output Image -204.jpg,train,9,35,400,400,accepted
data\isl_alphabet_digits\train\9\Sign 9 (212).jpeg,train,9,35,400,400,accepted
data\isl_alphabet_digits\train\9\Output Image -305.jpg,train,9,35,400,400,accepted
data\isl_alphabet_digits\train\9\Sign 9 (108).jpeg,train,9,35,400,400,accepted
data\isl_alphabet_digits\train\9\Output Image -310.jpg,train,9,35,400,400,accepted
data\isl_alphabet_digits\train\9\Output Image -408.jpg,train,9,35,400,400,accepted
data\isl_alphabet_digits\train\9\Sign 9 (139).jpeg,train,9,35,400,400,accepted
data\isl_alphabet_digits\train\9\Sign 9 (332).jpeg,train,9,35,400,400,accepted
data\isl_alphabet_digits\train\9\Output Image -265.jpg,train,9,35,400,400,accepted
data\isl_alphabet_digits\train\9\Sign 9 (82).jpeg,train,9,35,400,400,accepted
data\isl_alphabet_digits\train\9\Sign 9 (153).jpeg,train,9,35,400,400,accepted
data\isl_alphabet_digits\train\9\Output Image -197.jpg,train,9,35,400,400,accepted
data\isl_alphabet_digits\train\9\Output Image -122.jpg,train,9,35,400,400,accepted
data\isl_alphabet_digits\train\9\Sign 9 (129).jpeg,train,9,35,400,400,accepted
data\isl_alphabet_digits\train\9\Sign 9 (199).jpeg,train,9,35,400,400,accepted
data\isl_alphabet_digits\train\9\Sign 9 (280).jpeg,train,9,35,400,400,accepted
data\isl_alphabet_digits\train\9\Output Image -388.jpg,train,9,35,400,400,accepted
data\isl_alphabet_digits\train\9\Sign 9 (497).jpeg,train,9,35,400,400,accepted
data\isl_alphabet_digits\train\9\Sign 9 (96).jpeg,train,9,35,400,400,accepted
data\isl_alphabet_digits\train\9\Sign 9 (116).jpeg,train,9,35,400,400,accepted
data\isl_alphabet_digits\train\9\Sign 9 (170).jpeg,train,9,35,400,400,accepted
data\isl_alphabet_digits\train\9\Sign 9 (201).jpeg,train,9,35,400,400,accepted
data\isl_alphabet_digits\train\9\Sign 9 (491).jpeg,train,9,35,400,400,accepted
data\isl_alphabet_digits\train\9\Sign 9 (171).jpeg,train,9,35,400,400,accepted
data\isl_alphabet_digits\train\9\Sign 9 (219).jpeg,train,9,35,400,400,accepted
data\isl_alphabet_digits\train\9\Sign 9 (292).jpeg,train,9,35,400,400,accepted
data\isl_alphabet_digits\train\9\Sign 9 (214).jpeg,train,9,35,400,400,accepted
data\isl_alphabet_digits\train\9\Sign 9 (382).jpeg,train,9,35,400,400,accepted
data\isl_alphabet_digits\train\9\Sign 9 (308).jpeg,train,9,35,400,400,accepted
data\isl_alphabet_digits\train\9\Sign 9 (23).jpeg,train,9,35,400,400,accepted
data\isl_alphabet_digits\train\9\Sign 9 (217).jpeg,train,9,35,400,400,accepted
data\isl_alphabet_digits\train\9\Output Image -466.jpg,train,9,35,400,400,accepted
data\isl_alphabet_digits\train\9\Sign 9 (208).jpeg,train,9,35,400,400,accepted
data\isl_alphabet_digits\train\9\Output Image -363.jpg,train,9,35,400,400,accepted
data\isl_alphabet_digits\train\9\Output Image -385.jpg,train,9,35,400,400,accepted
data\isl_alphabet_digits\train\9\Sign 9 (258).jpeg,train,9,35,400,400,accepted
data\isl_alphabet_digits\train\9\Sign 9 (414).jpeg,train,9,35,400,400,accepted
data\isl_alphabet_digits\train\9\Output Image -131.jpg,train,9,35,400,400,accepted
data\isl_alphabet_digits\train\9\Output Image -20.jpg,train,9,35,400,400,accepted
data\isl_alphabet_digits\train\9\Output Image -491.jpg,train,9,35,400,400,accepted
data\isl_alphabet_digits\train\9\Output Image -417.jpg,train,9,35,400,400,accepted
data\isl_alphabet_digits\train\9\Output Image -306.jpg,train,9,35,400,400,accepted
data\isl_alphabet_digits\train\9\Sign 9 (387).jpeg,train,9,35,400,400,accepted
data\isl_alphabet_digits\train\9\Sign 9 (42).jpeg,train,9,35,400,400,accepted
data\isl_alphabet_digits\train\9\Sign 9 (92).jpeg,train,9,35,400,400,accepted
data\isl_alphabet_digits\train\9\Output Image -342.jpg,train,9,35,400,400,accepted
data\isl_alphabet_digits\train\9\Sign 9 (22).jpeg,train,9,35,400,400,accepted
data\isl_alphabet_digits\val\9\Output Image -481.jpg,val,9,35,400,400,accepted
data\isl_alphabet_digits\val\9\Output Image -419.jpg,val,9,35,400,400,accepted
data\isl_alphabet_digits\val\9\Sign 9 (74).jpeg,val,9,35,400,400,accepted
data\isl_alphabet_digits\val\9\Output Image -369.jpg,val,9,35,400,400,accepted
data\isl_alphabet_digits\val\9\Sign 9 (203).jpeg,val,9,35,400,400,accepted
data\isl_alphabet_digits\val\9\Output Image -482.jpg,val,9,35,400,400,accepted
data\isl_alphabet_digits\val\9\Output Image -14.jpg,val,9,35,400,400,accepted
data\isl_alphabet_digits\val\9\Output Image -134.jpg,val,9,35,400,400,accepted
data\isl_alphabet_digits\val\9\Output Image -286.jpg,val,9,35,400,400,accepted
data\isl_alphabet_digits\val\9\Output Image -215.jpg,val,9,35,400,400,accepted
data\isl_alphabet_digits\val\9\Output Image -383.jpg,val,9,35,400,400,accepted
data\isl_alphabet_digits\val\9\Sign 9 (272).jpeg,val,9,35,400,400,accepted
data\isl_alphabet_digits\val\9\Sign 9 (302).jpeg,val,9,35,400,400,accepted
data\isl_alphabet_digits\val\9\Output Image -113.jpg,val,9,35,400,400,accepted
data\isl_alphabet_digits\val\9\Sign 9 (241).jpeg,val,9,35,400,400,accepted
data\isl_alphabet_digits\val\9\Sign 9 (30).jpeg,val,9,35,400,400,accepted
data\isl_alphabet_digits\val\9\Sign 9 (193).jpeg,val,9,35,400,400,accepted
data\isl_alphabet_digits\val\9\Output Image -340.jpg,val,9,35,400,400,accepted
data\isl_alphabet_digits\val\9\Sign 9 (412).jpeg,val,9,35,400,400,accepted
data\isl_alphabet_digits\val\9\Sign 9 (479).jpeg,val,9,35,400,400,accepted
data\isl_alphabet_digits\val\9\Sign 9 (97).jpeg,val,9,35,400,400,accepted
data\isl_alphabet_digits\val\9\Output Image -438.jpg,val,9,35,400,400,accepted
data\isl_alphabet_digits\val\9\Sign 9 (359).jpeg,val,9,35,400,400,accepted
data\isl_alphabet_digits\val\9\Output Image -127.jpg,val,9,35,400,400,accepted
data\isl_alphabet_digits\val\9\Output Image -394.jpg,val,9,35,400,400,accepted
data\isl_alphabet_digits\val\9\Sign 9 (110).jpeg,val,9,35,400,400,accepted
data\isl_alphabet_digits\val\9\Output Image -413.jpg,val,9,35,400,400,accepted
data\isl_alphabet_digits\val\9\Sign 9 (423).jpeg,val,9,35,400,400,accepted
data\isl_alphabet_digits\val\9\Output Image -184.jpg,val,9,35,400,400,accepted
data\isl_alphabet_digits\val\9\Output Image -142.jpg,val,9,35,400,400,accepted
data\isl_alphabet_digits\val\9\Sign 9 (188).jpeg,val,9,35,400,400,accepted
data\isl_alphabet_digits\val\9\Sign 9 (433).jpeg,val,9,35,400,400,accepted
data\isl_alphabet_digits\val\9\Output Image -366.jpg,val,9,35,400,400,accepted
data\isl_alphabet_digits\val\9\Output Image -293.jpg,val,9,35,400,400,accepted
data\isl_alphabet_digits\val\9\Output Image -311.jpg,val,9,35,400,400,accepted
data\isl_alphabet_digits\val\9\Sign 9 (349).jpeg,val,9,35,400,400,accepted
data\isl_alphabet_digits\val\9\Output Image -70.jpg,val,9,35,400,400,accepted
data\isl_alphabet_digits\val\9\Output Image -281.jpg,val,9,35,400,400,accepted
data\isl_alphabet_digits\val\9\Sign 9 (390).jpeg,val,9,35,400,400,accepted
data\isl_alphabet_digits\val\9\Sign 9 (397).jpeg,val,9,35,400,400,accepted
data\isl_alphabet_digits\val\9\Output Image -150.jpg,val,9,35,400,400,accepted
data\isl_alphabet_digits\val\9\Sign 9 (253).jpeg,val,9,35,400,400,accepted
data\isl_alphabet_digits\val\9\Output Image -63.jpg,val,9,35,400,400,accepted
data\isl_alphabet_digits\val\9\Sign 9 (186).jpeg,val,9,35,400,400,accepted
data\isl_alphabet_digits\val\9\Sign 9 (268).jpeg,val,9,35,400,400,accepted
data\isl_alphabet_digits\val\9\Output Image -350.jpg,val,9,35,400,400,accepted
data\isl_alphabet_digits\val\9\Sign 9 (278).jpeg,val,9,35,400,400,accepted
data\isl_alphabet_digits\val\9\Output Image -123.jpg,val,9,35,400,400,accepted
data\isl_alphabet_digits\val\9\Sign 9 (17).jpeg,val,9,35,400,400,accepted
data\isl_alphabet_digits\val\9\Output Image -401.jpg,val,9,35,400,400,accepted
data\isl_alphabet_digits\val\9\Output Image -138.jpg,val,9,35,400,400,accepted
data\isl_alphabet_digits\val\9\Sign 9 (368).jpeg,val,9,35,400,400,accepted
data\isl_alphabet_digits\val\9\Output Image -477.jpg,val,9,35,400,400,accepted
data\isl_alphabet_digits\val\9\Sign 9 (143).jpeg,val,9,35,400,400,accepted
data\isl_alphabet_digits\val\9\Sign 9 (427).jpeg,val,9,35,400,400,accepted
data\isl_alphabet_digits\val\9\Output Image -374.jpg,val,9,35,400,400,accepted
data\isl_alphabet_digits\val\9\Sign 9 (486).jpeg,val,9,35,400,400,accepted
data\isl_alphabet_digits\val\9\Output Image -445.jpg,val,9,35,400,400,accepted
data\isl_alphabet_digits\val\9\Output Image -400.jpg,val,9,35,400,400,accepted
data\isl_alphabet_digits\val\9\Sign 9 (148).jpeg,val,9,35,400,400,accepted
data\isl_alphabet_digits\val\9\Output Image -422.jpg,val,9,35,400,400,accepted
data\isl_alphabet_digits\val\9\Output Image -474.jpg,val,9,35,400,400,accepted
data\isl_alphabet_digits\val\9\Sign 9 (223).jpeg,val,9,35,400,400,accepted
data\isl_alphabet_digits\val\9\Output Image -97.jpg,val,9,35,400,400,accepted
data\isl_alphabet_digits\val\9\Sign 9 (75).jpeg,val,9,35,400,400,accepted
data\isl_alphabet_digits\val\9\Output Image -6.jpg,val,9,35,400,400,accepted
data\isl_alphabet_digits\val\9\Sign 9 (233).jpeg,val,9,35,400,400,accepted
data\isl_alphabet_digits\val\9\Sign 9 (152).jpeg,val,9,35,400,400,accepted
data\isl_alphabet_digits\val\9\Output Image -361.jpg,val,9,35,400,400,accepted
data\isl_alphabet_digits\val\9\Output Image -72.jpg,val,9,35,400,400,accepted
data\isl_alphabet_digits\val\9\Sign 9 (338).jpeg,val,9,35,400,400,accepted
data\isl_alphabet_digits\val\9\Sign 9 (114).jpeg,val,9,35,400,400,accepted
data\isl_alphabet_digits\val\9\Output Image -180.jpg,val,9,35,400,400,accepted
data\isl_alphabet_digits\val\9\Output Image -325.jpg,val,9,35,400,400,accepted
data\isl_alphabet_digits\val\9\Output Image -454.jpg,val,9,35,400,400,accepted
data\isl_alphabet_digits\val\9\Sign 9 (443).jpeg,val,9,35,400,400,accepted
data\isl_alphabet_digits\val\9\Output Image -362.jpg,val,9,35,400,400,accepted
data\isl_alphabet_digits\val\9\Output Image -29.jpg,val,9,35,400,400,accepted
data\isl_alphabet_digits\val\9\Sign 9 (89).jpeg,val,9,35,400,400,accepted
data\isl_alphabet_digits\val\9\Output Image -282.jpg,val,9,35,400,400,accepted
data\isl_alphabet_digits\val\9\Output Image -229.jpg,val,9,35,400,400,accepted
data\isl_alphabet_digits\val\9\Sign 9 (337).jpeg,val,9,35,400,400,accepted
data\isl_alphabet_digits\val\9\Sign 9 (500).jpeg,val,9,35,400,400,accepted
data\isl_alphabet_digits\val\9\Output Image -171.jpg,val,9,35,400,400,accepted
data\isl_alphabet_digits\val\9\Sign 9 (93).jpeg,val,9,35,400,400,accepted
data\isl_alphabet_digits\val\9\Output Image -186.jpg,val,9,35,400,400,accepted
data\isl_alphabet_digits\val\9\Sign 9 (432).jpeg,val,9,35,400,400,accepted
data\isl_alphabet_digits\val\9\Output Image -337.jpg,val,9,35,400,400,accepted
data\isl_alphabet_digits\val\9\Output Image -201.jpg,val,9,35,400,400,accepted
data\isl_alphabet_digits\val\9\Sign 9 (160).jpeg,val,9,35,400,400,accepted
data\isl_alphabet_digits\val\9\Output Image -103.jpg,val,9,35,400,400,accepted
data\isl_alphabet_digits\val\9\Sign 9 (354).jpeg,val,9,35,400,400,accepted
data\isl_alphabet_digits\val\9\Output Image -355.jpg,val,9,35,400,400,accepted
data\isl_alphabet_digits\val\9\Sign 9 (209).jpeg,val,9,35,400,400,accepted
data\isl_alphabet_digits\val\9\Sign 9 (125).jpeg,val,9,35,400,400,accepted
data\isl_alphabet_digits\val\9\Sign 9 (324).jpeg,val,9,35,400,400,accepted
data\isl_alphabet_digits\val\9\Output Image -244.jpg,val,9,35,400,400,accepted
data\isl_alphabet_digits\val\9\Output Image -284.jpg,val,9,35,400,400,accepted
data\isl_alphabet_digits\val\9\Output Image -102.jpg,val,9,35,400,400,accepted
data\isl_alphabet_digits\val\9\Sign 9 (264).jpeg,val,9,35,400,400,accepted
data\isl_alphabet_digits\val\9\Sign 9 (484).jpeg,val,9,35,400,400,accepted
data\isl_alphabet_digits\val\9\Sign 9 (364).jpeg,val,9,35,400,400,accepted
data\isl_alphabet_digits\val\9\Output Image -79.jpg,val,9,35,400,400,accepted
data\isl_alphabet_digits\val\9\Output Image -252.jpg,val,9,35,400,400,accepted
data\isl_alphabet_digits\val\9\Sign 9 (213).jpeg,val,9,35,400,400,accepted
data\isl_alphabet_digits\val\9\Sign 9 (85).jpeg,val,9,35,400,400,accepted
data\isl_alphabet_digits\val\9\Output Image -236.jpg,val,9,35,400,400,accepted
data\isl_alphabet_digits\val\9\Output Image -24.jpg,val,9,35,400,400,accepted
data\isl_alphabet_digits\val\9\Sign 9 (376).jpeg,val,9,35,400,400,accepted
data\isl_alphabet_digits\val\9\Sign 9 (340).jpeg,val,9,35,400,400,accepted
data\isl_alphabet_digits\val\9\Output Image -93.jpg,val,9,35,400,400,accepted
data\isl_alphabet_digits\val\9\Sign 9 (100).jpeg,val,9,35,400,400,accepted
data\isl_alphabet_digits\val\9\Sign 9 (123).jpeg,val,9,35,400,400,accepted
data\isl_alphabet_digits\val\9\Sign 9 (305).jpeg,val,9,35,400,400,accepted
data\isl_alphabet_digits\val\9\Sign 9 (77).jpeg,val,9,35,400,400,accepted
data\isl_alphabet_digits\val\9\Output Image -331.jpg,val,9,35,400,400,accepted
data\isl_alphabet_digits\val\9\Output Image -165.jpg,val,9,35,400,400,accepted
data\isl_alphabet_digits\val\9\Output Image -104.jpg,val,9,35,400,400,accepted
data\isl_alphabet_digits\val\9\Sign 9 (38).jpeg,val,9,35,400,400,accepted
data\isl_alphabet_digits\val\9\Output Image -19.jpg,val,9,35,400,400,accepted
data\isl_alphabet_digits\val\9\Sign 9 (378).jpeg,val,9,35,400,400,accepted
data\isl_alphabet_digits\val\9\Sign 9 (138).jpeg,val,9,35,400,400,accepted
data\isl_alphabet_digits\val\9\Output Image -451.jpg,val,9,35,400,400,accepted
data\isl_alphabet_digits\val\9\Output Image -160.jpg,val,9,35,400,400,accepted
data\isl_alphabet_digits\val\9\Output Image -5.jpg,val,9,35,400,400,accepted
data\isl_alphabet_digits\val\9\Sign 9 (450).jpeg,val,9,35,400,400,accepted
data\isl_alphabet_digits\val\9\Sign 9 (270).jpeg,val,9,35,400,400,accepted
data\isl_alphabet_digits\val\9\Sign 9 (283).jpeg,val,9,35,400,400,accepted
data\isl_alphabet_digits\val\9\Sign 9 (225).jpeg,val,9,35,400,400,accepted
data\isl_alphabet_digits\val\9\Output Image -346.jpg,val,9,35,400,400,accepted
data\isl_alphabet_digits\val\9\Output Image -173.jpg,val,9,35,400,400,accepted
data\isl_alphabet_digits\val\9\Output Image -304.jpg,val,9,35,400,400,accepted
data\isl_alphabet_digits\val\9\Sign 9 (76).jpeg,val,9,35,400,400,accepted
data\isl_alphabet_digits\val\9\Output Image -162.jpg,val,9,35,400,400,accepted
data\isl_alphabet_digits\val\9\Sign 9 (260).jpeg,val,9,35,400,400,accepted
data\isl_alphabet_digits\val\9\Output Image -418.jpg,val,9,35,400,400,accepted
data\isl_alphabet_digits\val\9\Sign 9 (350).jpeg,val,9,35,400,400,accepted
data\isl_alphabet_digits\val\9\Output Image -239.jpg,val,9,35,400,400,accepted
data\isl_alphabet_digits\val\9\Sign 9 (477).jpeg,val,9,35,400,400,accepted
data\isl_alphabet_digits\val\9\Sign 9 (104).jpeg,val,9,35,400,400,accepted
data\isl_alphabet_digits\val\9\Sign 9 (180).jpeg,val,9,35,400,400,accepted
data\isl_alphabet_digits\val\9\Sign 9 (445).jpeg,val,9,35,400,400,accepted
data\isl_alphabet_digits\val\9\Output Image -347.jpg,val,9,35,400,400,accepted
data\isl_alphabet_digits\val\9\Output Image -194.jpg,val,9,35,400,400,accepted
data\isl_alphabet_digits\val\9\Sign 9 (16).jpeg,val,9,35,400,400,accepted
data\isl_alphabet_digits\val\9\Sign 9 (408).jpeg,val,9,35,400,400,accepted
data\isl_alphabet_digits\val\9\Output Image -133.jpg,val,9,35,400,400,accepted
data\isl_alphabet_digits\val\9\Sign 9 (88).jpeg,val,9,35,400,400,accepted
data\isl_alphabet_digits\val\9\Sign 9 (379).jpeg,val,9,35,400,400,accepted
data\isl_alphabet_digits\test\9\Sign 9 (290).jpeg,test,9,35,400,400,accepted
data\isl_alphabet_digits\test\9\Sign 9 (231).jpeg,test,9,35,400,400,accepted
data\isl_alphabet_digits\test\9\Sign 9 (179).jpeg,test,9,35,400,400,accepted
data\isl_alphabet_digits\test\9\Output Image -200.jpg,test,9,35,400,400,accepted
data\isl_alphabet_digits\test\9\Output Image -191.jpg,test,9,35,400,400,accepted
data\isl_alphabet_digits\test\9\Output Image -96.jpg,test,9,35,400,400,accepted
data\isl_alphabet_digits\test\9\Sign 9 (481).jpeg,test,9,35,400,400,accepted
data\isl_alphabet_digits\test\9\Output Image -493.jpg,test,9,35,400,400,accepted
data\isl_alphabet_digits\test\9\Sign 9 (490).jpeg,test,9,35,400,400,accepted
data\isl_alphabet_digits\test\9\Output Image -429.jpg,test,9,35,400,400,accepted
data\isl_alphabet_digits\test\9\Output Image -393.jpg,test,9,35,400,400,accepted
data\isl_alphabet_digits\test\9\Sign 9 (25).jpeg,test,9,35,400,400,accepted
data\isl_alphabet_digits\test\9\Sign 9 (365).jpeg,test,9,35,400,400,accepted
data\isl_alphabet_digits\test\9\Sign 9 (57).jpeg,test,9,35,400,400,accepted
data\isl_alphabet_digits\test\9\Output Image -390.jpg,test,9,35,400,400,accepted
data\isl_alphabet_digits\test\9\Sign 9 (482).jpeg,test,9,35,400,400,accepted
data\isl_alphabet_digits\test\9\Output Image -333.jpg,test,9,35,400,400,accepted
data\isl_alphabet_digits\test\9\Sign 9 (58).jpeg,test,9,35,400,400,accepted
data\isl_alphabet_digits\test\9\Output Image -320.jpg,test,9,35,400,400,accepted
data\isl_alphabet_digits\test\9\Sign 9 (298).jpeg,test,9,35,400,400,accepted
data\isl_alphabet_digits\test\9\Output Image -455.jpg,test,9,35,400,400,accepted
data\isl_alphabet_digits\test\9\Output Image -167.jpg,test,9,35,400,400,accepted
data\isl_alphabet_digits\test\9\Output Image -458.jpg,test,9,35,400,400,accepted
data\isl_alphabet_digits\test\9\Output Image -480.jpg,test,9,35,400,400,accepted
data\isl_alphabet_digits\test\9\Sign 9 (422).jpeg,test,9,35,400,400,accepted
data\isl_alphabet_digits\test\9\Sign 9 (417).jpeg,test,9,35,400,400,accepted
data\isl_alphabet_digits\test\9\Sign 9 (361).jpeg,test,9,35,400,400,accepted
data\isl_alphabet_digits\test\9\Sign 9 (11).jpeg,test,9,35,400,400,accepted
data\isl_alphabet_digits\test\9\Output Image -75.jpg,test,9,35,400,400,accepted
data\isl_alphabet_digits\test\9\Sign 9 (455).jpeg,test,9,35,400,400,accepted
data\isl_alphabet_digits\test\9\Output Image -84.jpg,test,9,35,400,400,accepted
data\isl_alphabet_digits\test\9\Sign 9 (493).jpeg,test,9,35,400,400,accepted
data\isl_alphabet_digits\test\9\Output Image -437.jpg,test,9,35,400,400,accepted
data\isl_alphabet_digits\test\9\Output Image -31.jpg,test,9,35,400,400,accepted
data\isl_alphabet_digits\test\9\Output Image -76.jpg,test,9,35,400,400,accepted
data\isl_alphabet_digits\test\9\Sign 9 (466).jpeg,test,9,35,400,400,accepted
data\isl_alphabet_digits\test\9\Sign 9 (431).jpeg,test,9,35,400,400,accepted
data\isl_alphabet_digits\test\9\Output Image -497.jpg,test,9,35,400,400,accepted
data\isl_alphabet_digits\test\9\Sign 9 (150).jpeg,test,9,35,400,400,accepted
data\isl_alphabet_digits\test\9\Output Image -120.jpg,test,9,35,400,400,accepted
data\isl_alphabet_digits\test\9\Output Image -207.jpg,test,9,35,400,400,accepted
data\isl_alphabet_digits\test\9\Output Image -205.jpg,test,9,35,400,400,accepted
data\isl_alphabet_digits\test\9\Sign 9 (392).jpeg,test,9,35,400,400,accepted
data\isl_alphabet_digits\test\9\Output Image -101.jpg,test,9,35,400,400,accepted
data\isl_alphabet_digits\test\9\Output Image -469.jpg,test,9,35,400,400,accepted
data\isl_alphabet_digits\test\9\Sign 9 (462).jpeg,test,9,35,400,400,accepted
data\isl_alphabet_digits\test\9\Output Image -121.jpg,test,9,35,400,400,accepted
data\isl_alphabet_digits\test\9\Sign 9 (18).jpeg,test,9,35,400,400,accepted
data\isl_alphabet_digits\test\9\Output Image -269.jpg,test,9,35,400,400,accepted
data\isl_alphabet_digits\test\9\Output Image -274.jpg,test,9,35,400,400,accepted
data\isl_alphabet_digits\test\9\Output Image -475.jpg,test,9,35,400,400,accepted
data\isl_alphabet_digits\test\9\Output Image -432.jpg,test,9,35,400,400,accepted
data\isl_alphabet_digits\test\9\Output Image -146.jpg,test,9,35,400,400,accepted
data\isl_alphabet_digits\test\9\Sign 9 (176).jpeg,test,9,35,400,400,accepted
data\isl_alphabet_digits\test\9\Sign 9 (12).jpeg,test,9,35,400,400,accepted
data\isl_alphabet_digits\test\9\Sign 9 (28).jpeg,test,9,35,400,400,accepted
data\isl_alphabet_digits\test\9\Sign 9 (355).jpeg,test,9,35,400,400,accepted
data\isl_alphabet_digits\test\9\Output Image -357.jpg,test,9,35,400,400,accepted
data\isl_alphabet_digits\test\9\Output Image -370.jpg,test,9,35,400,400,accepted
data\isl_alphabet_digits\test\9\Sign 9 (303).jpeg,test,9,35,400,400,accepted
data\isl_alphabet_digits\test\9\Output Image -135.jpg,test,9,35,400,400,accepted
data\isl_alphabet_digits\test\9\Output Image -188.jpg,test,9,35,400,400,accepted
data\isl_alphabet_digits\test\9\Sign 9 (279).jpeg,test,9,35,400,400,accepted
data\isl_alphabet_digits\test\9\Output Image -240.jpg,test,9,35,400,400,accepted
data\isl_alphabet_digits\test\9\Output Image -21.jpg,test,9,35,400,400,accepted
data\isl_alphabet_digits\test\9\Sign 9 (15).jpeg,test,9,35,400,400,accepted
data\isl_alphabet_digits\test\9\Sign 9 (40).jpeg,test,9,35,400,400,accepted
data\isl_alphabet_digits\test\9\Sign 9 (184).jpeg,test,9,35,400,400,accepted
data\isl_alphabet_digits\test\9\Sign 9 (428).jpeg,test,9,35,400,400,accepted
data\isl_alphabet_digits\test\9\Sign 9 (6).jpeg,test,9,35,400,400,accepted
data\isl_alphabet_digits\test\9\Sign 9 (301).jpeg,test,9,35,400,400,accepted
data\isl_alphabet_digits\test\9\Output Image -425.jpg,test,9,35,400,400,accepted
data\isl_alphabet_digits\test\9\Output Image -219.jpg,test,9,35,400,400,accepted
data\isl_alphabet_digits\test\9\Sign 9 (47).jpeg,test,9,35,400,400,accepted
data\isl_alphabet_digits\test\9\Output Image -68.jpg,test,9,35,400,400,accepted
data\isl_alphabet_digits\test\9\Sign 9 (383).jpeg,test,9,35,400,400,accepted
data\isl_alphabet_digits\test\9\Output Image -90.jpg,test,9,35,400,400,accepted
data\isl_alphabet_digits\test\9\Output Image -158.jpg,test,9,35,400,400,accepted
data\isl_alphabet_digits\test\9\Output Image -275.jpg,test,9,35,400,400,accepted
data\isl_alphabet_digits\test\9\Sign 9 (227).jpeg,test,9,35,400,400,accepted
data\isl_alphabet_digits\test\9\Sign 9 (136).jpeg,test,9,35,400,400,accepted
data\isl_alphabet_digits\test\9\Output Image -48.jpg,test,9,35,400,400,accepted
data\isl_alphabet_digits\test\9\Sign 9 (91).jpeg,test,9,35,400,400,accepted
data\isl_alphabet_digits\test\9\Output Image -324.jpg,test,9,35,400,400,accepted
data\isl_alphabet_digits\test\9\Sign 9 (202).jpeg,test,9,35,400,400,accepted
data\isl_alphabet_digits\test\9\Output Image -285.jpg,test,9,35,400,400,accepted
data\isl_alphabet_digits\test\9\Sign 9 (410).jpeg,test,9,35,400,400,accepted
data\isl_alphabet_digits\test\9\Sign 9 (56).jpeg,test,9,35,400,400,accepted
data\isl_alphabet_digits\test\9\Output Image -486.jpg,test,9,35,400,400,accepted
data\isl_alphabet_digits\test\9\Output Image -321.jpg,test,9,35,400,400,accepted
data\isl_alphabet_digits\test\9\Output Image -170.jpg,test,9,35,400,400,accepted
data\isl_alphabet_digits\test\9\Output Image -387.jpg,test,9,35,400,400,accepted
data\isl_alphabet_digits\test\9\Sign 9 (234).jpeg,test,9,35,400,400,accepted
data\isl_alphabet_digits\test\9\Output Image -95.jpg,test,9,35,400,400,accepted
data\isl_alphabet_digits\test\9\Output Image -179.jpg,test,9,35,400,400,accepted
data\isl_alphabet_digits\test\9\Output Image -345.jpg,test,9,35,400,400,accepted
data\isl_alphabet_digits\test\9\Sign 9 (366).jpeg,test,9,35,400,400,accepted
data\isl_alphabet_digits\test\9\Output Image -476.jpg,test,9,35,400,400,accepted
data\isl_alphabet_digits\test\9\Sign 9 (87).jpeg,test,9,35,400,400,accepted
data\isl_alphabet_digits\test\9\Sign 9 (371).jpeg,test,9,35,400,400,accepted
data\isl_alphabet_digits\test\9\Output Image -30.jpg,test,9,35,400,400,accepted
data\isl_alphabet_digits\test\9\Output Image -246.jpg,test,9,35,400,400,accepted
data\isl_alphabet_digits\test\9\Sign 9 (404).jpeg,test,9,35,400,400,accepted
data\isl_alphabet_digits\test\9\Output Image -117.jpg,test,9,35,400,400,accepted
data\isl_alphabet_digits\test\9\Output Image -153.jpg,test,9,35,400,400,accepted
data\isl_alphabet_digits\test\9\Output Image -330.jpg,test,9,35,400,400,accepted
data\isl_alphabet_digits\test\9\Sign 9 (102).jpeg,test,9,35,400,400,accepted
data\isl_alphabet_digits\test\9\Sign 9 (242).jpeg,test,9,35,400,400,accepted
data\isl_alphabet_digits\test\9\Sign 9 (394).jpeg,test,9,35,400,400,accepted
data\isl_alphabet_digits\test\9\Output Image -55.jpg,test,9,35,400,400,accepted
data\isl_alphabet_digits\test\9\Sign 9 (72).jpeg,test,9,35,400,400,accepted
data\isl_alphabet_digits\test\9\Sign 9 (232).jpeg,test,9,35,400,400,accepted
data\isl_alphabet_digits\test\9\Output Image -358.jpg,test,9,35,400,400,accepted
data\isl_alphabet_digits\test\9\Output Image -11.jpg,test,9,35,400,400,accepted
data\isl_alphabet_digits\test\9\Output Image -58.jpg,test,9,35,400,400,accepted
data\isl_alphabet_digits\test\9\Sign 9 (472).jpeg,test,9,35,400,400,accepted
data\isl_alphabet_digits\test\9\Sign 9 (121).jpeg,test,9,35,400,400,accepted
data\isl_alphabet_digits\test\9\Output Image -499.jpg,test,9,35,400,400,accepted
data\isl_alphabet_digits\test\9\Sign 9 (210).jpeg,test,9,35,400,400,accepted
data\isl_alphabet_digits\test\9\Sign 9 (377).jpeg,test,9,35,400,400,accepted
data\isl_alphabet_digits\test\9\Output Image -141.jpg,test,9,35,400,400,accepted
data\isl_alphabet_digits\test\9\Sign 9 (249).jpeg,test,9,35,400,400,accepted
data\isl_alphabet_digits\test\9\Output Image -147.jpg,test,9,35,400,400,accepted
data\isl_alphabet_digits\test\9\Sign 9 (62).jpeg,test,9,35,400,400,accepted
data\isl_alphabet_digits\test\9\Sign 9 (442).jpeg,test,9,35,400,400,accepted
data\isl_alphabet_digits\test\9\Sign 9 (235).jpeg,test,9,35,400,400,accepted
data\isl_alphabet_digits\test\9\Sign 9 (416).jpeg,test,9,35,400,400,accepted
data\isl_alphabet_digits\test\9\Output Image -89.jpg,test,9,35,400,400,accepted
data\isl_alphabet_digits\test\9\Output Image -263.jpg,test,9,35,400,400,accepted
data\isl_alphabet_digits\test\9\Sign 9 (130).jpeg,test,9,35,400,400,accepted
data\isl_alphabet_digits\test\9\Output Image -301.jpg,test,9,35,400,400,accepted
data\isl_alphabet_digits\test\9\Output Image -168.jpg,test,9,35,400,400,accepted
data\isl_alphabet_digits\test\9\Sign 9 (289).jpeg,test,9,35,400,400,accepted
data\isl_alphabet_digits\test\9\Sign 9 (269).jpeg,test,9,35,400,400,accepted
data\isl_alphabet_digits\test\9\Sign 9 (44).jpeg,test,9,35,400,400,accepted
data\isl_alphabet_digits\test\9\Sign 9 (339).jpeg,test,9,35,400,400,accepted
data\isl_alphabet_digits\test\9\Sign 9 (55).jpeg,test,9,35,400,400,accepted
data\isl_alphabet_digits\test\9\Sign 9 (215).jpeg,test,9,35,400,400,accepted
data\isl_alphabet_digits\test\9\Output Image -18.jpg,test,9,35,400,400,accepted
data\isl_alphabet_digits\test\9\Sign 9 (391).jpeg,test,9,35,400,400,accepted
data\isl_alphabet_digits\test\9\Sign 9 (137).jpeg,test,9,35,400,400,accepted
data\isl_alphabet_digits\test\9\Sign 9 (206).jpeg,test,9,35,400,400,accepted
data\isl_alphabet_digits\test\9\Sign 9 (318).jpeg,test,9,35,400,400,accepted
data\isl_alphabet_digits\test\9\Sign 9 (248).jpeg,test,9,35,400,400,accepted
data\isl_alphabet_digits\test\9\Sign 9 (240).jpeg,test,9,35,400,400,accepted
data\isl_alphabet_digits\test\9\Output Image -382.jpg,test,9,35,400,400,accepted
data\isl_alphabet_digits\test\9\Output Image -264.jpg,test,9,35,400,400,accepted
data\isl_alphabet_digits\test\9\Output Image -484.jpg,test,9,35,400,400,accepted
data\isl_alphabet_digits\test\9\Output Image -289.jpg,test,9,35,400,400,accepted
data\isl_alphabet_digits\test\9\Output Image -302.jpg,test,9,35,400,400,accepted
data\isl_alphabet_digits\test\9\Output Image -423.jpg,test,9,35,400,400,accepted
