video_path,label,split,archive,archive_url,status,compressed_size,original_size,crc32,local_header_offset,data_offset,output_path,attempts,error
Animals/1. Dog/MVI_3060.MOV,1. Dog,train,Animals_1of2.zip,https://zenodo.org/api/records/4010759/files/Animals_1of2.zip/content,verified,18323697,18564928,1344485022,203175809,203175866,data/videos/train/1. Dog/MVI_3060.MOV,1,
Animals/1. Dog/MVI_3059.MOV,1. Dog,train,Animals_1of2.zip,https://zenodo.org/api/records/4010759/files/Animals_1of2.zip/content,verified,16055064,16280992,781351049,187120688,187120745,data/videos/train/1. Dog/MVI_3059.MOV,1,
Animals/1. Dog/MVI_3085.MOV,1. Dog,train,Animals_1of2.zip,https://zenodo.org/api/records/4010759/files/Animals_1of2.zip/content,verified,19327231,19524148,2867902867,239438531,239438588,data/videos/train/1. Dog/MVI_3085.MOV,1,
Animals/1. Dog/MVI_3030.MOV,1. Dog,train,Animals_1of2.zip,https://zenodo.org/api/records/4010759/files/Animals_1of2.zip/content,verified,22692039,22928692,2294462165,164428592,164428649,data/videos/train/1. Dog/MVI_3030.MOV,1,
Animals/1. Dog/MVI_4146.MOV,1. Dog,train,Animals_1of2.zip,https://zenodo.org/api/records/4010759/files/Animals_1of2.zip/content,verified,14958535,15155448,981276778,294435748,294435805,data/videos/train/1. Dog/MVI_4146.MOV,1,
Animals/1. Dog/MVI_2978.MOV,1. Dog,train,Animals_1of2.zip,https://zenodo.org/api/records/4010759/files/Animals_1of2.zip/content,verified,26510925,26820164,190657215,83,140,data/videos/train/1. Dog/MVI_2978.MOV,1,
Animals/1. Dog/MVI_3061.MOV,1. Dog,train,Animals_1of2.zip,https://zenodo.org/api/records/4010759/files/Animals_1of2.zip/content,verified,17938911,18147568,1256735809,221499563,221499620,data/videos/train/1. Dog/MVI_3061.MOV,1,
Animals/1. Dog/MVI_3029.MOV,1. Dog,train,Animals_1of2.zip,https://zenodo.org/api/records/4010759/files/Animals_1of2.zip/content,verified,21221048,21472412,4073306010,143207487,143207544,data/videos/train/1. Dog/MVI_3029.MOV,1,
Animals/1. Dog/MVI_3086.MOV,1. Dog,train,Animals_1of2.zip,https://zenodo.org/api/records/4010759/files/Animals_1of2.zip/content,verified,18786561,18982712,2958963080,258765819,258765876,data/videos/train/1. Dog/MVI_3086.MOV,1,
Animals/1. Dog/MVI_3087.MOV,1. Dog,train,Animals_1of2.zip,https://zenodo.org/api/records/4010759/files/Animals_1of2.zip/content,verified,16883254,17122628,1241240870,277552437,277552494,data/videos/train/1. Dog/MVI_3087.MOV,1,
Animals/1. Dog/MVI_2979.MOV,1. Dog,val,Animals_1of2.zip,https://zenodo.org/api/records/4010759/files/Animals_1of2.zip/content,verified,17005072,17236472,3394414759,26511065,26511122,data/videos/val/1. Dog/MVI_2979.MOV,1,
Animals/1. Dog/MVI_3002.MOV,1. Dog,val,Animals_1of2.zip,https://zenodo.org/api/records/4010759/files/Animals_1of2.zip/content,verified,19637054,19912384,1273758797,63524358,63524415,data/videos/val/1. Dog/MVI_3002.MOV,1,
Animals/1. Dog/MVI_2980.MOV,1. Dog,val,Animals_1of2.zip,https://zenodo.org/api/records/4010759/files/Animals_1of2.zip/content,verified,20008107,20216044,4184605932,43516194,43516251,data/videos/val/1. Dog/MVI_2980.MOV,1,
Adjectives/1. loud/MVI_9448.MOV,1. loud,train,Adjectives_1of8.zip,https://zenodo.org/api/records/4010759/files/Adjectives_1of8.zip/content,verified,11809311,12178872,1496621717,179993277,179993338,data/videos/train/1. loud/MVI_9448.MOV,1,
Adjectives/1. loud/MVI_5335.MOV,1. loud,train,Adjectives_1of8.zip,https://zenodo.org/api/records/4010759/files/Adjectives_1of8.zip/content,verified,9720804,9890788,2440281355,82343521,82343582,data/videos/train/1. loud/MVI_5335.MOV,1,
Adjectives/1. loud/MVI_9535.MOV,1. loud,train,Adjectives_1of8.zip,https://zenodo.org/api/records/4010759/files/Adjectives_1of8.zip/content,verified,14300474,14742260,2565545809,224375924,224375985,data/videos/train/1. loud/MVI_9535.MOV,1,
Adjectives/1. loud/MVI_5336.MOV,1. loud,train,Adjectives_1of8.zip,https://zenodo.org/api/records/4010759/files/Adjectives_1of8.zip/content,verified,8898091,9062596,4188369103,92064386,92064447,data/videos/train/1. loud/MVI_5336.MOV,1,
Adjectives/1. loud/MVI_9291.MOV,1. loud,train,Adjectives_1of8.zip,https://zenodo.org/api/records/4010759/files/Adjectives_1of8.zip/content,verified,13676900,14090016,1568315343,137073634,137073695,data/videos/train/1. loud/MVI_9291.MOV,1,
Adjectives/1. loud/MVI_9536.MOV,1. loud,train,Adjectives_1of8.zip,https://zenodo.org/api/records/4010759/files/Adjectives_1of8.zip/content,verified,12264420,12661860,1746053300,238676459,238676520,data/videos/train/1. loud/MVI_9536.MOV,1,
Adjectives/1. loud/MVI_9290.MOV,1. loud,train,Adjectives_1of8.zip,https://zenodo.org/api/records/4010759/files/Adjectives_1of8.zip/content,verified,14005087,14436544,1921328238,123068486,123068547,data/videos/train/1. loud/MVI_9290.MOV,1,
Adjectives/1. loud/MVI_9369.MOV,1. loud,train,Adjectives_1of8.zip,https://zenodo.org/api/records/4010759/files/Adjectives_1of8.zip/content,verified,9928384,10279216,1951571699,160512271,160512332,data/videos/train/1. loud/MVI_9369.MOV,1,
Adjectives/1. loud/MVI_5258.MOV,1. loud,train,Adjectives_1of8.zip,https://zenodo.org/api/records/4010759/files/Adjectives_1of8.zip/content,verified,16521577,16769692,385524725,52102233,52102294,data/videos/train/1. loud/MVI_5258.MOV,1,
Adjectives/1. loud/MVI_5177.MOV,1. loud,train,Adjectives_1of8.zip,https://zenodo.org/api/records/4010759/files/Adjectives_1of8.zip/content,verified,12257459,12440256,4208964125,90,151,data/videos/train/1. loud/MVI_5177.MOV,1,
Adjectives/1. loud/MVI_9368.MOV,1. loud,val,Adjectives_1of8.zip,https://zenodo.org/api/records/4010759/files/Adjectives_1of8.zip/content,verified,9761615,10100644,2519654145,150750595,150750656,data/videos/val/1. loud/MVI_9368.MOV,1,
Adjectives/1. loud/MVI_5337.MOV,1. loud,val,Adjectives_1of8.zip,https://zenodo.org/api/records/4010759/files/Adjectives_1of8.zip/content,verified,10306492,10493840,3111769345,100962538,100962599,data/videos/val/1. loud/MVI_5337.MOV,1,
Adjectives/1. loud/MVI_5259.MOV,1. loud,val,Adjectives_1of8.zip,https://zenodo.org/api/records/4010759/files/Adjectives_1of8.zip/content,verified,13719589,13928468,3520341836,68623871,68623932,data/videos/val/1. loud/MVI_5259.MOV,1,
Means_of_Transportation/11. Car/MVI_4177.MOV,11. Car,train,Means_of_Transportation_1of2.zip,https://zenodo.org/api/records/4010759/files/Means_of_Transportation_1of2.zip/content,failed,0,0,0,0,0,data/videos/train/11. Car/MVI_4177.MOV,1,"HTTP Range request failed after 5 attempts: HTTPSConnectionPool(host='zenodo.org', port=443): Max retries exceeded with url: /api/records/4010759/files/Means_of_Transportation_1of2.zip/content (Caused by NameResolutionError(""HTTPSConnection(host='zenodo.org', port=443): Failed to resolve 'zenodo.org' ([Errno 11001] getaddrinfo failed)""))"
Means_of_Transportation/11. Car/MVI_3238.MOV,11. Car,train,Means_of_Transportation_1of2.zip,https://zenodo.org/api/records/4010759/files/Means_of_Transportation_1of2.zip/content,failed,0,0,0,0,0,data/videos/train/11. Car/MVI_3238.MOV,1,"HTTP Range request failed after 5 attempts: HTTPSConnectionPool(host='zenodo.org', port=443): Max retries exceeded with url: /api/records/4010759/files/Means_of_Transportation_1of2.zip/content (Caused by NameResolutionError(""HTTPSConnection(host='zenodo.org', port=443): Failed to resolve 'zenodo.org' ([Errno 11001] getaddrinfo failed)""))"
Means_of_Transportation/11. Car/MVI_3209.MOV,11. Car,train,Means_of_Transportation_1of2.zip,https://zenodo.org/api/records/4010759/files/Means_of_Transportation_1of2.zip/content,failed,0,0,0,0,0,data/videos/train/11. Car/MVI_3209.MOV,1,"HTTP Range request failed after 5 attempts: HTTPSConnectionPool(host='zenodo.org', port=443): Max retries exceeded with url: /api/records/4010759/files/Means_of_Transportation_1of2.zip/content (Caused by SSLError(SSLCertVerificationError(1, ""[SSL: CERTIFICATE_VERIFY_FAILED] certificate verify failed: Hostname mismatch, certificate is not valid for 'zenodo.org'. (_ssl.c:1032)"")))"
Means_of_Transportation/11. Car/MVI_4176.MOV,11. Car,train,Means_of_Transportation_1of2.zip,https://zenodo.org/api/records/4010759/files/Means_of_Transportation_1of2.zip/content,failed,0,0,0,0,0,data/videos/train/11. Car/MVI_4176.MOV,1,"HTTP Range request failed after 5 attempts: HTTPSConnectionPool(host='zenodo.org', port=443): Max retries exceeded with url: /api/records/4010759/files/Means_of_Transportation_1of2.zip/content (Caused by SSLError(SSLCertVerificationError(1, ""[SSL: CERTIFICATE_VERIFY_FAILED] certificate verify failed: Hostname mismatch, certificate is not valid for 'zenodo.org'. (_ssl.c:1032)"")))"
Means_of_Transportation/11. Car/MVI_3146.MOV,11. Car,train,Means_of_Transportation_1of2.zip,https://zenodo.org/api/records/4010759/files/Means_of_Transportation_1of2.zip/content,verified,33563083,33888916,3212692692,429271898,429271972,data/videos/train/11. Car/MVI_3146.MOV,1,
Means_of_Transportation/11. Car/MVI_3210.MOV,11. Car,train,Means_of_Transportation_1of2.zip,https://zenodo.org/api/records/4010759/files/Means_of_Transportation_1of2.zip/content,verified,21418861,21691672,1638920587,586952614,586952688,data/videos/train/11. Car/MVI_3210.MOV,1,
Means_of_Transportation/11. Car/MVI_3116.MOV,11. Car,train,Means_of_Transportation_1of2.zip,https://zenodo.org/api/records/4010759/files/Means_of_Transportation_1of2.zip/content,verified,23731191,23977880,2581877819,326063094,326063168,data/videos/train/11. Car/MVI_3116.MOV,1,
Means_of_Transportation/11. Car/MVI_3174.MOV,11. Car,train,Means_of_Transportation_1of2.zip,https://zenodo.org/api/records/4010759/files/Means_of_Transportation_1of2.zip/content,verified,21976108,22202424,2319602264,497582859,497582933,data/videos/train/11. Car/MVI_3174.MOV,1,
Means_of_Transportation/11. Car/MVI_3117.MOV,11. Car,train,Means_of_Transportation_1of2.zip,https://zenodo.org/api/records/4010759/files/Means_of_Transportation_1of2.zip/content,verified,22017084,22267368,2111374002,349794359,349794433,data/videos/train/11. Car/MVI_3117.MOV,1,
Means_of_Transportation/11. Car/MVI_8584.MP4,11. Car,train,Means_of_Transportation_1of2.zip,https://zenodo.org/api/records/4010759/files/Means_of_Transportation_1of2.zip/content,verified,13183024,13272773,3479459733,763991315,763991389,data/videos/train/11. Car/MVI_8584.MP4,1,
Means_of_Transportation/11. Car/MVI_3147.MOV,11. Car,val,Means_of_Transportation_1of2.zip,https://zenodo.org/api/records/4010759/files/Means_of_Transportation_1of2.zip/content,verified,34747730,35089580,2532086999,462835055,462835129,data/videos/val/11. Car/MVI_3147.MOV,1,
Means_of_Transportation/11. Car/MVI_3176.MOV,11. Car,val,Means_of_Transportation_1of2.zip,https://zenodo.org/api/records/4010759/files/Means_of_Transportation_1of2.zip/content,verified,21477277,21706556,4130535654,541281830,541281904,data/videos/val/11. Car/MVI_3176.MOV,1,
Means_of_Transportation/11. Car/MVI_3239.MOV,11. Car,val,Means_of_Transportation_1of2.zip,https://zenodo.org/api/records/4010759/files/Means_of_Transportation_1of2.zip/content,verified,24037599,24290212,3614605770,652330057,652330131,data/videos/val/11. Car/MVI_3239.MOV,1,
Society/14. Election/MVI_4841.MOV,14. Election,train,Society_2of3.zip,https://zenodo.org/api/records/4010759/files/Society_2of3.zip/content,verified,13118002,13329748,792095081,789641303,789641366,data/videos/train/14. Election/MVI_4841.MOV,1,
Society/14. Election/MVI_8712.MP4,14. Election,train,Society_2of3.zip,https://zenodo.org/api/records/4010759/files/Society_2of3.zip/content,verified,12602945,12692808,3501598696,826206601,826206664,data/videos/train/14. Election/MVI_8712.MP4,1,
Society/14. Election/MVI_4307.MOV,14. Election,train,Society_2of3.zip,https://zenodo.org/api/records/4010759/files/Society_2of3.zip/content,verified,15909559,16107088,3208498589,744318177,744318240,data/videos/train/14. Election/MVI_4307.MOV,1,
Society/14. Election/MVI_4304.MOV,14. Election,train,Society_2of3.zip,https://zenodo.org/api/records/4010759/files/Society_2of3.zip/content,verified,15855107,16045616,2834158442,694406099,694406162,data/videos/train/14. Election/MVI_4304.MOV,1,
Society/14. Election/MVI_8968.MP4,14. Election,train,Society_2of3.zip,https://zenodo.org/api/records/4010759/files/Society_2of3.zip/content,verified,11411135,11499692,4164676295,858970723,858970786,data/videos/train/14. Election/MVI_8968.MP4,1,
Society/14. Election/MVI_4839.MOV,14. Election,train,Society_2of3.zip,https://zenodo.org/api/records/4010759/files/Society_2of3.zip/content,verified,15663371,15913116,3854781137,760227799,760227862,data/videos/train/14. Election/MVI_4839.MOV,1,
Society/14. Election/MVI_8711.MP4,14. Election,train,Society_2of3.zip,https://zenodo.org/api/records/4010759/files/Society_2of3.zip/content,verified,11784832,11874766,578334050,814421706,814421769,data/videos/train/14. Election/MVI_8711.MP4,1,
Society/14. Election/MVI_8967.MP4,14. Election,train,Society_2of3.zip,https://zenodo.org/api/records/4010759/files/Society_2of3.zip/content,verified,9651559,9739903,1570006813,849319101,849319164,data/videos/train/14. Election/MVI_8967.MP4,1,
Society/14. Election/MVI_4840.MOV,14. Election,train,Society_2of3.zip,https://zenodo.org/api/records/4010759/files/Society_2of3.zip/content,verified,13750007,13964520,368295543,775891233,775891296,data/videos/train/14. Election/MVI_4840.MOV,1,
Society/14. Election/MVI_8710.MP4,14. Election,train,Society_2of3.zip,https://zenodo.org/api/records/4010759/files/Society_2of3.zip/content,failed,0,0,0,0,0,data/videos/train/14. Election/MVI_8710.MP4,1,"HTTP Range request failed after 5 attempts: HTTPSConnectionPool(host='zenodo.org', port=443): Max retries exceeded with url: /api/records/4010759/files/Society_2of3.zip/content (Caused by NameResolutionError(""HTTPSConnection(host='zenodo.org', port=443): Failed to resolve 'zenodo.org' ([Errno 11001] getaddrinfo failed)""))"
Society/14. Election/MVI_8969.MP4,14. Election,val,Society_2of3.zip,https://zenodo.org/api/records/4010759/files/Society_2of3.zip/content,verified,10806964,10895378,4167054898,870381921,870381984,data/videos/val/14. Election/MVI_8969.MP4,1,
Society/14. Election/MVI_8713.MP4,14. Election,val,Society_2of3.zip,https://zenodo.org/api/records/4010759/files/Society_2of3.zip/content,failed,0,0,0,0,0,data/videos/val/14. Election/MVI_8713.MP4,1,"HTTP Range request failed after 5 attempts: HTTPSConnectionPool(host='zenodo.org', port=443): Max retries exceeded with url: /api/records/4010759/files/Society_2of3.zip/content (Caused by NameResolutionError(""HTTPSConnection(host='zenodo.org', port=443): Failed to resolve 'zenodo.org' ([Errno 11001] getaddrinfo failed)""))"
Society/14. Election/MVI_4305.MOV,14. Election,val,Society_2of3.zip,https://zenodo.org/api/records/4010759/files/Society_2of3.zip/content,verified,17792088,18023944,3516355146,710261269,710261332,data/videos/val/14. Election/MVI_4305.MOV,1,
Means_of_Transportation/16. train ticket/MVI_8596.MP4,16. train ticket,train,Means_of_Transportation_2of2.zip,https://zenodo.org/api/records/4010759/files/Means_of_Transportation_2of2.zip/content,verified,15424508,15514378,2568465512,1216234666,1216234749,data/videos/train/16. train ticket/MVI_8596.MP4,1,
Means_of_Transportation/16. train ticket/MVI_3197.MOV,16. train ticket,train,Means_of_Transportation_2of2.zip,https://zenodo.org/api/records/4010759/files/Means_of_Transportation_2of2.zip/content,verified,22885775,23155688,1879420905,1031721029,1031721112,data/videos/train/16. train ticket/MVI_3197.MOV,1,
Means_of_Transportation/16. train ticket/MVI_3132.MOV,16. train ticket,train,Means_of_Transportation_2of2.zip,https://zenodo.org/api/records/4010759/files/Means_of_Transportation_2of2.zip/content,verified,19938676,20216816,2359784617,836334890,836334973,data/videos/train/16. train ticket/MVI_3132.MOV,1,
Means_of_Transportation/16. train ticket/MVI_3196.MOV,16. train ticket,train,Means_of_Transportation_2of2.zip,https://zenodo.org/api/records/4010759/files/Means_of_Transportation_2of2.zip/content,verified,22905926,23149956,2132541845,1008815020,1008815103,data/videos/train/16. train ticket/MVI_3196.MOV,1,
Means_of_Transportation/16. train ticket/MVI_3164.MOV,16. train ticket,train,Means_of_Transportation_2of2.zip,https://zenodo.org/api/records/4010759/files/Means_of_Transportation_2of2.zip/content,failed,0,0,0,0,0,data/videos/train/16. train ticket/MVI_3164.MOV,1,"HTTP Range request failed after 5 attempts: HTTPSConnectionPool(host='zenodo.org', port=443): Max retries exceeded with url: /api/records/4010759/files/Means_of_Transportation_2of2.zip/content (Caused by NameResolutionError(""HTTPSConnection(host='zenodo.org', port=443): Failed to resolve 'zenodo.org' ([Errno 11001] getaddrinfo failed)""))"
Means_of_Transportation/16. train ticket/MVI_3254.MOV,16. train ticket,train,Means_of_Transportation_2of2.zip,https://zenodo.org/api/records/4010759/files/Means_of_Transportation_2of2.zip/content,verified,16359195,16600964,4105292060,1131822923,1131823006,data/videos/train/16. train ticket/MVI_3254.MOV,1,
Means_of_Transportation/16. train ticket/MVI_3224.MOV,16. train ticket,train,Means_of_Transportation_2of2.zip,https://zenodo.org/api/records/4010759/files/Means_of_Transportation_2of2.zip/content,failed,0,0,0,0,0,data/videos/train/16. train ticket/MVI_3224.MOV,1,"HTTP Range request failed after 5 attempts: HTTPSConnectionPool(host='zenodo.org', port=443): Max retries exceeded with url: /api/records/4010759/files/Means_of_Transportation_2of2.zip/content (Caused by NameResolutionError(""HTTPSConnection(host='zenodo.org', port=443): Failed to resolve 'zenodo.org' ([Errno 11001] getaddrinfo failed)""))"
Means_of_Transportation/16. train ticket/MVI_4191.MOV,16. train ticket,train,Means_of_Transportation_2of2.zip,https://zenodo.org/api/records/4010759/files/Means_of_Transportation_2of2.zip/content,failed,0,0,0,0,0,data/videos/train/16. train ticket/MVI_4191.MOV,1,"HTTP Range request failed after 5 attempts: HTTPSConnectionPool(host='zenodo.org', port=443): Max retries exceeded with url: /api/records/4010759/files/Means_of_Transportation_2of2.zip/content (Caused by NameResolutionError(""HTTPSConnection(host='zenodo.org', port=443): Failed to resolve 'zenodo.org' ([Errno 11001] getaddrinfo failed)""))"
Means_of_Transportation/16. train ticket/MVI_4193.MOV,16. train ticket,train,Means_of_Transportation_2of2.zip,https://zenodo.org/api/records/4010759/files/Means_of_Transportation_2of2.zip/content,failed,0,0,0,0,0,data/videos/train/16. train ticket/MVI_4193.MOV,1,"HTTP Range request failed after 5 attempts: HTTPSConnectionPool(host='zenodo.org', port=443): Max retries exceeded with url: /api/records/4010759/files/Means_of_Transportation_2of2.zip/content (Caused by NameResolutionError(""HTTPSConnection(host='zenodo.org', port=443): Failed to resolve 'zenodo.org' ([Errno 11001] getaddrinfo failed)""))"
Means_of_Transportation/16. train ticket/MVI_3253.MOV,16. train ticket,train,Means_of_Transportation_2of2.zip,https://zenodo.org/api/records/4010759/files/Means_of_Transportation_2of2.zip/content,failed,0,0,0,0,0,data/videos/train/16. train ticket/MVI_3253.MOV,1,"HTTP Range request failed after 5 attempts: HTTPSConnectionPool(host='zenodo.org', port=443): Max retries exceeded with url: /api/records/4010759/files/Means_of_Transportation_2of2.zip/content (Caused by NameResolutionError(""HTTPSConnection(host='zenodo.org', port=443): Failed to resolve 'zenodo.org' ([Errno 11001] getaddrinfo failed)""))"
Means_of_Transportation/16. train ticket/MVI_8597.MP4,16. train ticket,val,Means_of_Transportation_2of2.zip,https://zenodo.org/api/records/4010759/files/Means_of_Transportation_2of2.zip/content,failed,0,0,0,0,0,data/videos/val/16. train ticket/MVI_8597.MP4,1,"HTTP Range request failed after 5 attempts: HTTPSConnectionPool(host='zenodo.org', port=443): Max retries exceeded with url: /api/records/4010759/files/Means_of_Transportation_2of2.zip/content (Caused by NameResolutionError(""HTTPSConnection(host='zenodo.org', port=443): Failed to resolve 'zenodo.org' ([Errno 11001] getaddrinfo failed)""))"
Means_of_Transportation/16. train ticket/MVI_3134.MOV,16. train ticket,val,Means_of_Transportation_2of2.zip,https://zenodo.org/api/records/4010759/files/Means_of_Transportation_2of2.zip/content,failed,0,0,0,0,0,data/videos/val/16. train ticket/MVI_3134.MOV,1,"HTTP Range request failed after 5 attempts: HTTPSConnectionPool(host='zenodo.org', port=443): Max retries exceeded with url: /api/records/4010759/files/Means_of_Transportation_2of2.zip/content (Caused by NameResolutionError(""HTTPSConnection(host='zenodo.org', port=443): Failed to resolve 'zenodo.org' ([Errno 11001] getaddrinfo failed)""))"
Means_of_Transportation/16. train ticket/MVI_3133.MOV,16. train ticket,val,Means_of_Transportation_2of2.zip,https://zenodo.org/api/records/4010759/files/Means_of_Transportation_2of2.zip/content,failed,0,0,0,0,0,data/videos/val/16. train ticket/MVI_3133.MOV,1,"HTTP Range request failed after 5 attempts: HTTPSConnectionPool(host='zenodo.org', port=443): Max retries exceeded with url: /api/records/4010759/files/Means_of_Transportation_2of2.zip/content (Caused by NameResolutionError(""HTTPSConnection(host='zenodo.org', port=443): Failed to resolve 'zenodo.org' ([Errno 11001] getaddrinfo failed)""))"
Places/19. House/MVI_3515.MOV,19. House,train,Places_1of4.zip,https://zenodo.org/api/records/4010759/files/Places_1of4.zip/content,failed,0,0,0,0,0,data/videos/train/19. House/MVI_3515.MOV,1,"Failed to fetch ZIP tail after 5 attempts: HTTPSConnectionPool(host='zenodo.org', port=443): Max retries exceeded with url: /api/records/4010759/files/Places_1of4.zip/content (Caused by NameResolutionError(""HTTPSConnection(host='zenodo.org', port=443): Failed to resolve 'zenodo.org' ([Errno 11001] getaddrinfo failed)""))"
Places/19. House/MVI_3436.MOV,19. House,train,Places_1of4.zip,https://zenodo.org/api/records/4010759/files/Places_1of4.zip/content,failed,0,0,0,0,0,data/videos/train/19. House/MVI_3436.MOV,1,"Failed to fetch ZIP tail after 5 attempts: HTTPSConnectionPool(host='zenodo.org', port=443): Max retries exceeded with url: /api/records/4010759/files/Places_1of4.zip/content (Caused by NameResolutionError(""HTTPSConnection(host='zenodo.org', port=443): Failed to resolve 'zenodo.org' ([Errno 11001] getaddrinfo failed)""))"
Places/19. House/MVI_3438.MOV,19. House,train,Places_1of4.zip,https://zenodo.org/api/records/4010759/files/Places_1of4.zip/content,failed,0,0,0,0,0,data/videos/train/19. House/MVI_3438.MOV,1,"Failed to fetch ZIP tail after 5 attempts: HTTPSConnectionPool(host='zenodo.org', port=443): Max retries exceeded with url: /api/records/4010759/files/Places_1of4.zip/content (Caused by NameResolutionError(""HTTPSConnection(host='zenodo.org', port=443): Failed to resolve 'zenodo.org' ([Errno 11001] getaddrinfo failed)""))"
Places/19. House/MVI_3594.MOV,19. House,train,Places_1of4.zip,https://zenodo.org/api/records/4010759/files/Places_1of4.zip/content,failed,0,0,0,0,0,data/videos/train/19. House/MVI_3594.MOV,1,"Failed to fetch ZIP tail after 5 attempts: HTTPSConnectionPool(host='zenodo.org', port=443): Max retries exceeded with url: /api/records/4010759/files/Places_1of4.zip/content (Caused by NameResolutionError(""HTTPSConnection(host='zenodo.org', port=443): Failed to resolve 'zenodo.org' ([Errno 11001] getaddrinfo failed)""))"
Places/19. House/MVI_3349.MOV,19. House,train,Places_1of4.zip,https://zenodo.org/api/records/4010759/files/Places_1of4.zip/content,failed,0,0,0,0,0,data/videos/train/19. House/MVI_3349.MOV,1,"Failed to fetch ZIP tail after 5 attempts: HTTPSConnectionPool(host='zenodo.org', port=443): Max retries exceeded with url: /api/records/4010759/files/Places_1of4.zip/content (Caused by NameResolutionError(""HTTPSConnection(host='zenodo.org', port=443): Failed to resolve 'zenodo.org' ([Errno 11001] getaddrinfo failed)""))"
Places/19. House/MVI_3435.MOV,19. House,train,Places_1of4.zip,https://zenodo.org/api/records/4010759/files/Places_1of4.zip/content,failed,0,0,0,0,0,data/videos/train/19. House/MVI_3435.MOV,1,"Failed to fetch ZIP tail after 5 attempts: HTTPSConnectionPool(host='zenodo.org', port=443): Max retries exceeded with url: /api/records/4010759/files/Places_1of4.zip/content (Caused by NameResolutionError(""HTTPSConnection(host='zenodo.org', port=443): Failed to resolve 'zenodo.org' ([Errno 11001] getaddrinfo failed)""))"
Places/19. House/MVI_3267.MOV,19. House,train,Places_1of4.zip,https://zenodo.org/api/records/4010759/files/Places_1of4.zip/content,failed,0,0,0,0,0,data/videos/train/19. House/MVI_3267.MOV,1,"Failed to fetch ZIP tail after 5 attempts: HTTPSConnectionPool(host='zenodo.org', port=443): Max retries exceeded with url: /api/records/4010759/files/Places_1of4.zip/content (Caused by NameResolutionError(""HTTPSConnection(host='zenodo.org', port=443): Failed to resolve 'zenodo.org' ([Errno 11001] getaddrinfo failed)""))"
Places/19. House/MVI_3596.MOV,19. House,train,Places_1of4.zip,https://zenodo.org/api/records/4010759/files/Places_1of4.zip/content,failed,0,0,0,0,0,data/videos/train/19. House/MVI_3596.MOV,1,"Failed to fetch ZIP tail after 5 attempts: HTTPSConnectionPool(host='zenodo.org', port=443): Max retries exceeded with url: /api/records/4010759/files/Places_1of4.zip/content (Caused by NameResolutionError(""HTTPSConnection(host='zenodo.org', port=443): Failed to resolve 'zenodo.org' ([Errno 11001] getaddrinfo failed)""))"
Places/19. House/MVI_3593.MOV,19. House,train,Places_1of4.zip,https://zenodo.org/api/records/4010759/files/Places_1of4.zip/content,failed,0,0,0,0,0,data/videos/train/19. House/MVI_3593.MOV,1,"HTTP Range request failed after 5 attempts: HTTPSConnectionPool(host='zenodo.org', port=443): Max retries exceeded with url: /api/records/4010759/files/Places_1of4.zip/content (Caused by NameResolutionError(""HTTPSConnection(host='zenodo.org', port=443): Failed to resolve 'zenodo.org' ([Errno 11001] getaddrinfo failed)""))"
Places/19. House/MVI_3268.MOV,19. House,train,Places_1of4.zip,https://zenodo.org/api/records/4010759/files/Places_1of4.zip/content,failed,0,0,0,0,0,data/videos/train/19. House/MVI_3268.MOV,1,"HTTP Range request failed after 5 attempts: HTTPSConnectionPool(host='zenodo.org', port=443): Max retries exceeded with url: /api/records/4010759/files/Places_1of4.zip/content (Caused by NameResolutionError(""HTTPSConnection(host='zenodo.org', port=443): Failed to resolve 'zenodo.org' ([Errno 11001] getaddrinfo failed)""))"
Places/19. House/MVI_3595.MOV,19. House,val,Places_1of4.zip,https://zenodo.org/api/records/4010759/files/Places_1of4.zip/content,failed,0,0,0,0,0,data/videos/val/19. House/MVI_3595.MOV,1,"HTTP Range request failed after 5 attempts: HTTPSConnectionPool(host='zenodo.org', port=443): Max retries exceeded with url: /api/records/4010759/files/Places_1of4.zip/content (Caused by NameResolutionError(""HTTPSConnection(host='zenodo.org', port=443): Failed to resolve 'zenodo.org' ([Errno 11001] getaddrinfo failed)""))"
Places/19. House/MVI_3437.MOV,19. House,val,Places_1of4.zip,https://zenodo.org/api/records/4010759/files/Places_1of4.zip/content,failed,0,0,0,0,0,data/videos/val/19. House/MVI_3437.MOV,1,"HTTP Range request failed after 5 attempts: HTTPSConnectionPool(host='zenodo.org', port=443): Max retries exceeded with url: /api/records/4010759/files/Places_1of4.zip/content (Caused by NameResolutionError(""HTTPSConnection(host='zenodo.org', port=443): Failed to resolve 'zenodo.org' ([Errno 11001] getaddrinfo failed)""))"
Places/19. House/MVI_3350.MOV,19. House,val,Places_1of4.zip,https://zenodo.org/api/records/4010759/files/Places_1of4.zip/content,failed,0,0,0,0,0,data/videos/val/19. House/MVI_3350.MOV,1,"HTTP Range request failed after 5 attempts: HTTPSConnectionPool(host='zenodo.org', port=443): Max retries exceeded with url: /api/records/4010759/files/Places_1of4.zip/content (Caused by NameResolutionError(""HTTPSConnection(host='zenodo.org', port=443): Failed to resolve 'zenodo.org' ([Errno 11001] getaddrinfo failed)""))"
Society/2. Death/MVI_4256.MOV,2. Death,train,Society_1of3.zip,https://zenodo.org/api/records/4010759/files/Society_1of3.zip/content,failed,0,0,0,0,0,data/videos/train/2. Death/MVI_4256.MOV,1,"Failed to fetch ZIP tail after 5 attempts: HTTPSConnectionPool(host='zenodo.org', port=443): Max retries exceeded with url: /api/records/4010759/files/Society_1of3.zip/content (Caused by NameResolutionError(""HTTPSConnection(host='zenodo.org', port=443): Failed to resolve 'zenodo.org' ([Errno 11001] getaddrinfo failed)""))"
Society/2. Death/MVI_8931.MP4,2. Death,train,Society_1of3.zip,https://zenodo.org/api/records/4010759/files/Society_1of3.zip/content,failed,0,0,0,0,0,data/videos/train/2. Death/MVI_8931.MP4,1,"Failed to fetch ZIP tail after 5 attempts: HTTPSConnectionPool(host='zenodo.org', port=443): Max retries exceeded with url: /api/records/4010759/files/Society_1of3.zip/content (Caused by NameResolutionError(""HTTPSConnection(host='zenodo.org', port=443): Failed to resolve 'zenodo.org' ([Errno 11001] getaddrinfo failed)""))"
Society/2. Death/MVI_4257.MOV,2. Death,train,Society_1of3.zip,https://zenodo.org/api/records/4010759/files/Society_1of3.zip/content,failed,0,0,0,0,0,data/videos/train/2. Death/MVI_4257.MOV,1,"Failed to fetch ZIP tail after 5 attempts: HTTPSConnectionPool(host='zenodo.org', port=443): Max retries exceeded with url: /api/records/4010759/files/Society_1of3.zip/content (Caused by NameResolutionError(""HTTPSConnection(host='zenodo.org', port=443): Failed to resolve 'zenodo.org' ([Errno 11001] getaddrinfo failed)""))"
Society/2. Death/MVI_4255.MOV,2. Death,train,Society_1of3.zip,https://zenodo.org/api/records/4010759/files/Society_1of3.zip/content,failed,0,0,0,0,0,data/videos/train/2. Death/MVI_4255.MOV,1,"Failed to fetch ZIP tail after 5 attempts: HTTPSConnectionPool(host='zenodo.org', port=443): Max retries exceeded with url: /api/records/4010759/files/Society_1of3.zip/content (Caused by NameResolutionError(""HTTPSConnection(host='zenodo.org', port=443): Failed to resolve 'zenodo.org' ([Errno 11001] getaddrinfo failed)""))"
Society/2. Death/MVI_4802.MOV,2. Death,train,Society_1of3.zip,https://zenodo.org/api/records/4010759/files/Society_1of3.zip/content,failed,0,0,0,0,0,data/videos/train/2. Death/MVI_4802.MOV,1,"Failed to fetch ZIP tail after 5 attempts: HTTPSConnectionPool(host='zenodo.org', port=443): Max retries exceeded with url: /api/records/4010759/files/Society_1of3.zip/content (Caused by NameResolutionError(""HTTPSConnection(host='zenodo.org', port=443): Failed to resolve 'zenodo.org' ([Errno 11001] getaddrinfo failed)""))"
Society/2. Death/MVI_8661.MP4,2. Death,train,Society_1of3.zip,https://zenodo.org/api/records/4010759/files/Society_1of3.zip/content,failed,0,0,0,0,0,data/videos/train/2. Death/MVI_8661.MP4,1,"Failed to fetch ZIP tail after 5 attempts: HTTPSConnectionPool(host='zenodo.org', port=443): Max retries exceeded with url: /api/records/4010759/files/Society_1of3.zip/content (Caused by NameResolutionError(""HTTPSConnection(host='zenodo.org', port=443): Failed to resolve 'zenodo.org' ([Errno 11001] getaddrinfo failed)""))"
Society/2. Death/MVI_8932.MP4,2. Death,train,Society_1of3.zip,https://zenodo.org/api/records/4010759/files/Society_1of3.zip/content,failed,0,0,0,0,0,data/videos/train/2. Death/MVI_8932.MP4,1,"Failed to fetch ZIP tail after 5 attempts: HTTPSConnectionPool(host='zenodo.org', port=443): Max retries exceeded with url: /api/records/4010759/files/Society_1of3.zip/content (Caused by NameResolutionError(""HTTPSConnection(host='zenodo.org', port=443): Failed to resolve 'zenodo.org' ([Errno 11001] getaddrinfo failed)""))"
Society/2. Death/MVI_4800.MOV,2. Death,train,Society_1of3.zip,https://zenodo.org/api/records/4010759/files/Society_1of3.zip/content,verified,13193148,13381988,552047277,368305129,368305188,data/videos/train/2. Death/MVI_4800.MOV,1,
Society/2. Death/MVI_8662.MP4,2. Death,train,Society_1of3.zip,https://zenodo.org/api/records/4010759/files/Society_1of3.zip/content,verified,12383441,12473569,1233767704,423655012,423655071,data/videos/train/2. Death/MVI_8662.MP4,1,
Society/2. Death/MVI_8930.MP4,2. Death,train,Society_1of3.zip,https://zenodo.org/api/records/4010759/files/Society_1of3.zip/content,verified,10232200,10320524,397593224,463380180,463380239,data/videos/train/2. Death/MVI_8930.MP4,1,
Society/2. Death/MVI_4801.MOV,2. Death,val,Society_1of3.zip,https://zenodo.org/api/records/4010759/files/Society_1of3.zip/content,verified,15180331,15397144,2826783348,381498336,381498395,data/videos/val/2. Death/MVI_4801.MOV,1,
Society/2. Death/MVI_8664.MP4,2. Death,val,Society_1of3.zip,https://zenodo.org/api/records/4010759/files/Society_1of3.zip/content,verified,14023233,14113542,3707665491,449356888,449356947,data/videos/val/2. Death/MVI_8664.MP4,1,
Society/2. Death/MVI_4258.MOV,2. Death,val,Society_1of3.zip,https://zenodo.org/api/records/4010759/files/Society_1of3.zip/content,verified,12841973,13010464,2645754019,355463097,355463156,data/videos/val/2. Death/MVI_4258.MOV,1,
Adjectives/2. quiet/MVI_5338.MOV,2. quiet,train,Adjectives_1of8.zip,https://zenodo.org/api/records/4010759/files/Adjectives_1of8.zip/content,verified,9488148,9659436,3970207970,342237562,342237624,data/videos/train/2. quiet/MVI_5338.MOV,1,
Adjectives/2. quiet/MVI_9453.MOV,2. quiet,train,Adjectives_1of8.zip,https://zenodo.org/api/records/4010759/files/Adjectives_1of8.zip/content,verified,13116610,13507892,3900404543,466211194,466211256,data/videos/train/2. quiet/MVI_9453.MOV,1,
Adjectives/2. quiet/MVI_5261.MOV,2. quiet,train,Adjectives_1of8.zip,https://zenodo.org/api/records/4010759/files/Adjectives_1of8.zip/content,verified,13714054,13899540,1420656096,314246830,314246892,data/videos/train/2. quiet/MVI_5261.MOV,1,
Adjectives/2. quiet/MVI_9452.MOV,2. quiet,train,Adjectives_1of8.zip,https://zenodo.org/api/records/4010759/files/Adjectives_1of8.zip/content,verified,14487607,14925800,929706173,451723525,451723587,data/videos/train/2. quiet/MVI_9452.MOV,1,
Adjectives/2. quiet/MVI_5182.MOV,2. quiet,train,Adjectives_1of8.zip,https://zenodo.org/api/records/4010759/files/Adjectives_1of8.zip/content,verified,16903372,17103764,3426214647,282342014,282342076,data/videos/train/2. quiet/MVI_5182.MOV,1,
Adjectives/2. quiet/MVI_9539.MOV,2. quiet,train,Adjectives_1of8.zip,https://zenodo.org/api/records/4010759/files/Adjectives_1of8.zip/content,verified,14177020,14585812,3154399273,508825802,508825864,data/videos/train/2. quiet/MVI_9539.MOV,1,
Adjectives/2. quiet/MVI_5339.MOV,2. quiet,train,Adjectives_1of8.zip,https://zenodo.org/api/records/4010759/files/Adjectives_1of8.zip/content,verified,11064501,11237344,3594546896,351725772,351725834,data/videos/train/2. quiet/MVI_5339.MOV,1,
Adjectives/2. quiet/MVI_5262.MOV,2. quiet,train,Adjectives_1of8.zip,https://zenodo.org/api/records/4010759/files/Adjectives_1of8.zip/content,verified,14276554,14479460,534589377,327960946,327961008,data/videos/train/2. quiet/MVI_5262.MOV,1,
Adjectives/2. quiet/MVI_9292.MOV,2. quiet,train,Adjectives_1of8.zip,https://zenodo.org/api/records/4010759/files/Adjectives_1of8.zip/content,verified,11581304,11950916,733991225,374226828,374226890,data/videos/train/2. quiet/MVI_9292.MOV,1,
Adjectives/2. quiet/MVI_5180.MOV,2. quiet,train,Adjectives_1of8.zip,https://zenodo.org/api/records/4010759/files/Adjectives_1of8.zip/content,verified,14854428,15063928,400997006,250940990,250941052,data/videos/train/2. quiet/MVI_5180.MOV,1,
Adjectives/2. quiet/MVI_9371.MOV,2. quiet,val,Adjectives_1of8.zip,https://zenodo.org/api/records/4010759/files/Adjectives_1of8.zip/content,verified,10069408,10397008,3302722946,409549132,409549194,data/videos/val/2. quiet/MVI_9371.MOV,1,
Adjectives/2. quiet/MVI_5260.MOV,2. quiet,val,Adjectives_1of8.zip,https://zenodo.org/api/records/4010759/files/Adjectives_1of8.zip/content,verified,15001320,15199796,801035419,299245448,299245510,data/videos/val/2. quiet/MVI_5260.MOV,1,
Adjectives/2. quiet/MVI_9372.MOV,2. quiet,val,Adjectives_1of8.zip,https://zenodo.org/api/records/4010759/files/Adjectives_1of8.zip/content,verified,9836978,10171728,2899450084,419618602,419618664,data/videos/val/2. quiet/MVI_9372.MOV,1,
Places/23. Court/MVI_3612.MOV,23. Court,train,Places_2of4.zip,https://zenodo.org/api/records/4010759/files/Places_2of4.zip/content,verified,13313570,13503752,4017985942,319431013,319431072,data/videos/train/23. Court/MVI_3612.MOV,1,
Places/23. Court/MVI_3531.MOV,23. Court,train,Places_2of4.zip,https://zenodo.org/api/records/4010759/files/Places_2of4.zip/content,verified,15566741,15762364,3257474078,227654991,227655050,data/videos/train/23. Court/MVI_3531.MOV,1,
Places/23. Court/MVI_3367.MOV,23. Court,train,Places_2of4.zip,https://zenodo.org/api/records/4010759/files/Places_2of4.zip/content,verified,15284993,15463504,3674984144,141516053,141516112,data/videos/train/23. Court/MVI_3367.MOV,1,
Places/23. Court/MVI_3453.MOV,23. Court,train,Places_2of4.zip,https://zenodo.org/api/records/4010759/files/Places_2of4.zip/content,verified,12525046,12697832,409272960,189633220,189633279,data/videos/train/23. Court/MVI_3453.MOV,1,
Places/23. Court/MVI_3452.MOV,23. Court,train,Places_2of4.zip,https://zenodo.org/api/records/4010759/files/Places_2of4.zip/content,verified,14801242,15012196,3547533395,174831919,174831978,data/videos/train/23. Court/MVI_3452.MOV,1,
Places/23. Court/MVI_3287.MOV,23. Court,train,Places_2of4.zip,https://zenodo.org/api/records/4010759/files/Places_2of4.zip/content,verified,18226760,18434120,288913257,90524578,90524637,data/videos/train/23. Court/MVI_3287.MOV,1,
Places/23. Court/MVI_3286.MOV,23. Court,train,Places_2of4.zip,https://zenodo.org/api/records/4010759/files/Places_2of4.zip/content,verified,14484243,14661176,3768286627,76040276,76040335,data/videos/train/23. Court/MVI_3286.MOV,1,
Places/23. Court/MVI_3365.MOV,23. Court,train,Places_2of4.zip,https://zenodo.org/api/records/4010759/files/Places_2of4.zip/content,verified,19369970,19593672,249153039,108751397,108751456,data/videos/train/23. Court/MVI_3365.MOV,1,
Places/23. Court/MVI_3370.MOV,23. Court,train,Places_2of4.zip,https://zenodo.org/api/records/4010759/files/Places_2of4.zip/content,verified,18030755,18260800,3323122840,156801105,156801164,data/videos/train/23. Court/MVI_3370.MOV,1,
Places/23. Court/MVI_3610.MOV,23. Court,train,Places_2of4.zip,https://zenodo.org/api/records/4010759/files/Places_2of4.zip/content,verified,12281980,12444976,3916324080,294270265,294270324,data/videos/train/23. Court/MVI_3610.MOV,1,
Places/23. Court/MVI_3455.MOV,23. Court,val,Places_2of4.zip,https://zenodo.org/api/records/4010759/files/Places_2of4.zip/content,verified,12769794,12950828,2593635998,214885138,214885197,data/videos/val/23. Court/MVI_3455.MOV,1,
Places/23. Court/MVI_3611.MOV,23. Court,val,Places_2of4.zip,https://zenodo.org/api/records/4010759/files/Places_2of4.zip/content,verified,12878650,13054008,3538927865,306552304,306552363,data/videos/val/23. Court/MVI_3611.MOV,1,
Places/23. Court/MVI_3366.MOV,23. Court,val,Places_2of4.zip,https://zenodo.org/api/records/4010759/files/Places_2of4.zip/content,verified,13394568,13571648,2569172966,128121426,128121485,data/videos/val/23. Court/MVI_3366.MOV,1,
Places/28. Store or Shop/MVI_3308.MOV,28. Store or Shop,train,Places_3of4.zip,https://zenodo.org/api/records/4010759/files/Places_3of4.zip/content,verified,13620748,13783320,2330043376,33266093,33266160,data/videos/train/28. Store or Shop/MVI_3308.MOV,1,
Places/28. Store or Shop/MVI_3310.MOV,28. Store or Shop,train,Places_3of4.zip,https://zenodo.org/api/records/4010759/files/Places_3of4.zip/content,verified,12496124,12659528,2231940045,60945453,60945520,data/videos/train/28. Store or Shop/MVI_3310.MOV,1,
Places/28. Store or Shop/MVI_3632.MOV,28. Store or Shop,train,Places_3of4.zip,https://zenodo.org/api/records/4010759/files/Places_3of4.zip/content,verified,11783738,11959452,346335510,209351786,209351853,data/videos/train/28. Store or Shop/MVI_3632.MOV,1,
Places/28. Store or Shop/MVI_3474.MOV,28. Store or Shop,train,Places_3of4.zip,https://zenodo.org/api/records/4010759/files/Places_3of4.zip/content,verified,9494950,9636444,474322246,145566696,145566763,data/videos/train/28. Store or Shop/MVI_3474.MOV,1,
Places/28. Store or Shop/MVI_3386.MOV,28. Store or Shop,train,Places_3of4.zip,https://zenodo.org/api/records/4010759/files/Places_3of4.zip/content,verified,12981079,13182376,2004952106,101435878,101435945,data/videos/train/28. Store or Shop/MVI_3386.MOV,1,
Places/28. Store or Shop/MVI_3553.MOV,28. Store or Shop,train,Places_3of4.zip,https://zenodo.org/api/records/4010759/files/Places_3of4.zip/content,verified,10764999,10922488,3954699476,174805569,174805636,data/videos/train/28. Store or Shop/MVI_3553.MOV,1,
Places/28. Store or Shop/MVI_3472.MOV,28. Store or Shop,train,Places_3of4.zip,https://zenodo.org/api/records/4010759/files/Places_3of4.zip/content,verified,10659654,10826248,2293340582,125858216,125858283,data/videos/train/28. Store or Shop/MVI_3472.MOV,1,
Places/28. Store or Shop/MVI_3552.MOV,28. Store or Shop,train,Places_3of4.zip,https://zenodo.org/api/records/4010759/files/Places_3of4.zip/content,verified,10001960,10170040,58316305,164803542,164803609,data/videos/train/28. Store or Shop/MVI_3552.MOV,1,
Places/28. Store or Shop/MVI_3473.MOV,28. Store or Shop,train,Places_3of4.zip,https://zenodo.org/api/records/4010759/files/Places_3of4.zip/content,verified,9048692,9190848,3948218790,136517937,136518004,data/videos/train/28. Store or Shop/MVI_3473.MOV,1,
Places/28. Store or Shop/MVI_3385.MOV,28. Store or Shop,train,Places_3of4.zip,https://zenodo.org/api/records/4010759/files/Places_3of4.zip/content,verified,14278027,14473164,1963699574,87157784,87157851,data/videos/train/28. Store or Shop/MVI_3385.MOV,1,
Places/28. Store or Shop/MVI_3309.MOV,28. Store or Shop,val,Places_3of4.zip,https://zenodo.org/api/records/4010759/files/Places_3of4.zip/content,verified,14058478,14235588,1402166891,46886908,46886975,data/videos/val/28. Store or Shop/MVI_3309.MOV,1,
Places/28. Store or Shop/MVI_3634.MOV,28. Store or Shop,val,Places_3of4.zip,https://zenodo.org/api/records/4010759/files/Places_3of4.zip/content,verified,10939602,11108652,3362361512,231812951,231813018,data/videos/val/28. Store or Shop/MVI_3634.MOV,1,
Places/28. Store or Shop/MVI_3635.MOV,28. Store or Shop,val,Places_3of4.zip,https://zenodo.org/api/records/4010759/files/Places_3of4.zip/content,verified,11410961,11587228,445610776,242752620,242752687,data/videos/val/28. Store or Shop/MVI_3635.MOV,1,
Home/28. Window/MVI_4363.MOV,28. Window,train,Home_1of4.zip,https://zenodo.org/api/records/4010759/files/Home_1of4.zip/content,verified,15014467,15223584,2740650182,668481299,668481357,data/videos/train/28. Window/MVI_4363.MOV,1,
Home/28. Window/MVI_8767.MP4,28. Window,train,Home_1of4.zip,https://zenodo.org/api/records/4010759/files/Home_1of4.zip/content,verified,14971433,15061579,3710971402,779348215,779348273,data/videos/train/28. Window/MVI_8767.MP4,1,
Home/28. Window/MVI_8769.MP4,28. Window,train,Home_1of4.zip,https://zenodo.org/api/records/4010759/files/Home_1of4.zip/content,verified,15436775,15526921,3560126696,810120550,810120608,data/videos/train/28. Window/MVI_8769.MP4,1,
Home/28. Window/MVI_8766.MP4,28. Window,train,Home_1of4.zip,https://zenodo.org/api/records/4010759/files/Home_1of4.zip/content,verified,15205600,15295818,3323384004,764142557,764142615,data/videos/train/28. Window/MVI_8766.MP4,1,
Home/28. Window/MVI_4364.MOV,28. Window,train,Home_1of4.zip,https://zenodo.org/api/records/4010759/files/Home_1of4.zip/content,verified,18731470,18949160,164560220,683495824,683495882,data/videos/train/28. Window/MVI_4364.MOV,1,
Home/28. Window/MVI_4362.MOV,28. Window,train,Home_1of4.zip,https://zenodo.org/api/records/4010759/files/Home_1of4.zip/content,verified,17900621,18110396,3153807674,650580620,650580678,data/videos/train/28. Window/MVI_4362.MOV,1,
Home/28. Window/MVI_4365.MOV,28. Window,train,Home_1of4.zip,https://zenodo.org/api/records/4010759/files/Home_1of4.zip/content,verified,17674166,17890840,2076872532,702227352,702227410,data/videos/train/28. Window/MVI_4365.MOV,1,
Home/28. Window/MVI_8768.MP4,28. Window,train,Home_1of4.zip,https://zenodo.org/api/records/4010759/files/Home_1of4.zip/content,verified,15800786,15891016,1737539704,794319706,794319764,data/videos/train/28. Window/MVI_8768.MP4,1,
Home/28. Window/MVI_4881.MOV,28. Window,train,Home_1of4.zip,https://zenodo.org/api/records/4010759/files/Home_1of4.zip/content,verified,15542734,15758000,2570892945,719901576,719901634,data/videos/train/28. Window/MVI_4881.MOV,1,
Home/28. Window/MVI_9014.MP4,28. Window,train,Home_1of4.zip,https://zenodo.org/api/records/4010759/files/Home_1of4.zip/content,verified,12260984,12349592,2150963109,836299911,836299969,data/videos/train/28. Window/MVI_9014.MP4,1,
Home/28. Window/MVI_9015.MP4,28. Window,val,Home_1of4.zip,https://zenodo.org/api/records/4010759/files/Home_1of4.zip/content,verified,13099412,13188014,3013403635,848560953,848561011,data/videos/val/28. Window/MVI_9015.MP4,1,
Home/28. Window/MVI_4882.MOV,28. Window,val,Home_1of4.zip,https://zenodo.org/api/records/4010759/files/Home_1of4.zip/content,verified,14384129,14591872,2536514441,735444368,735444426,data/videos/val/28. Window/MVI_4882.MOV,1,
Home/28. Window/MVI_4883.MOV,28. Window,val,Home_1of4.zip,https://zenodo.org/api/records/4010759/files/Home_1of4.zip/content,verified,14313944,14501892,1391792054,749828555,749828613,data/videos/val/28. Window/MVI_4883.MOV,1,
Adjectives/3. happy/MVI_9540.MOV,3. happy,train,Adjectives_1of8.zip,https://zenodo.org/api/records/4010759/files/Adjectives_1of8.zip/content,verified,10860243,11215996,2581697658,726647433,726647495,data/videos/train/3. happy/MVI_9540.MOV,1,
Adjectives/3. happy/MVI_9542.MOV,3. happy,train,Adjectives_1of8.zip,https://zenodo.org/api/records/4010759/files/Adjectives_1of8.zip/content,verified,12469578,12873880,2022227253,749740415,749740477,data/videos/train/3. happy/MVI_9542.MOV,1,
Adjectives/3. happy/MVI_9541.MOV,3. happy,train,Adjectives_1of8.zip,https://zenodo.org/api/records/4010759/files/Adjectives_1of8.zip/content,verified,12232615,12612788,4053641677,737507738,737507800,data/videos/train/3. happy/MVI_9541.MOV,1,
Adjectives/3. happy/MVI_5185.MOV,3. happy,train,Adjectives_1of8.zip,https://zenodo.org/api/records/4010759/files/Adjectives_1of8.zip/content,verified,17356315,17610096,223579569,554129786,554129848,data/videos/train/3. happy/MVI_5185.MOV,1,
Adjectives/3. happy/MVI_5342.MOV,3. happy,train,Adjectives_1of8.zip,https://zenodo.org/api/records/4010759/files/Adjectives_1of8.zip/content,verified,11487771,11678420,200711844,613787598,613787660,data/videos/train/3. happy/MVI_5342.MOV,1,
Adjectives/3. happy/MVI_9297.MOV,3. happy,train,Adjectives_1of8.zip,https://zenodo.org/api/records/4010759/files/Adjectives_1of8.zip/content,verified,10142066,10457168,1356872190,662125816,662125878,data/videos/train/3. happy/MVI_9297.MOV,1,
Adjectives/3. happy/MVI_5264.MOV,3. happy,train,Adjectives_1of8.zip,https://zenodo.org/api/records/4010759/files/Adjectives_1of8.zip/content,verified,12047379,12253500,3898112049,582869601,582869663,data/videos/train/3. happy/MVI_5264.MOV,1,
Adjectives/3. happy/MVI_5265.MOV,3. happy,train,Adjectives_1of8.zip,https://zenodo.org/api/records/4010759/files/Adjectives_1of8.zip/content,verified,10091588,10278352,1869305964,594917042,594917104,data/videos/train/3. happy/MVI_5265.MOV,1,
Adjectives/3. happy/MVI_5343.MOV,3. happy,train,Adjectives_1of8.zip,https://zenodo.org/api/records/4010759/files/Adjectives_1of8.zip/content,verified,15908208,16145312,1137304383,625275431,625275493,data/videos/train/3. happy/MVI_5343.MOV,1,
Adjectives/3. happy/MVI_5263.MOV,3. happy,train,Adjectives_1of8.zip,https://zenodo.org/api/records/4010759/files/Adjectives_1of8.zip/content,verified,11383376,11577300,4178147821,571486163,571486225,data/videos/train/3. happy/MVI_5263.MOV,1,
Adjectives/3. happy/MVI_9296.MOV,3. happy,val,Adjectives_1of8.zip,https://zenodo.org/api/records/4010759/files/Adjectives_1of8.zip/content,verified,10825266,11152836,1408447673,651300488,651300550,data/videos/val/3. happy/MVI_9296.MOV,1,
Adjectives/3. happy/MVI_9454.MOV,3. happy,val,Adjectives_1of8.zip,https://zenodo.org/api/records/4010759/files/Adjectives_1of8.zip/content,verified,9234158,9549268,382449781,697456297,697456359,data/videos/val/3. happy/MVI_9454.MOV,1,
Adjectives/3. happy/MVI_5183.MOV,3. happy,val,Adjectives_1of8.zip,https://zenodo.org/api/records/4010759/files/Adjectives_1of8.zip/content,verified,15771346,16016672,702221423,523002934,523002996,data/videos/val/3. happy/MVI_5183.MOV,1,
Home/34. Pen/MVI_4906.MOV,34. Pen,train,Home_2of4.zip,https://zenodo.org/api/records/4010759/files/Home_2of4.zip/content,verified,11079723,11234916,3263302590,549106829,549106884,data/videos/train/34. Pen/MVI_4906.MOV,1,
Home/34. Pen/MVI_9034.MP4,34. Pen,train,Home_2of4.zip,https://zenodo.org/api/records/4010759/files/Home_2of4.zip/content,verified,9078306,9166781,3997474505,641171855,641171910,data/videos/train/34. Pen/MVI_9034.MP4,1,
Home/34. Pen/MVI_4390.MOV,34. Pen,train,Home_2of4.zip,https://zenodo.org/api/records/4010759/files/Home_2of4.zip/content,verified,12178151,12383744,4001905681,536928623,536928678,data/videos/train/34. Pen/MVI_4390.MOV,1,
Home/34. Pen/MVI_9032.MP4,34. Pen,train,Home_2of4.zip,https://zenodo.org/api/records/4010759/files/Home_2of4.zip/content,verified,9657018,9745421,2679490953,621021102,621021157,data/videos/train/34. Pen/MVI_9032.MP4,1,
Home/34. Pen/MVI_4389.MOV,34. Pen,train,Home_2of4.zip,https://zenodo.org/api/records/4010759/files/Home_2of4.zip/content,verified,11523797,11704800,1654907523,525404771,525404826,data/videos/train/34. Pen/MVI_4389.MOV,1,
Home/34. Pen/MVI_4907.MOV,34. Pen,train,Home_2of4.zip,https://zenodo.org/api/records/4010759/files/Home_2of4.zip/content,verified,10070843,10226832,677518850,560186607,560186662,data/videos/train/34. Pen/MVI_4907.MOV,1,
Home/34. Pen/MVI_4387.MOV,34. Pen,train,Home_2of4.zip,https://zenodo.org/api/records/4010759/files/Home_2of4.zip/content,verified,14141438,14319812,1216752262,499826151,499826206,data/videos/train/34. Pen/MVI_4387.MOV,1,
Home/34. Pen/MVI_8793.MP4,34. Pen,train,Home_2of4.zip,https://zenodo.org/api/records/4010759/files/Home_2of4.zip/content,verified,10368626,10457746,1124992305,591198051,591198106,data/videos/train/34. Pen/MVI_8793.MP4,1,
Home/34. Pen/MVI_4388.MOV,34. Pen,train,Home_2of4.zip,https://zenodo.org/api/records/4010759/files/Home_2of4.zip/content,verified,11437072,11596432,3206745262,513967644,513967699,data/videos/train/34. Pen/MVI_4388.MOV,1,
Home/34. Pen/MVI_8791.MP4,34. Pen,train,Home_2of4.zip,https://zenodo.org/api/records/4010759/files/Home_2of4.zip/content,verified,8614322,8702946,294973701,582583674,582583729,data/videos/train/34. Pen/MVI_8791.MP4,1,
Home/34. Pen/MVI_8794.MP4,34. Pen,val,Home_2of4.zip,https://zenodo.org/api/records/4010759/files/Home_2of4.zip/content,verified,9661284,9750088,3520149679,601566732,601566787,data/videos/val/34. Pen/MVI_8794.MP4,1,
Home/34. Pen/MVI_4908.MOV,34. Pen,val,Home_2of4.zip,https://zenodo.org/api/records/4010759/files/Home_2of4.zip/content,verified,12326114,12496656,925430004,570257505,570257560,data/videos/val/34. Pen/MVI_4908.MOV,1,
Home/34. Pen/MVI_9033.MP4,34. Pen,val,Home_2of4.zip,https://zenodo.org/api/records/4010759/files/Home_2of4.zip/content,verified,10493625,10582317,529256887,630678175,630678230,data/videos/val/34. Pen/MVI_9033.MP4,1,
Places/35. Bank/MVI_3502.MOV,35. Bank,train,Places_4of4.zip,https://zenodo.org/api/records/4010759/files/Places_4of4.zip/content,verified,9992606,10141040,3652283274,676389540,676389598,data/videos/train/35. Bank/MVI_3502.MOV,1,
Places/35. Bank/MVI_3337.MOV,35. Bank,train,Places_4of4.zip,https://zenodo.org/api/records/4010759/files/Places_4of4.zip/content,verified,13751091,13960188,3212670872,571482841,571482899,data/videos/train/35. Bank/MVI_3337.MOV,1,
Places/35. Bank/MVI_3582.MOV,35. Bank,train,Places_4of4.zip,https://zenodo.org/api/records/4010759/files/Places_4of4.zip/content,verified,11122915,11325724,3233999110,706684920,706684978,data/videos/train/35. Bank/MVI_3582.MOV,1,
Places/35. Bank/MVI_3423.MOV,35. Bank,train,Places_4of4.zip,https://zenodo.org/api/records/4010759/files/Places_4of4.zip/content,verified,15458551,15657536,1061047739,643271927,643271985,data/videos/train/35. Bank/MVI_3423.MOV,1,
Places/35. Bank/MVI_3664.MOV,35. Bank,train,Places_4of4.zip,https://zenodo.org/api/records/4010759/files/Places_4of4.zip/content,verified,10218838,10373012,1288035248,767095098,767095156,data/videos/train/35. Bank/MVI_3664.MOV,1,
Places/35. Bank/MVI_3419.MOV,35. Bank,train,Places_4of4.zip,https://zenodo.org/api/records/4010759/files/Places_4of4.zip/content,verified,18328310,18538896,1653077027,599130412,599130470,data/videos/train/35. Bank/MVI_3419.MOV,1,
Places/35. Bank/MVI_3503.MOV,35. Bank,train,Places_4of4.zip,https://zenodo.org/api/records/4010759/files/Places_4of4.zip/content,verified,9362209,9506632,2193579703,686382204,686382262,data/videos/train/35. Bank/MVI_3503.MOV,1,
Places/35. Bank/MVI_3338.MOV,35. Bank,train,Places_4of4.zip,https://zenodo.org/api/records/4010759/files/Places_4of4.zip/content,verified,13896364,14079060,3559538271,585233990,585234048,data/videos/train/35. Bank/MVI_3338.MOV,1,
Places/35. Bank/MVI_3663.MOV,35. Bank,train,Places_4of4.zip,https://zenodo.org/api/records/4010759/files/Places_4of4.zip/content,verified,9577776,9725196,4065405003,757517264,757517322,data/videos/train/35. Bank/MVI_3663.MOV,1,
Places/35. Bank/MVI_3583.MOV,35. Bank,train,Places_4of4.zip,https://zenodo.org/api/records/4010759/files/Places_4of4.zip/content,verified,9743639,9935384,4113432526,717807893,717807951,data/videos/train/35. Bank/MVI_3583.MOV,1,
Places/35. Bank/MVI_3662.MOV,35. Bank,val,Places_4of4.zip,https://zenodo.org/api/records/4010759/files/Places_4of4.zip/content,verified,9356006,9505632,1784123080,748161200,748161258,data/videos/val/35. Bank/MVI_3662.MOV,1,
Places/35. Bank/MVI_3581.MOV,35. Bank,val,Places_4of4.zip,https://zenodo.org/api/records/4010759/files/Places_4of4.zip/content,verified,10940391,11122568,1769843073,695744471,695744529,data/videos/val/35. Bank/MVI_3581.MOV,1,
Places/35. Bank/MVI_3336.MOV,35. Bank,val,Places_4of4.zip,https://zenodo.org/api/records/4010759/files/Places_4of4.zip/content,verified,13818697,14020016,3001653104,557664086,557664144,data/videos/val/35. Bank/MVI_3336.MOV,1,
Clothes/37. Hat/MVI_3985.MOV,37. Hat,train,Clothes_1of2.zip,https://zenodo.org/api/records/4010759/files/Clothes_1of2.zip/content,verified,12293908,12484864,2484706969,98522729,98522787,data/videos/train/37. Hat/MVI_3985.MOV,1,
Clothes/37. Hat/MVI_3691.MOV,37. Hat,train,Clothes_1of2.zip,https://zenodo.org/api/records/4010759/files/Clothes_1of2.zip/content,verified,26021212,26328708,654713010,27886802,27886860,data/videos/train/37. Hat/MVI_3691.MOV,1,
Clothes/37. Hat/MVI_4197.MOV,37. Hat,train,Clothes_1of2.zip,https://zenodo.org/api/records/4010759/files/Clothes_1of2.zip/content,verified,11248377,11420424,4192172856,132864832,132864890,data/videos/train/37. Hat/MVI_4197.MOV,1,
Clothes/37. Hat/MVI_3986.MOV,37. Hat,train,Clothes_1of2.zip,https://zenodo.org/api/records/4010759/files/Clothes_1of2.zip/content,verified,22048079,22319200,4242253608,110816695,110816753,data/videos/train/37. Hat/MVI_3986.MOV,1,
Clothes/37. Hat/MVI_4866.MOV,37. Hat,train,Clothes_1of2.zip,https://zenodo.org/api/records/4010759/files/Clothes_1of2.zip/content,verified,12264409,12694936,2762328541,161124215,161124273,data/videos/train/37. Hat/MVI_4866.MOV,1,
Clothes/37. Hat/MVI_5156.MOV,37. Hat,train,Clothes_1of2.zip,https://zenodo.org/api/records/4010759/files/Clothes_1of2.zip/content,failed,0,0,0,0,0,data/videos/train/37. Hat/MVI_5156.MOV,1,"HTTP Range request failed after 5 attempts: HTTPSConnectionPool(host='zenodo.org', port=443): Max retries exceeded with url: /api/records/4010759/files/Clothes_1of2.zip/content (Caused by NameResolutionError(""HTTPSConnection(host='zenodo.org', port=443): Failed to resolve 'zenodo.org' ([Errno 11001] getaddrinfo failed)""))"
Clothes/37. Hat/MVI_3688.MOV,37. Hat,train,Clothes_1of2.zip,https://zenodo.org/api/records/4010759/files/Clothes_1of2.zip/content,verified,15266214,15479948,970766104,84,142,data/videos/train/37. Hat/MVI_3688.MOV,1,
Clothes/37. Hat/MVI_4865.MOV,37. Hat,train,Clothes_1of2.zip,https://zenodo.org/api/records/4010759/files/Clothes_1of2.zip/content,failed,0,0,0,0,0,data/videos/train/37. Hat/MVI_4865.MOV,1,"HTTP Range request failed after 5 attempts: HTTPSConnectionPool(host='zenodo.org', port=443): Max retries exceeded with url: /api/records/4010759/files/Clothes_1of2.zip/content (Caused by NameResolutionError(""HTTPSConnection(host='zenodo.org', port=443): Failed to resolve 'zenodo.org' ([Errno 11001] getaddrinfo failed)""))"
Clothes/37. Hat/MVI_3836.MOV,37. Hat,train,Clothes_1of2.zip,https://zenodo.org/api/records/4010759/files/Clothes_1of2.zip/content,downloading,0,0,0,0,0,data/videos/train/37. Hat/MVI_3836.MOV,1,
Clothes/37. Hat/MVI_5155.MOV,37. Hat,train,Clothes_1of2.zip,https://zenodo.org/api/records/4010759/files/Clothes_1of2.zip/content,downloading,0,0,0,0,0,data/videos/train/37. Hat/MVI_5155.MOV,1,
Clothes/37. Hat/MVI_5008.MOV,37. Hat,val,Clothes_1of2.zip,https://zenodo.org/api/records/4010759/files/Clothes_1of2.zip/content,pending,0,0,0,0,0,data/videos/val/37. Hat/MVI_5008.MOV,0,
Clothes/37. Hat/MVI_3690.MOV,37. Hat,val,Clothes_1of2.zip,https://zenodo.org/api/records/4010759/files/Clothes_1of2.zip/content,pending,0,0,0,0,0,data/videos/val/37. Hat/MVI_3690.MOV,0,
Clothes/37. Hat/MVI_3984.MOV,37. Hat,val,Clothes_1of2.zip,https://zenodo.org/api/records/4010759/files/Clothes_1of2.zip/content,pending,0,0,0,0,0,data/videos/val/37. Hat/MVI_3984.MOV,0,
Animals/4. Bird/MVI_4155.MOV,4. Bird,train,Animals_1of2.zip,https://zenodo.org/api/records/4010759/files/Animals_1of2.zip/content,pending,0,0,0,0,0,data/videos/train/4. Bird/MVI_4155.MOV,0,
Animals/4. Bird/MVI_8568.MP4,4. Bird,train,Animals_1of2.zip,https://zenodo.org/api/records/4010759/files/Animals_1of2.zip/content,pending,0,0,0,0,0,data/videos/train/4. Bird/MVI_8568.MP4,0,
Animals/4. Bird/MVI_3094.MOV,4. Bird,train,Animals_1of2.zip,https://zenodo.org/api/records/4010759/files/Animals_1of2.zip/content,pending,0,0,0,0,0,data/videos/train/4. Bird/MVI_3094.MOV,0,
Animals/4. Bird/MVI_2989.MOV,4. Bird,train,Animals_1of2.zip,https://zenodo.org/api/records/4010759/files/Animals_1of2.zip/content,pending,0,0,0,0,0,data/videos/train/4. Bird/MVI_2989.MOV,0,
Animals/4. Bird/MVI_2987.MOV,4. Bird,train,Animals_1of2.zip,https://zenodo.org/api/records/4010759/files/Animals_1of2.zip/content,pending,0,0,0,0,0,data/videos/train/4. Bird/MVI_2987.MOV,0,
Animals/4. Bird/MVI_3072.MOV,4. Bird,train,Animals_1of2.zip,https://zenodo.org/api/records/4010759/files/Animals_1of2.zip/content,pending,0,0,0,0,0,data/videos/train/4. Bird/MVI_3072.MOV,0,
Animals/4. Bird/MVI_3040.MOV,4. Bird,train,Animals_1of2.zip,https://zenodo.org/api/records/4010759/files/Animals_1of2.zip/content,pending,0,0,0,0,0,data/videos/train/4. Bird/MVI_3040.MOV,0,
Animals/4. Bird/MVI_3071.MOV,4. Bird,train,Animals_1of2.zip,https://zenodo.org/api/records/4010759/files/Animals_1of2.zip/content,pending,0,0,0,0,0,data/videos/train/4. Bird/MVI_3071.MOV,0,
Animals/4. Bird/MVI_3037.MOV,4. Bird,train,Animals_1of2.zip,https://zenodo.org/api/records/4010759/files/Animals_1of2.zip/content,pending,0,0,0,0,0,data/videos/train/4. Bird/MVI_3037.MOV,0,
Animals/4. Bird/MVI_3013.MOV,4. Bird,train,Animals_1of2.zip,https://zenodo.org/api/records/4010759/files/Animals_1of2.zip/content,pending,0,0,0,0,0,data/videos/train/4. Bird/MVI_3013.MOV,0,
Animals/4. Bird/MVI_3038.MOV,4. Bird,val,Animals_1of2.zip,https://zenodo.org/api/records/4010759/files/Animals_1of2.zip/content,pending,0,0,0,0,0,data/videos/val/4. Bird/MVI_3038.MOV,0,
Animals/4. Bird/MVI_2988.MOV,4. Bird,val,Animals_1of2.zip,https://zenodo.org/api/records/4010759/files/Animals_1of2.zip/content,pending,0,0,0,0,0,data/videos/val/4. Bird/MVI_2988.MOV,0,
Animals/4. Bird/MVI_3096.MOV,4. Bird,val,Animals_1of2.zip,https://zenodo.org/api/records/4010759/files/Animals_1of2.zip/content,pending,0,0,0,0,0,data/videos/val/4. Bird/MVI_3096.MOV,0,
Pronouns/40. I/MVI_0066.MOV,40. I,train,Pronouns_1of2.zip,https://zenodo.org/api/records/4010759/files/Pronouns_1of2.zip/content,pending,0,0,0,0,0,data/videos/train/40. I/MVI_0066.MOV,0,
Pronouns/40. I/MVI_0065.MOV,40. I,train,Pronouns_1of2.zip,https://zenodo.org/api/records/4010759/files/Pronouns_1of2.zip/content,pending,0,0,0,0,0,data/videos/train/40. I/MVI_0065.MOV,0,
Pronouns/40. I/MVI_9958.MOV,40. I,train,Pronouns_1of2.zip,https://zenodo.org/api/records/4010759/files/Pronouns_1of2.zip/content,pending,0,0,0,0,0,data/videos/train/40. I/MVI_9958.MOV,0,
Pronouns/40. I/MVI_9919.MOV,40. I,train,Pronouns_1of2.zip,https://zenodo.org/api/records/4010759/files/Pronouns_1of2.zip/content,pending,0,0,0,0,0,data/videos/train/40. I/MVI_9919.MOV,0,
Pronouns/40. I/MVI_9995.MOV,40. I,train,Pronouns_1of2.zip,https://zenodo.org/api/records/4010759/files/Pronouns_1of2.zip/content,pending,0,0,0,0,0,data/videos/train/40. I/MVI_9995.MOV,0,
Pronouns/40. I/MVI_0014.MOV,40. I,train,Pronouns_1of2.zip,https://zenodo.org/api/records/4010759/files/Pronouns_1of2.zip/content,pending,0,0,0,0,0,data/videos/train/40. I/MVI_0014.MOV,0,
Pronouns/40. I/MVI_9878.MOV,40. I,train,Pronouns_1of2.zip,https://zenodo.org/api/records/4010759/files/Pronouns_1of2.zip/content,pending,0,0,0,0,0,data/videos/train/40. I/MVI_9878.MOV,0,
Pronouns/40. I/MVI_0013.MOV,40. I,train,Pronouns_1of2.zip,https://zenodo.org/api/records/4010759/files/Pronouns_1of2.zip/content,pending,0,0,0,0,0,data/videos/train/40. I/MVI_0013.MOV,0,
Pronouns/40. I/MVI_0002.MOV,40. I,train,Pronouns_1of2.zip,https://zenodo.org/api/records/4010759/files/Pronouns_1of2.zip/content,pending,0,0,0,0,0,data/videos/train/40. I/MVI_0002.MOV,0,
Pronouns/40. I/MVI_9880.MOV,40. I,train,Pronouns_1of2.zip,https://zenodo.org/api/records/4010759/files/Pronouns_1of2.zip/content,pending,0,0,0,0,0,data/videos/train/40. I/MVI_9880.MOV,0,
Pronouns/40. I/MVI_9879.MOV,40. I,val,Pronouns_1of2.zip,https://zenodo.org/api/records/4010759/files/Pronouns_1of2.zip/content,pending,0,0,0,0,0,data/videos/val/40. I/MVI_9879.MOV,0,
Pronouns/40. I/MVI_9959.MOV,40. I,val,Pronouns_1of2.zip,https://zenodo.org/api/records/4010759/files/Pronouns_1of2.zip/content,pending,0,0,0,0,0,data/videos/val/40. I/MVI_9959.MOV,0,
Pronouns/40. I/MVI_0064.MOV,40. I,val,Pronouns_1of2.zip,https://zenodo.org/api/records/4010759/files/Pronouns_1of2.zip/content,pending,0,0,0,0,0,data/videos/val/40. I/MVI_0064.MOV,0,
Home/40. Paint/MVI_4926.MOV,40. Paint,train,Home_3of4.zip,https://zenodo.org/api/records/4010759/files/Home_3of4.zip/content,pending,0,0,0,0,0,data/videos/train/40. Paint/MVI_4926.MOV,0,
Home/40. Paint/MVI_4415.MOV,40. Paint,train,Home_3of4.zip,https://zenodo.org/api/records/4010759/files/Home_3of4.zip/content,pending,0,0,0,0,0,data/videos/train/40. Paint/MVI_4415.MOV,0,
Home/40. Paint/MVI_4413.MOV,40. Paint,train,Home_3of4.zip,https://zenodo.org/api/records/4010759/files/Home_3of4.zip/content,pending,0,0,0,0,0,data/videos/train/40. Paint/MVI_4413.MOV,0,
Home/40. Paint/MVI_8821.MP4,40. Paint,train,Home_3of4.zip,https://zenodo.org/api/records/4010759/files/Home_3of4.zip/content,pending,0,0,0,0,0,data/videos/train/40. Paint/MVI_8821.MP4,0,
Home/40. Paint/MVI_9052.MP4,40. Paint,train,Home_3of4.zip,https://zenodo.org/api/records/4010759/files/Home_3of4.zip/content,pending,0,0,0,0,0,data/videos/train/40. Paint/MVI_9052.MP4,0,
Home/40. Paint/MVI_4414.MOV,40. Paint,train,Home_3of4.zip,https://zenodo.org/api/records/4010759/files/Home_3of4.zip/content,pending,0,0,0,0,0,data/videos/train/40. Paint/MVI_4414.MOV,0,
Home/40. Paint/MVI_4412.MOV,40. Paint,train,Home_3of4.zip,https://zenodo.org/api/records/4010759/files/Home_3of4.zip/content,pending,0,0,0,0,0,data/videos/train/40. Paint/MVI_4412.MOV,0,
Home/40. Paint/MVI_9051.MP4,40. Paint,train,Home_3of4.zip,https://zenodo.org/api/records/4010759/files/Home_3of4.zip/content,pending,0,0,0,0,0,data/videos/train/40. Paint/MVI_9051.MP4,0,
Home/40. Paint/MVI_8817.MP4,40. Paint,train,Home_3of4.zip,https://zenodo.org/api/records/4010759/files/Home_3of4.zip/content,pending,0,0,0,0,0,data/videos/train/40. Paint/MVI_8817.MP4,0,
Home/40. Paint/MVI_4927.MOV,40. Paint,train,Home_3of4.zip,https://zenodo.org/api/records/4010759/files/Home_3of4.zip/content,pending,0,0,0,0,0,data/videos/train/40. Paint/MVI_4927.MOV,0,
Home/40. Paint/MVI_8818.MP4,40. Paint,val,Home_3of4.zip,https://zenodo.org/api/records/4010759/files/Home_3of4.zip/content,pending,0,0,0,0,0,data/videos/val/40. Paint/MVI_8818.MP4,0,
Home/40. Paint/MVI_8819.MP4,40. Paint,val,Home_3of4.zip,https://zenodo.org/api/records/4010759/files/Home_3of4.zip/content,pending,0,0,0,0,0,data/videos/val/40. Paint/MVI_8819.MP4,0,
Home/40. Paint/MVI_9053.MP4,40. Paint,val,Home_3of4.zip,https://zenodo.org/api/records/4010759/files/Home_3of4.zip/content,pending,0,0,0,0,0,data/videos/val/40. Paint/MVI_9053.MP4,0,
Clothes/42. T-Shirt/MVI_4003.MOV,42. T-Shirt,train,Clothes_2of2.zip,https://zenodo.org/api/records/4010759/files/Clothes_2of2.zip/content,pending,0,0,0,0,0,data/videos/train/42. T-Shirt/MVI_4003.MOV,0,
Clothes/42. T-Shirt/MVI_3850.MOV,42. T-Shirt,train,Clothes_2of2.zip,https://zenodo.org/api/records/4010759/files/Clothes_2of2.zip/content,pending,0,0,0,0,0,data/videos/train/42. T-Shirt/MVI_3850.MOV,0,
Clothes/42. T-Shirt/MVI_4881.MOV,42. T-Shirt,train,Clothes_2of2.zip,https://zenodo.org/api/records/4010759/files/Clothes_2of2.zip/content,pending,0,0,0,0,0,data/videos/train/42. T-Shirt/MVI_4881.MOV,0,
Clothes/42. T-Shirt/MVI_3851.MOV,42. T-Shirt,train,Clothes_2of2.zip,https://zenodo.org/api/records/4010759/files/Clothes_2of2.zip/content,pending,0,0,0,0,0,data/videos/train/42. T-Shirt/MVI_3851.MOV,0,
Clothes/42. T-Shirt/MVI_4002.MOV,42. T-Shirt,train,Clothes_2of2.zip,https://zenodo.org/api/records/4010759/files/Clothes_2of2.zip/content,pending,0,0,0,0,0,data/videos/train/42. T-Shirt/MVI_4002.MOV,0,
Clothes/42. T-Shirt/MVI_4883.MOV,42. T-Shirt,train,Clothes_2of2.zip,https://zenodo.org/api/records/4010759/files/Clothes_2of2.zip/content,pending,0,0,0,0,0,data/videos/train/42. T-Shirt/MVI_4883.MOV,0,
Clothes/42. T-Shirt/MVI_4004.MOV,42. T-Shirt,train,Clothes_2of2.zip,https://zenodo.org/api/records/4010759/files/Clothes_2of2.zip/content,pending,0,0,0,0,0,data/videos/train/42. T-Shirt/MVI_4004.MOV,0,
Clothes/42. T-Shirt/MVI_3704.MOV,42. T-Shirt,train,Clothes_2of2.zip,https://zenodo.org/api/records/4010759/files/Clothes_2of2.zip/content,pending,0,0,0,0,0,data/videos/train/42. T-Shirt/MVI_3704.MOV,0,
Clothes/42. T-Shirt/MVI_3706.MOV,42. T-Shirt,train,Clothes_2of2.zip,https://zenodo.org/api/records/4010759/files/Clothes_2of2.zip/content,pending,0,0,0,0,0,data/videos/train/42. T-Shirt/MVI_3706.MOV,0,
Clothes/42. T-Shirt/MVI_5022.MOV,42. T-Shirt,train,Clothes_2of2.zip,https://zenodo.org/api/records/4010759/files/Clothes_2of2.zip/content,pending,0,0,0,0,0,data/videos/train/42. T-Shirt/MVI_5022.MOV,0,
Clothes/42. T-Shirt/MVI_4882.MOV,42. T-Shirt,val,Clothes_2of2.zip,https://zenodo.org/api/records/4010759/files/Clothes_2of2.zip/content,pending,0,0,0,0,0,data/videos/val/42. T-Shirt/MVI_4882.MOV,0,
Clothes/42. T-Shirt/MVI_3852.MOV,42. T-Shirt,val,Clothes_2of2.zip,https://zenodo.org/api/records/4010759/files/Clothes_2of2.zip/content,pending,0,0,0,0,0,data/videos/val/42. T-Shirt/MVI_3852.MOV,0,
Clothes/42. T-Shirt/MVI_5021.MOV,42. T-Shirt,val,Clothes_2of2.zip,https://zenodo.org/api/records/4010759/files/Clothes_2of2.zip/content,pending,0,0,0,0,0,data/videos/val/42. T-Shirt/MVI_5021.MOV,0,
Clothes/44. Shoes/MVI_3711.MOV,44. Shoes,train,Clothes_2of2.zip,https://zenodo.org/api/records/4010759/files/Clothes_2of2.zip/content,pending,0,0,0,0,0,data/videos/train/44. Shoes/MVI_3711.MOV,0,
Clothes/44. Shoes/MVI_4204.MOV,44. Shoes,train,Clothes_2of2.zip,https://zenodo.org/api/records/4010759/files/Clothes_2of2.zip/content,pending,0,0,0,0,0,data/videos/train/44. Shoes/MVI_4204.MOV,0,
Clothes/44. Shoes/MVI_5177.MOV,44. Shoes,train,Clothes_2of2.zip,https://zenodo.org/api/records/4010759/files/Clothes_2of2.zip/content,pending,0,0,0,0,0,data/videos/train/44. Shoes/MVI_5177.MOV,0,
Clothes/44. Shoes/MVI_3857.MOV,44. Shoes,train,Clothes_2of2.zip,https://zenodo.org/api/records/4010759/files/Clothes_2of2.zip/content,pending,0,0,0,0,0,data/videos/train/44. Shoes/MVI_3857.MOV,0,
Clothes/44. Shoes/MVI_4888.MOV,44. Shoes,train,Clothes_2of2.zip,https://zenodo.org/api/records/4010759/files/Clothes_2of2.zip/content,pending,0,0,0,0,0,data/videos/train/44. Shoes/MVI_4888.MOV,0,
Clothes/44. Shoes/MVI_5030.MOV,44. Shoes,train,Clothes_2of2.zip,https://zenodo.org/api/records/4010759/files/Clothes_2of2.zip/content,pending,0,0,0,0,0,data/videos/train/44. Shoes/MVI_5030.MOV,0,
Clothes/44. Shoes/MVI_4010.MOV,44. Shoes,train,Clothes_2of2.zip,https://zenodo.org/api/records/4010759/files/Clothes_2of2.zip/content,pending,0,0,0,0,0,data/videos/train/44. Shoes/MVI_4010.MOV,0,
Clothes/44. Shoes/MVI_5029.MOV,44. Shoes,train,Clothes_2of2.zip,https://zenodo.org/api/records/4010759/files/Clothes_2of2.zip/content,pending,0,0,0,0,0,data/videos/train/44. Shoes/MVI_5029.MOV,0,
Clothes/44. Shoes/MVI_3712.MOV,44. Shoes,train,Clothes_2of2.zip,https://zenodo.org/api/records/4010759/files/Clothes_2of2.zip/content,pending,0,0,0,0,0,data/videos/train/44. Shoes/MVI_3712.MOV,0,
Clothes/44. Shoes/MVI_4009.MOV,44. Shoes,train,Clothes_2of2.zip,https://zenodo.org/api/records/4010759/files/Clothes_2of2.zip/content,pending,0,0,0,0,0,data/videos/train/44. Shoes/MVI_4009.MOV,0,
Clothes/44. Shoes/MVI_5028.MOV,44. Shoes,val,Clothes_2of2.zip,https://zenodo.org/api/records/4010759/files/Clothes_2of2.zip/content,pending,0,0,0,0,0,data/videos/val/44. Shoes/MVI_5028.MOV,0,
Clothes/44. Shoes/MVI_3858.MOV,44. Shoes,val,Clothes_2of2.zip,https://zenodo.org/api/records/4010759/files/Clothes_2of2.zip/content,pending,0,0,0,0,0,data/videos/val/44. Shoes/MVI_3858.MOV,0,
Clothes/44. Shoes/MVI_4887.MOV,44. Shoes,val,Clothes_2of2.zip,https://zenodo.org/api/records/4010759/files/Clothes_2of2.zip/content,pending,0,0,0,0,0,data/videos/val/44. Shoes/MVI_4887.MOV,0,
Pronouns/44. it/MVI_0014.MOV,44. it,train,Pronouns_1of2.zip,https://zenodo.org/api/records/4010759/files/Pronouns_1of2.zip/content,pending,0,0,0,0,0,data/videos/train/44. it/MVI_0014.MOV,0,
Pronouns/44. it/MVI_0077.MOV,44. it,train,Pronouns_1of2.zip,https://zenodo.org/api/records/4010759/files/Pronouns_1of2.zip/content,pending,0,0,0,0,0,data/videos/train/44. it/MVI_0077.MOV,0,
Pronouns/44. it/MVI_0076.MOV,44. it,train,Pronouns_1of2.zip,https://zenodo.org/api/records/4010759/files/Pronouns_1of2.zip/content,pending,0,0,0,0,0,data/videos/train/44. it/MVI_0076.MOV,0,
Pronouns/44. it/MVI_9898.MOV,44. it,train,Pronouns_1of2.zip,https://zenodo.org/api/records/4010759/files/Pronouns_1of2.zip/content,pending,0,0,0,0,0,data/videos/train/44. it/MVI_9898.MOV,0,
Pronouns/44. it/MVI_9936.MOV,44. it,train,Pronouns_1of2.zip,https://zenodo.org/api/records/4010759/files/Pronouns_1of2.zip/content,pending,0,0,0,0,0,data/videos/train/44. it/MVI_9936.MOV,0,
Pronouns/44. it/MVI_9970.MOV,44. it,train,Pronouns_1of2.zip,https://zenodo.org/api/records/4010759/files/Pronouns_1of2.zip/content,pending,0,0,0,0,0,data/videos/train/44. it/MVI_9970.MOV,0,
Pronouns/44. it/MVI_9969.MOV,44. it,train,Pronouns_1of2.zip,https://zenodo.org/api/records/4010759/files/Pronouns_1of2.zip/content,pending,0,0,0,0,0,data/videos/train/44. it/MVI_9969.MOV,0,
Pronouns/44. it/MVI_9938.MOV,44. it,train,Pronouns_1of2.zip,https://zenodo.org/api/records/4010759/files/Pronouns_1of2.zip/content,pending,0,0,0,0,0,data/videos/train/44. it/MVI_9938.MOV,0,
Pronouns/44. it/MVI_0015.MOV,44. it,train,Pronouns_1of2.zip,https://zenodo.org/api/records/4010759/files/Pronouns_1of2.zip/content,pending,0,0,0,0,0,data/videos/train/44. it/MVI_0015.MOV,0,
Pronouns/44. it/MVI_0024.MOV,44. it,train,Pronouns_1of2.zip,https://zenodo.org/api/records/4010759/files/Pronouns_1of2.zip/content,pending,0,0,0,0,0,data/videos/train/44. it/MVI_0024.MOV,0,
Pronouns/44. it/MVI_9900.MOV,44. it,val,Pronouns_1of2.zip,https://zenodo.org/api/records/4010759/files/Pronouns_1of2.zip/content,pending,0,0,0,0,0,data/videos/val/44. it/MVI_9900.MOV,0,
Pronouns/44. it/MVI_0078.MOV,44. it,val,Pronouns_1of2.zip,https://zenodo.org/api/records/4010759/files/Pronouns_1of2.zip/content,pending,0,0,0,0,0,data/videos/val/44. it/MVI_0078.MOV,0,
Pronouns/44. it/MVI_0025.MOV,44. it,val,Pronouns_1of2.zip,https://zenodo.org/api/records/4010759/files/Pronouns_1of2.zip/content,pending,0,0,0,0,0,data/videos/val/44. it/MVI_0025.MOV,0,
Pronouns/46. you (plural)/MVI_0083.MOV,46. you (plural),train,Pronouns_2of2.zip,https://zenodo.org/api/records/4010759/files/Pronouns_2of2.zip/content,pending,0,0,0,0,0,data/videos/train/46. you (plural)/MVI_0083.MOV,0,
Pronouns/46. you (plural)/MVI_9946.MOV,46. you (plural),train,Pronouns_2of2.zip,https://zenodo.org/api/records/4010759/files/Pronouns_2of2.zip/content,pending,0,0,0,0,0,data/videos/train/46. you (plural)/MVI_9946.MOV,0,
Pronouns/46. you (plural)/MVI_9975.MOV,46. you (plural),train,Pronouns_2of2.zip,https://zenodo.org/api/records/4010759/files/Pronouns_2of2.zip/content,pending,0,0,0,0,0,data/videos/train/46. you (plural)/MVI_9975.MOV,0,
Pronouns/46. you (plural)/MVI_9947.MOV,46. you (plural),train,Pronouns_2of2.zip,https://zenodo.org/api/records/4010759/files/Pronouns_2of2.zip/content,pending,0,0,0,0,0,data/videos/train/46. you (plural)/MVI_9947.MOV,0,
Pronouns/46. you (plural)/MVI_9977.MOV,46. you (plural),train,Pronouns_2of2.zip,https://zenodo.org/api/records/4010759/files/Pronouns_2of2.zip/content,pending,0,0,0,0,0,data/videos/train/46. you (plural)/MVI_9977.MOV,0,
Pronouns/46. you (plural)/MVI_9948.MOV,46. you (plural),train,Pronouns_2of2.zip,https://zenodo.org/api/records/4010759/files/Pronouns_2of2.zip/content,pending,0,0,0,0,0,data/videos/train/46. you (plural)/MVI_9948.MOV,0,
Pronouns/46. you (plural)/MVI_9909.MOV,46. you (plural),train,Pronouns_2of2.zip,https://zenodo.org/api/records/4010759/files/Pronouns_2of2.zip/content,pending,0,0,0,0,0,data/videos/train/46. you (plural)/MVI_9909.MOV,0,
Pronouns/46. you (plural)/MVI_0030.MOV,46. you (plural),train,Pronouns_2of2.zip,https://zenodo.org/api/records/4010759/files/Pronouns_2of2.zip/content,pending,0,0,0,0,0,data/videos/train/46. you (plural)/MVI_0030.MOV,0,
Pronouns/46. you (plural)/MVI_0024.MOV,46. you (plural),train,Pronouns_2of2.zip,https://zenodo.org/api/records/4010759/files/Pronouns_2of2.zip/content,pending,0,0,0,0,0,data/videos/train/46. you (plural)/MVI_0024.MOV,0,
Pronouns/46. you (plural)/MVI_9907.MOV,46. you (plural),train,Pronouns_2of2.zip,https://zenodo.org/api/records/4010759/files/Pronouns_2of2.zip/content,pending,0,0,0,0,0,data/videos/train/46. you (plural)/MVI_9907.MOV,0,
Pronouns/46. you (plural)/MVI_9976.MOV,46. you (plural),val,Pronouns_2of2.zip,https://zenodo.org/api/records/4010759/files/Pronouns_2of2.zip/content,pending,0,0,0,0,0,data/videos/val/46. you (plural)/MVI_9976.MOV,0,
Pronouns/46. you (plural)/MVI_0031.MOV,46. you (plural),val,Pronouns_2of2.zip,https://zenodo.org/api/records/4010759/files/Pronouns_2of2.zip/content,pending,0,0,0,0,0,data/videos/val/46. you (plural)/MVI_0031.MOV,0,
Pronouns/46. you (plural)/MVI_9905.MOV,46. you (plural),val,Pronouns_2of2.zip,https://zenodo.org/api/records/4010759/files/Pronouns_2of2.zip/content,pending,0,0,0,0,0,data/videos/val/46. you (plural)/MVI_9905.MOV,0,
Colours/47. Red/MVI_3720.MOV,47. Red,train,Colours_1of2.zip,https://zenodo.org/api/records/4010759/files/Colours_1of2.zip/content,pending,0,0,0,0,0,data/videos/train/47. Red/MVI_3720.MOV,0,
Colours/47. Red/MVI_4019.MOV,47. Red,train,Colours_1of2.zip,https://zenodo.org/api/records/4010759/files/Colours_1of2.zip/content,pending,0,0,0,0,0,data/videos/train/47. Red/MVI_4019.MOV,0,
Colours/47. Red/MVI_3721.MOV,47. Red,train,Colours_1of2.zip,https://zenodo.org/api/records/4010759/files/Colours_1of2.zip/content,pending,0,0,0,0,0,data/videos/train/47. Red/MVI_3721.MOV,0,
Colours/47. Red/MVI_4018.MOV,47. Red,train,Colours_1of2.zip,https://zenodo.org/api/records/4010759/files/Colours_1of2.zip/content,pending,0,0,0,0,0,data/videos/train/47. Red/MVI_4018.MOV,0,
Colours/47. Red/MVI_8612.MP4,47. Red,train,Colours_1of2.zip,https://zenodo.org/api/records/4010759/files/Colours_1of2.zip/content,pending,0,0,0,0,0,data/videos/train/47. Red/MVI_8612.MP4,0,
Colours/47. Red/MVI_3867.MOV,47. Red,train,Colours_1of2.zip,https://zenodo.org/api/records/4010759/files/Colours_1of2.zip/content,pending,0,0,0,0,0,data/videos/train/47. Red/MVI_3867.MOV,0,
Colours/47. Red/MVI_5186.MOV,47. Red,train,Colours_1of2.zip,https://zenodo.org/api/records/4010759/files/Colours_1of2.zip/content,pending,0,0,0,0,0,data/videos/train/47. Red/MVI_5186.MOV,0,
Colours/47. Red/MVI_3719.MOV,47. Red,train,Colours_1of2.zip,https://zenodo.org/api/records/4010759/files/Colours_1of2.zip/content,pending,0,0,0,0,0,data/videos/train/47. Red/MVI_3719.MOV,0,
Colours/47. Red/MVI_4017.MOV,47. Red,train,Colours_1of2.zip,https://zenodo.org/api/records/4010759/files/Colours_1of2.zip/content,pending,0,0,0,0,0,data/videos/train/47. Red/MVI_4017.MOV,0,
Colours/47. Red/MVI_5038.MOV,47. Red,train,Colours_1of2.zip,https://zenodo.org/api/records/4010759/files/Colours_1of2.zip/content,pending,0,0,0,0,0,data/videos/train/47. Red/MVI_5038.MOV,0,
Colours/47. Red/MVI_4899.MOV,47. Red,val,Colours_1of2.zip,https://zenodo.org/api/records/4010759/files/Colours_1of2.zip/content,pending,0,0,0,0,0,data/videos/val/47. Red/MVI_4899.MOV,0,
Colours/47. Red/MVI_4898.MOV,47. Red,val,Colours_1of2.zip,https://zenodo.org/api/records/4010759/files/Colours_1of2.zip/content,pending,0,0,0,0,0,data/videos/val/47. Red/MVI_4898.MOV,0,
Colours/47. Red/MVI_5184.MOV,47. Red,val,Colours_1of2.zip,https://zenodo.org/api/records/4010759/files/Colours_1of2.zip/content,pending,0,0,0,0,0,data/videos/val/47. Red/MVI_5184.MOV,0,
Greetings/48. Hello/MVI_0090.MOV,48. Hello,train,Greetings_1of2.zip,https://zenodo.org/api/records/4010759/files/Greetings_1of2.zip/content,pending,0,0,0,0,0,data/videos/train/48. Hello/MVI_0090.MOV,0,
Greetings/48. Hello/MVI_0091.MOV,48. Hello,train,Greetings_1of2.zip,https://zenodo.org/api/records/4010759/files/Greetings_1of2.zip/content,pending,0,0,0,0,0,data/videos/train/48. Hello/MVI_0091.MOV,0,
Greetings/48. Hello/MVI_0029.MOV,48. Hello,train,Greetings_1of2.zip,https://zenodo.org/api/records/4010759/files/Greetings_1of2.zip/content,pending,0,0,0,0,0,data/videos/train/48. Hello/MVI_0029.MOV,0,
Greetings/48. Hello/MVI_9983.MOV,48. Hello,train,Greetings_1of2.zip,https://zenodo.org/api/records/4010759/files/Greetings_1of2.zip/content,pending,0,0,0,0,0,data/videos/train/48. Hello/MVI_9983.MOV,0,
Greetings/48. Hello/MVI_9984.MOV,48. Hello,train,Greetings_1of2.zip,https://zenodo.org/api/records/4010759/files/Greetings_1of2.zip/content,pending,0,0,0,0,0,data/videos/train/48. Hello/MVI_9984.MOV,0,
Greetings/48. Hello/MVI_0037.MOV,48. Hello,train,Greetings_1of2.zip,https://zenodo.org/api/records/4010759/files/Greetings_1of2.zip/content,pending,0,0,0,0,0,data/videos/train/48. Hello/MVI_0037.MOV,0,
Greetings/48. Hello/MVI_9956.MOV,48. Hello,train,Greetings_1of2.zip,https://zenodo.org/api/records/4010759/files/Greetings_1of2.zip/content,pending,0,0,0,0,0,data/videos/train/48. Hello/MVI_9956.MOV,0,
Greetings/48. Hello/MVI_0032.MOV,48. Hello,train,Greetings_1of2.zip,https://zenodo.org/api/records/4010759/files/Greetings_1of2.zip/content,pending,0,0,0,0,0,data/videos/train/48. Hello/MVI_0032.MOV,0,
Greetings/48. Hello/MVI_9915.MOV,48. Hello,train,Greetings_1of2.zip,https://zenodo.org/api/records/4010759/files/Greetings_1of2.zip/content,pending,0,0,0,0,0,data/videos/train/48. Hello/MVI_9915.MOV,0,
Greetings/48. Hello/MVI_0030.MOV,48. Hello,train,Greetings_1of2.zip,https://zenodo.org/api/records/4010759/files/Greetings_1of2.zip/content,pending,0,0,0,0,0,data/videos/train/48. Hello/MVI_0030.MOV,0,
Greetings/48. Hello/MVI_0031.MOV,48. Hello,val,Greetings_1of2.zip,https://zenodo.org/api/records/4010759/files/Greetings_1of2.zip/content,pending,0,0,0,0,0,data/videos/val/48. Hello/MVI_0031.MOV,0,
Greetings/48. Hello/MVI_0038.MOV,48. Hello,val,Greetings_1of2.zip,https://zenodo.org/api/records/4010759/files/Greetings_1of2.zip/content,pending,0,0,0,0,0,data/videos/val/48. Hello/MVI_0038.MOV,0,
Greetings/48. Hello/MVI_9916.MOV,48. Hello,val,Greetings_1of2.zip,https://zenodo.org/api/records/4010759/files/Greetings_1of2.zip/content,pending,0,0,0,0,0,data/videos/val/48. Hello/MVI_9916.MOV,0,
Animals/5. Cow/MVI_3047.MOV,5. Cow,train,Animals_1of2.zip,https://zenodo.org/api/records/4010759/files/Animals_1of2.zip/content,pending,0,0,0,0,0,data/videos/train/5. Cow/MVI_3047.MOV,0,
Animals/5. Cow/MVI_3097.MOV,5. Cow,train,Animals_1of2.zip,https://zenodo.org/api/records/4010759/files/Animals_1of2.zip/content,pending,0,0,0,0,0,data/videos/train/5. Cow/MVI_3097.MOV,0,
Animals/5. Cow/MVI_8569.MP4,5. Cow,train,Animals_1of2.zip,https://zenodo.org/api/records/4010759/files/Animals_1of2.zip/content,pending,0,0,0,0,0,data/videos/train/5. Cow/MVI_8569.MP4,0,
Animals/5. Cow/MVI_2992.MOV,5. Cow,train,Animals_1of2.zip,https://zenodo.org/api/records/4010759/files/Animals_1of2.zip/content,pending,0,0,0,0,0,data/videos/train/5. Cow/MVI_2992.MOV,0,
Animals/5. Cow/MVI_3074.MOV,5. Cow,train,Animals_1of2.zip,https://zenodo.org/api/records/4010759/files/Animals_1of2.zip/content,pending,0,0,0,0,0,data/videos/train/5. Cow/MVI_3074.MOV,0,
Animals/5. Cow/MVI_3048.MOV,5. Cow,train,Animals_1of2.zip,https://zenodo.org/api/records/4010759/files/Animals_1of2.zip/content,pending,0,0,0,0,0,data/videos/train/5. Cow/MVI_3048.MOV,0,
Animals/5. Cow/MVI_4160.MOV,5. Cow,train,Animals_1of2.zip,https://zenodo.org/api/records/4010759/files/Animals_1of2.zip/content,pending,0,0,0,0,0,data/videos/train/5. Cow/MVI_4160.MOV,0,
Animals/5. Cow/MVI_3049.MOV,5. Cow,train,Animals_1of2.zip,https://zenodo.org/api/records/4010759/files/Animals_1of2.zip/content,pending,0,0,0,0,0,data/videos/train/5. Cow/MVI_3049.MOV,0,
Animals/5. Cow/MVI_3046.MOV,5. Cow,train,Animals_1of2.zip,https://zenodo.org/api/records/4010759/files/Animals_1of2.zip/content,pending,0,0,0,0,0,data/videos/train/5. Cow/MVI_3046.MOV,0,
Animals/5. Cow/MVI_3073.MOV,5. Cow,train,Animals_1of2.zip,https://zenodo.org/api/records/4010759/files/Animals_1of2.zip/content,pending,0,0,0,0,0,data/videos/train/5. Cow/MVI_3073.MOV,0,
Animals/5. Cow/MVI_2990.MOV,5. Cow,val,Animals_1of2.zip,https://zenodo.org/api/records/4010759/files/Animals_1of2.zip/content,pending,0,0,0,0,0,data/videos/val/5. Cow/MVI_2990.MOV,0,
Animals/5. Cow/MVI_3075.MOV,5. Cow,val,Animals_1of2.zip,https://zenodo.org/api/records/4010759/files/Animals_1of2.zip/content,pending,0,0,0,0,0,data/videos/val/5. Cow/MVI_3075.MOV,0,
Animals/5. Cow/MVI_3016.MOV,5. Cow,val,Animals_1of2.zip,https://zenodo.org/api/records/4010759/files/Animals_1of2.zip/content,pending,0,0,0,0,0,data/videos/val/5. Cow/MVI_3016.MOV,0,
Greetings/51. Good Morning/MVI_9932.MOV,51. Good Morning,train,Greetings_1of2.zip,https://zenodo.org/api/records/4010759/files/Greetings_1of2.zip/content,pending,0,0,0,0,0,data/videos/train/51. Good Morning/MVI_9932.MOV,0,
Greetings/51. Good Morning/MVI_9970.MOV,51. Good Morning,train,Greetings_1of2.zip,https://zenodo.org/api/records/4010759/files/Greetings_1of2.zip/content,pending,0,0,0,0,0,data/videos/train/51. Good Morning/MVI_9970.MOV,0,
Greetings/51. Good Morning/MVI_9991.MOV,51. Good Morning,train,Greetings_1of2.zip,https://zenodo.org/api/records/4010759/files/Greetings_1of2.zip/content,pending,0,0,0,0,0,data/videos/train/51. Good Morning/MVI_9991.MOV,0,
Greetings/51. Good Morning/MVI_9933.MOV,51. Good Morning,train,Greetings_1of2.zip,https://zenodo.org/api/records/4010759/files/Greetings_1of2.zip/content,pending,0,0,0,0,0,data/videos/train/51. Good Morning/MVI_9933.MOV,0,
Greetings/51. Good Morning/MVI_9935.MOV,51. Good Morning,train,Greetings_1of2.zip,https://zenodo.org/api/records/4010759/files/Greetings_1of2.zip/content,pending,0,0,0,0,0,data/videos/train/51. Good Morning/MVI_9935.MOV,0,
Greetings/51. Good Morning/MVI_9971.MOV,51. Good Morning,train,Greetings_1of2.zip,https://zenodo.org/api/records/4010759/files/Greetings_1of2.zip/content,pending,0,0,0,0,0,data/videos/train/51. Good Morning/MVI_9971.MOV,0,
Greetings/51. Good Morning/MVI_0048.MOV,51. Good Morning,train,Greetings_1of2.zip,https://zenodo.org/api/records/4010759/files/Greetings_1of2.zip/content,pending,0,0,0,0,0,data/videos/train/51. Good Morning/MVI_0048.MOV,0,
Greetings/51. Good Morning/MVI_9934.MOV,51. Good Morning,train,Greetings_1of2.zip,https://zenodo.org/api/records/4010759/files/Greetings_1of2.zip/content,pending,0,0,0,0,0,data/videos/train/51. Good Morning/MVI_9934.MOV,0,
Greetings/51. Good Morning/MVI_9992.MOV,51. Good Morning,train,Greetings_1of2.zip,https://zenodo.org/api/records/4010759/files/Greetings_1of2.zip/content,pending,0,0,0,0,0,data/videos/train/51. Good Morning/MVI_9992.MOV,0,
Greetings/51. Good Morning/MVI_9993.MOV,51. Good Morning,train,Greetings_1of2.zip,https://zenodo.org/api/records/4010759/files/Greetings_1of2.zip/content,pending,0,0,0,0,0,data/videos/train/51. Good Morning/MVI_9993.MOV,0,
Greetings/51. Good Morning/MVI_9968.MOV,51. Good Morning,val,Greetings_1of2.zip,https://zenodo.org/api/records/4010759/files/Greetings_1of2.zip/content,pending,0,0,0,0,0,data/videos/val/51. Good Morning/MVI_9968.MOV,0,
Greetings/51. Good Morning/MVI_0100.MOV,51. Good Morning,val,Greetings_1of2.zip,https://zenodo.org/api/records/4010759/files/Greetings_1of2.zip/content,pending,0,0,0,0,0,data/videos/val/51. Good Morning/MVI_0100.MOV,0,
Greetings/51. Good Morning/MVI_9969.MOV,51. Good Morning,val,Greetings_1of2.zip,https://zenodo.org/api/records/4010759/files/Greetings_1of2.zip/content,pending,0,0,0,0,0,data/videos/val/51. Good Morning/MVI_9969.MOV,0,
Electronics/53. Fan/MVI_4965.MOV,53. Fan,train,Electronics_1of2.zip,https://zenodo.org/api/records/4010759/files/Electronics_1of2.zip/content,pending,0,0,0,0,0,data/videos/train/53. Fan/MVI_4965.MOV,0,
Electronics/53. Fan/MVI_4535.MOV,53. Fan,train,Electronics_1of2.zip,https://zenodo.org/api/records/4010759/files/Electronics_1of2.zip/content,pending,0,0,0,0,0,data/videos/train/53. Fan/MVI_4535.MOV,0,
Electronics/53. Fan/MVI_9099.MP4,53. Fan,train,Electronics_1of2.zip,https://zenodo.org/api/records/4010759/files/Electronics_1of2.zip/content,pending,0,0,0,0,0,data/videos/train/53. Fan/MVI_9099.MP4,0,
Electronics/53. Fan/MVI_5388.MOV,53. Fan,train,Electronics_1of2.zip,https://zenodo.org/api/records/4010759/files/Electronics_1of2.zip/content,pending,0,0,0,0,0,data/videos/train/53. Fan/MVI_5388.MOV,0,
Electronics/53. Fan/MVI_9098.MP4,53. Fan,train,Electronics_1of2.zip,https://zenodo.org/api/records/4010759/files/Electronics_1of2.zip/content,pending,0,0,0,0,0,data/videos/train/53. Fan/MVI_9098.MP4,0,
Electronics/53. Fan/MVI_4536.MOV,53. Fan,train,Electronics_1of2.zip,https://zenodo.org/api/records/4010759/files/Electronics_1of2.zip/content,pending,0,0,0,0,0,data/videos/train/53. Fan/MVI_4536.MOV,0,
Electronics/53. Fan/MVI_4533.MOV,53. Fan,train,Electronics_1of2.zip,https://zenodo.org/api/records/4010759/files/Electronics_1of2.zip/content,pending,0,0,0,0,0,data/videos/train/53. Fan/MVI_4533.MOV,0,
Electronics/53. Fan/MVI_4534.MOV,53. Fan,train,Electronics_1of2.zip,https://zenodo.org/api/records/4010759/files/Electronics_1of2.zip/content,pending,0,0,0,0,0,data/videos/train/53. Fan/MVI_4534.MOV,0,
Electronics/53. Fan/MVI_5387.MOV,53. Fan,train,Electronics_1of2.zip,https://zenodo.org/api/records/4010759/files/Electronics_1of2.zip/content,pending,0,0,0,0,0,data/videos/train/53. Fan/MVI_5387.MOV,0,
Electronics/53. Fan/MVI_4532.MOV,53. Fan,train,Electronics_1of2.zip,https://zenodo.org/api/records/4010759/files/Electronics_1of2.zip/content,pending,0,0,0,0,0,data/videos/train/53. Fan/MVI_4532.MOV,0,
Electronics/53. Fan/MVI_5390.MOV,53. Fan,val,Electronics_1of2.zip,https://zenodo.org/api/records/4010759/files/Electronics_1of2.zip/content,pending,0,0,0,0,0,data/videos/val/53. Fan/MVI_5390.MOV,0,
Electronics/53. Fan/MVI_5389.MOV,53. Fan,val,Electronics_1of2.zip,https://zenodo.org/api/records/4010759/files/Electronics_1of2.zip/content,pending,0,0,0,0,0,data/videos/val/53. Fan/MVI_5389.MOV,0,
Electronics/53. Fan/MVI_9097.MP4,53. Fan,val,Electronics_1of2.zip,https://zenodo.org/api/records/4010759/files/Electronics_1of2.zip/content,pending,0,0,0,0,0,data/videos/val/53. Fan/MVI_9097.MP4,0,
Colours/54. Black/MVI_5206.MOV,54. Black,train,Colours_2of2.zip,https://zenodo.org/api/records/4010759/files/Colours_2of2.zip/content,pending,0,0,0,0,0,data/videos/train/54. Black/MVI_5206.MOV,0,
Colours/54. Black/MVI_4215.MOV,54. Black,train,Colours_2of2.zip,https://zenodo.org/api/records/4010759/files/Colours_2of2.zip/content,pending,0,0,0,0,0,data/videos/train/54. Black/MVI_4215.MOV,0,
Colours/54. Black/MVI_8619.MP4,54. Black,train,Colours_2of2.zip,https://zenodo.org/api/records/4010759/files/Colours_2of2.zip/content,pending,0,0,0,0,0,data/videos/train/54. Black/MVI_8619.MP4,0,
Colours/54. Black/MVI_4040.MOV,54. Black,train,Colours_2of2.zip,https://zenodo.org/api/records/4010759/files/Colours_2of2.zip/content,pending,0,0,0,0,0,data/videos/train/54. Black/MVI_4040.MOV,0,
Colours/54. Black/MVI_3741.MOV,54. Black,train,Colours_2of2.zip,https://zenodo.org/api/records/4010759/files/Colours_2of2.zip/content,pending,0,0,0,0,0,data/videos/train/54. Black/MVI_3741.MOV,0,
Colours/54. Black/MVI_5207.MOV,54. Black,train,Colours_2of2.zip,https://zenodo.org/api/records/4010759/files/Colours_2of2.zip/content,pending,0,0,0,0,0,data/videos/train/54. Black/MVI_5207.MOV,0,
Colours/54. Black/MVI_4919.MOV,54. Black,train,Colours_2of2.zip,https://zenodo.org/api/records/4010759/files/Colours_2of2.zip/content,pending,0,0,0,0,0,data/videos/train/54. Black/MVI_4919.MOV,0,
Colours/54. Black/MVI_4918.MOV,54. Black,train,Colours_2of2.zip,https://zenodo.org/api/records/4010759/files/Colours_2of2.zip/content,pending,0,0,0,0,0,data/videos/train/54. Black/MVI_4918.MOV,0,
Colours/54. Black/MVI_3740.MOV,54. Black,train,Colours_2of2.zip,https://zenodo.org/api/records/4010759/files/Colours_2of2.zip/content,pending,0,0,0,0,0,data/videos/train/54. Black/MVI_3740.MOV,0,
Colours/54. Black/MVI_3742.MOV,54. Black,train,Colours_2of2.zip,https://zenodo.org/api/records/4010759/files/Colours_2of2.zip/content,pending,0,0,0,0,0,data/videos/train/54. Black/MVI_3742.MOV,0,
Colours/54. Black/MVI_5059.MOV,54. Black,val,Colours_2of2.zip,https://zenodo.org/api/records/4010759/files/Colours_2of2.zip/content,pending,0,0,0,0,0,data/videos/val/54. Black/MVI_5059.MOV,0,
Colours/54. Black/MVI_3887.MOV,54. Black,val,Colours_2of2.zip,https://zenodo.org/api/records/4010759/files/Colours_2of2.zip/content,pending,0,0,0,0,0,data/videos/val/54. Black/MVI_3887.MOV,0,
Colours/54. Black/MVI_4041.MOV,54. Black,val,Colours_2of2.zip,https://zenodo.org/api/records/4010759/files/Colours_2of2.zip/content,pending,0,0,0,0,0,data/videos/val/54. Black/MVI_4041.MOV,0,
Electronics/54. Cell phone/MVI_5393.MOV,54. Cell phone,train,Electronics_1of2.zip,https://zenodo.org/api/records/4010759/files/Electronics_1of2.zip/content,pending,0,0,0,0,0,data/videos/train/54. Cell phone/MVI_5393.MOV,0,
Electronics/54. Cell phone/MVI_4967.MOV,54. Cell phone,train,Electronics_1of2.zip,https://zenodo.org/api/records/4010759/files/Electronics_1of2.zip/content,pending,0,0,0,0,0,data/videos/train/54. Cell phone/MVI_4967.MOV,0,
Electronics/54. Cell phone/MVI_4540.MOV,54. Cell phone,train,Electronics_1of2.zip,https://zenodo.org/api/records/4010759/files/Electronics_1of2.zip/content,pending,0,0,0,0,0,data/videos/train/54. Cell phone/MVI_4540.MOV,0,
Electronics/54. Cell phone/MVI_9100.MP4,54. Cell phone,train,Electronics_1of2.zip,https://zenodo.org/api/records/4010759/files/Electronics_1of2.zip/content,pending,0,0,0,0,0,data/videos/train/54. Cell phone/MVI_9100.MP4,0,
Electronics/54. Cell phone/MVI_9102.MP4,54. Cell phone,train,Electronics_1of2.zip,https://zenodo.org/api/records/4010759/files/Electronics_1of2.zip/content,pending,0,0,0,0,0,data/videos/train/54. Cell phone/MVI_9102.MP4,0,
Electronics/54. Cell phone/MVI_5392.MOV,54. Cell phone,train,Electronics_1of2.zip,https://zenodo.org/api/records/4010759/files/Electronics_1of2.zip/content,pending,0,0,0,0,0,data/videos/train/54. Cell phone/MVI_5392.MOV,0,
Electronics/54. Cell phone/MVI_4538.MOV,54. Cell phone,train,Electronics_1of2.zip,https://zenodo.org/api/records/4010759/files/Electronics_1of2.zip/content,pending,0,0,0,0,0,data/videos/train/54. Cell phone/MVI_4538.MOV,0,
Electronics/54. Cell phone/MVI_4969.MOV,54. Cell phone,train,Electronics_1of2.zip,https://zenodo.org/api/records/4010759/files/Electronics_1of2.zip/content,pending,0,0,0,0,0,data/videos/train/54. Cell phone/MVI_4969.MOV,0,
Electronics/54. Cell phone/MVI_5391.MOV,54. Cell phone,train,Electronics_1of2.zip,https://zenodo.org/api/records/4010759/files/Electronics_1of2.zip/content,pending,0,0,0,0,0,data/videos/train/54. Cell phone/MVI_5391.MOV,0,
Electronics/54. Cell phone/MVI_4968.MOV,54. Cell phone,train,Electronics_1of2.zip,https://zenodo.org/api/records/4010759/files/Electronics_1of2.zip/content,pending,0,0,0,0,0,data/videos/train/54. Cell phone/MVI_4968.MOV,0,
Electronics/54. Cell phone/MVI_4537.MOV,54. Cell phone,val,Electronics_1of2.zip,https://zenodo.org/api/records/4010759/files/Electronics_1of2.zip/content,pending,0,0,0,0,0,data/videos/val/54. Cell phone/MVI_4537.MOV,0,
Electronics/54. Cell phone/MVI_9101.MP4,54. Cell phone,val,Electronics_1of2.zip,https://zenodo.org/api/records/4010759/files/Electronics_1of2.zip/content,pending,0,0,0,0,0,data/videos/val/54. Cell phone/MVI_9101.MP4,0,
Electronics/54. Cell phone/MVI_4539.MOV,54. Cell phone,val,Electronics_1of2.zip,https://zenodo.org/api/records/4010759/files/Electronics_1of2.zip/content,pending,0,0,0,0,0,data/videos/val/54. Cell phone/MVI_4539.MOV,0,
Greetings/55. Thank you/MVI_0111.MOV,55. Thank you,train,Greetings_2of2.zip,https://zenodo.org/api/records/4010759/files/Greetings_2of2.zip/content,pending,0,0,0,0,0,data/videos/train/55. Thank you/MVI_0111.MOV,0,
Greetings/55. Thank you/MVI_9987.MOV,55. Thank you,train,Greetings_2of2.zip,https://zenodo.org/api/records/4010759/files/Greetings_2of2.zip/content,pending,0,0,0,0,0,data/videos/train/55. Thank you/MVI_9987.MOV,0,
Greetings/55. Thank you/MVI_0006.MOV,55. Thank you,train,Greetings_2of2.zip,https://zenodo.org/api/records/4010759/files/Greetings_2of2.zip/content,pending,0,0,0,0,0,data/videos/train/55. Thank you/MVI_0006.MOV,0,
Greetings/55. Thank you/MVI_9985.MOV,55. Thank you,train,Greetings_2of2.zip,https://zenodo.org/api/records/4010759/files/Greetings_2of2.zip/content,pending,0,0,0,0,0,data/videos/train/55. Thank you/MVI_9985.MOV,0,
Greetings/55. Thank you/MVI_0060.MOV,55. Thank you,train,Greetings_2of2.zip,https://zenodo.org/api/records/4010759/files/Greetings_2of2.zip/content,pending,0,0,0,0,0,data/videos/train/55. Thank you/MVI_0060.MOV,0,
Greetings/55. Thank you/MVI_0063.MOV,55. Thank you,train,Greetings_2of2.zip,https://zenodo.org/api/records/4010759/files/Greetings_2of2.zip/content,pending,0,0,0,0,0,data/videos/train/55. Thank you/MVI_0063.MOV,0,
Greetings/55. Thank you/MVI_0007.MOV,55. Thank you,train,Greetings_2of2.zip,https://zenodo.org/api/records/4010759/files/Greetings_2of2.zip/content,pending,0,0,0,0,0,data/videos/train/55. Thank you/MVI_0007.MOV,0,
Greetings/55. Thank you/MVI_0061.MOV,55. Thank you,train,Greetings_2of2.zip,https://zenodo.org/api/records/4010759/files/Greetings_2of2.zip/content,pending,0,0,0,0,0,data/videos/train/55. Thank you/MVI_0061.MOV,0,
Greetings/55. Thank you/MVI_9948.MOV,55. Thank you,train,Greetings_2of2.zip,https://zenodo.org/api/records/4010759/files/Greetings_2of2.zip/content,pending,0,0,0,0,0,data/videos/train/55. Thank you/MVI_9948.MOV,0,
Greetings/55. Thank you/MVI_0113.MOV,55. Thank you,train,Greetings_2of2.zip,https://zenodo.org/api/records/4010759/files/Greetings_2of2.zip/content,pending,0,0,0,0,0,data/videos/train/55. Thank you/MVI_0113.MOV,0,
Greetings/55. Thank you/MVI_0060_.MOV,55. Thank you,val,Greetings_2of2.zip,https://zenodo.org/api/records/4010759/files/Greetings_2of2.zip/content,pending,0,0,0,0,0,data/videos/val/55. Thank you/MVI_0060_.MOV,0,
Greetings/55. Thank you/MVI_0062.MOV,55. Thank you,val,Greetings_2of2.zip,https://zenodo.org/api/records/4010759/files/Greetings_2of2.zip/content,pending,0,0,0,0,0,data/videos/val/55. Thank you/MVI_0062.MOV,0,
Greetings/55. Thank you/MVI_0058.MOV,55. Thank you,val,Greetings_2of2.zip,https://zenodo.org/api/records/4010759/files/Greetings_2of2.zip/content,pending,0,0,0,0,0,data/videos/val/55. Thank you/MVI_0058.MOV,0,
Colours/55. White/MVI_3891.MOV,55. White,train,Colours_2of2.zip,https://zenodo.org/api/records/4010759/files/Colours_2of2.zip/content,pending,0,0,0,0,0,data/videos/train/55. White/MVI_3891.MOV,0,
Colours/55. White/MVI_5062.MOV,55. White,train,Colours_2of2.zip,https://zenodo.org/api/records/4010759/files/Colours_2of2.zip/content,pending,0,0,0,0,0,data/videos/train/55. White/MVI_5062.MOV,0,
Colours/55. White/MVI_3743.MOV,55. White,train,Colours_2of2.zip,https://zenodo.org/api/records/4010759/files/Colours_2of2.zip/content,pending,0,0,0,0,0,data/videos/train/55. White/MVI_3743.MOV,0,
Colours/55. White/MVI_3890.MOV,55. White,train,Colours_2of2.zip,https://zenodo.org/api/records/4010759/files/Colours_2of2.zip/content,pending,0,0,0,0,0,data/videos/train/55. White/MVI_3890.MOV,0,
Colours/55. White/MVI_4923.MOV,55. White,train,Colours_2of2.zip,https://zenodo.org/api/records/4010759/files/Colours_2of2.zip/content,pending,0,0,0,0,0,data/videos/train/55. White/MVI_4923.MOV,0,
Colours/55. White/MVI_4042.MOV,55. White,train,Colours_2of2.zip,https://zenodo.org/api/records/4010759/files/Colours_2of2.zip/content,pending,0,0,0,0,0,data/videos/train/55. White/MVI_4042.MOV,0,
Colours/55. White/MVI_4044.MOV,55. White,train,Colours_2of2.zip,https://zenodo.org/api/records/4010759/files/Colours_2of2.zip/content,pending,0,0,0,0,0,data/videos/train/55. White/MVI_4044.MOV,0,
Colours/55. White/MVI_4216.MOV,55. White,train,Colours_2of2.zip,https://zenodo.org/api/records/4010759/files/Colours_2of2.zip/content,pending,0,0,0,0,0,data/videos/train/55. White/MVI_4216.MOV,0,
Colours/55. White/MVI_4043.MOV,55. White,train,Colours_2of2.zip,https://zenodo.org/api/records/4010759/files/Colours_2of2.zip/content,pending,0,0,0,0,0,data/videos/train/55. White/MVI_4043.MOV,0,
Colours/55. White/MVI_5209.MOV,55. White,train,Colours_2of2.zip,https://zenodo.org/api/records/4010759/files/Colours_2of2.zip/content,pending,0,0,0,0,0,data/videos/train/55. White/MVI_5209.MOV,0,
Colours/55. White/MVI_4921.MOV,55. White,val,Colours_2of2.zip,https://zenodo.org/api/records/4010759/files/Colours_2of2.zip/content,pending,0,0,0,0,0,data/videos/val/55. White/MVI_4921.MOV,0,
Colours/55. White/MVI_5211.MOV,55. White,val,Colours_2of2.zip,https://zenodo.org/api/records/4010759/files/Colours_2of2.zip/content,pending,0,0,0,0,0,data/videos/val/55. White/MVI_5211.MOV,0,
Colours/55. White/MVI_8620.MP4,55. White,val,Colours_2of2.zip,https://zenodo.org/api/records/4010759/files/Colours_2of2.zip/content,pending,0,0,0,0,0,data/videos/val/55. White/MVI_8620.MP4,0,
People/61. Father/MVI_4940.MOV,61. Father,train,People_1of5.zip,https://zenodo.org/api/records/4010759/files/People_1of5.zip/content,pending,0,0,0,0,0,data/videos/train/61. Father/MVI_4940.MOV,0,
People/61. Father/MVI_4062.MOV,61. Father,train,People_1of5.zip,https://zenodo.org/api/records/4010759/files/People_1of5.zip/content,pending,0,0,0,0,0,data/videos/train/61. Father/MVI_4062.MOV,0,
People/61. Father/MVI_5227.MOV,61. Father,train,People_1of5.zip,https://zenodo.org/api/records/4010759/files/People_1of5.zip/content,pending,0,0,0,0,0,data/videos/train/61. Father/MVI_5227.MOV,0,
People/61. Father/MVI_5229.MOV,61. Father,train,People_1of5.zip,https://zenodo.org/api/records/4010759/files/People_1of5.zip/content,pending,0,0,0,0,0,data/videos/train/61. Father/MVI_5229.MOV,0,
People/61. Father/MVI_3764.MOV,61. Father,train,People_1of5.zip,https://zenodo.org/api/records/4010759/files/People_1of5.zip/content,pending,0,0,0,0,0,data/videos/train/61. Father/MVI_3764.MOV,0,
People/61. Father/MVI_5081.MOV,61. Father,train,People_1of5.zip,https://zenodo.org/api/records/4010759/files/People_1of5.zip/content,pending,0,0,0,0,0,data/videos/train/61. Father/MVI_5081.MOV,0,
People/61. Father/MVI_5082.MOV,61. Father,train,People_1of5.zip,https://zenodo.org/api/records/4010759/files/People_1of5.zip/content,pending,0,0,0,0,0,data/videos/train/61. Father/MVI_5082.MOV,0,
People/61. Father/MVI_4060.MOV,61. Father,train,People_1of5.zip,https://zenodo.org/api/records/4010759/files/People_1of5.zip/content,pending,0,0,0,0,0,data/videos/train/61. Father/MVI_4060.MOV,0,
People/61. Father/MVI_3763.MOV,61. Father,train,People_1of5.zip,https://zenodo.org/api/records/4010759/files/People_1of5.zip/content,pending,0,0,0,0,0,data/videos/train/61. Father/MVI_3763.MOV,0,
People/61. Father/MVI_3765.MOV,61. Father,train,People_1of5.zip,https://zenodo.org/api/records/4010759/files/People_1of5.zip/content,pending,0,0,0,0,0,data/videos/train/61. Father/MVI_3765.MOV,0,
People/61. Father/MVI_4942.MOV,61. Father,val,People_1of5.zip,https://zenodo.org/api/records/4010759/files/People_1of5.zip/content,pending,0,0,0,0,0,data/videos/val/61. Father/MVI_4942.MOV,0,
People/61. Father/MVI_5080.MOV,61. Father,val,People_1of5.zip,https://zenodo.org/api/records/4010759/files/People_1of5.zip/content,pending,0,0,0,0,0,data/videos/val/61. Father/MVI_5080.MOV,0,
People/61. Father/MVI_4061.MOV,61. Father,val,People_1of5.zip,https://zenodo.org/api/records/4010759/files/People_1of5.zip/content,pending,0,0,0,0,0,data/videos/val/61. Father/MVI_4061.MOV,0,
Seasons/61. Summer/MVI_9122.MP4,61. Summer,train,Seasons_1of1.zip,https://zenodo.org/api/records/4010759/files/Seasons_1of1.zip/content,pending,0,0,0,0,0,data/videos/train/61. Summer/MVI_9122.MP4,0,
Seasons/61. Summer/MVI_4992.MOV,61. Summer,train,Seasons_1of1.zip,https://zenodo.org/api/records/4010759/files/Seasons_1of1.zip/content,pending,0,0,0,0,0,data/videos/train/61. Summer/MVI_4992.MOV,0,
Seasons/61. Summer/MVI_5424.MOV,61. Summer,train,Seasons_1of1.zip,https://zenodo.org/api/records/4010759/files/Seasons_1of1.zip/content,pending,0,0,0,0,0,data/videos/train/61. Summer/MVI_5424.MOV,0,
Seasons/61. Summer/MVI_4990.MOV,61. Summer,train,Seasons_1of1.zip,https://zenodo.org/api/records/4010759/files/Seasons_1of1.zip/content,pending,0,0,0,0,0,data/videos/train/61. Summer/MVI_4990.MOV,0,
Seasons/61. Summer/MVI_5421.MOV,61. Summer,train,Seasons_1of1.zip,https://zenodo.org/api/records/4010759/files/Seasons_1of1.zip/content,pending,0,0,0,0,0,data/videos/train/61. Summer/MVI_5421.MOV,0,
Seasons/61. Summer/MVI_5420.MOV,61. Summer,train,Seasons_1of1.zip,https://zenodo.org/api/records/4010759/files/Seasons_1of1.zip/content,pending,0,0,0,0,0,data/videos/train/61. Summer/MVI_5420.MOV,0,
Seasons/61. Summer/MVI_9124.MP4,61. Summer,train,Seasons_1of1.zip,https://zenodo.org/api/records/4010759/files/Seasons_1of1.zip/content,pending,0,0,0,0,0,data/videos/train/61. Summer/MVI_9124.MP4,0,
Seasons/61. Summer/MVI_4568.MOV,61. Summer,train,Seasons_1of1.zip,https://zenodo.org/api/records/4010759/files/Seasons_1of1.zip/content,pending,0,0,0,0,0,data/videos/train/61. Summer/MVI_4568.MOV,0,
Seasons/61. Summer/MVI_4565.MOV,61. Summer,train,Seasons_1of1.zip,https://zenodo.org/api/records/4010759/files/Seasons_1of1.zip/content,pending,0,0,0,0,0,data/videos/train/61. Summer/MVI_4565.MOV,0,
Seasons/61. Summer/MVI_4567.MOV,61. Summer,train,Seasons_1of1.zip,https://zenodo.org/api/records/4010759/files/Seasons_1of1.zip/content,pending,0,0,0,0,0,data/videos/train/61. Summer/MVI_4567.MOV,0,
Seasons/61. Summer/MVI_4991.MOV,61. Summer,val,Seasons_1of1.zip,https://zenodo.org/api/records/4010759/files/Seasons_1of1.zip/content,pending,0,0,0,0,0,data/videos/val/61. Summer/MVI_4991.MOV,0,
Seasons/61. Summer/MVI_9123.MP4,61. Summer,val,Seasons_1of1.zip,https://zenodo.org/api/records/4010759/files/Seasons_1of1.zip/content,pending,0,0,0,0,0,data/videos/val/61. Summer/MVI_9123.MP4,0,
Seasons/61. Summer/MVI_4566.MOV,61. Summer,val,Seasons_1of1.zip,https://zenodo.org/api/records/4010759/files/Seasons_1of1.zip/content,pending,0,0,0,0,0,data/videos/val/61. Summer/MVI_4566.MOV,0,
Seasons/64. Fall/MVI_9134.MP4,64. Fall,train,Seasons_1of1.zip,https://zenodo.org/api/records/4010759/files/Seasons_1of1.zip/content,pending,0,0,0,0,0,data/videos/train/64. Fall/MVI_9134.MP4,0,
Seasons/64. Fall/MVI_5435.MOV,64. Fall,train,Seasons_1of1.zip,https://zenodo.org/api/records/4010759/files/Seasons_1of1.zip/content,pending,0,0,0,0,0,data/videos/train/64. Fall/MVI_5435.MOV,0,
Seasons/64. Fall/MVI_4580.MOV,64. Fall,train,Seasons_1of1.zip,https://zenodo.org/api/records/4010759/files/Seasons_1of1.zip/content,pending,0,0,0,0,0,data/videos/train/64. Fall/MVI_4580.MOV,0,
Seasons/64. Fall/MVI_4578.MOV,64. Fall,train,Seasons_1of1.zip,https://zenodo.org/api/records/4010759/files/Seasons_1of1.zip/content,pending,0,0,0,0,0,data/videos/train/64. Fall/MVI_4578.MOV,0,
Seasons/64. Fall/MVI_4999.MOV,64. Fall,train,Seasons_1of1.zip,https://zenodo.org/api/records/4010759/files/Seasons_1of1.zip/content,pending,0,0,0,0,0,data/videos/train/64. Fall/MVI_4999.MOV,0,
Seasons/64. Fall/MVI_9133.MP4,64. Fall,train,Seasons_1of1.zip,https://zenodo.org/api/records/4010759/files/Seasons_1of1.zip/content,pending,0,0,0,0,0,data/videos/train/64. Fall/MVI_9133.MP4,0,
Seasons/64. Fall/MVI_9135.MP4,64. Fall,train,Seasons_1of1.zip,https://zenodo.org/api/records/4010759/files/Seasons_1of1.zip/content,pending,0,0,0,0,0,data/videos/train/64. Fall/MVI_9135.MP4,0,
Seasons/64. Fall/MVI_5436.MOV,64. Fall,train,Seasons_1of1.zip,https://zenodo.org/api/records/4010759/files/Seasons_1of1.zip/content,pending,0,0,0,0,0,data/videos/train/64. Fall/MVI_5436.MOV,0,
Seasons/64. Fall/MVI_9132.MP4,64. Fall,train,Seasons_1of1.zip,https://zenodo.org/api/records/4010759/files/Seasons_1of1.zip/content,pending,0,0,0,0,0,data/videos/train/64. Fall/MVI_9132.MP4,0,
Seasons/64. Fall/MVI_4577.MOV,64. Fall,train,Seasons_1of1.zip,https://zenodo.org/api/records/4010759/files/Seasons_1of1.zip/content,pending,0,0,0,0,0,data/videos/train/64. Fall/MVI_4577.MOV,0,
Seasons/64. Fall/MVI_5434.MOV,64. Fall,val,Seasons_1of1.zip,https://zenodo.org/api/records/4010759/files/Seasons_1of1.zip/content,pending,0,0,0,0,0,data/videos/val/64. Fall/MVI_5434.MOV,0,
Seasons/64. Fall/MVI_5000.MOV,64. Fall,val,Seasons_1of1.zip,https://zenodo.org/api/records/4010759/files/Seasons_1of1.zip/content,pending,0,0,0,0,0,data/videos/val/64. Fall/MVI_5000.MOV,0,
Seasons/64. Fall/MVI_4579.MOV,64. Fall,val,Seasons_1of1.zip,https://zenodo.org/api/records/4010759/files/Seasons_1of1.zip/content,pending,0,0,0,0,0,data/videos/val/64. Fall/MVI_4579.MOV,0,
People/66. Brother/MVI_8631.MP4,66. Brother,train,People_2of5.zip,https://zenodo.org/api/records/4010759/files/People_2of5.zip/content,pending,0,0,0,0,0,data/videos/train/66. Brother/MVI_8631.MP4,0,
People/66. Brother/MVI_3781.MOV,66. Brother,train,People_2of5.zip,https://zenodo.org/api/records/4010759/files/People_2of5.zip/content,pending,0,0,0,0,0,data/videos/train/66. Brother/MVI_3781.MOV,0,
People/66. Brother/MVI_4956.MOV,66. Brother,train,People_2of5.zip,https://zenodo.org/api/records/4010759/files/People_2of5.zip/content,pending,0,0,0,0,0,data/videos/train/66. Brother/MVI_4956.MOV,0,
People/66. Brother/MVI_4075.MOV,66. Brother,train,People_2of5.zip,https://zenodo.org/api/records/4010759/files/People_2of5.zip/content,pending,0,0,0,0,0,data/videos/train/66. Brother/MVI_4075.MOV,0,
People/66. Brother/MVI_5244.MOV,66. Brother,train,People_2of5.zip,https://zenodo.org/api/records/4010759/files/People_2of5.zip/content,pending,0,0,0,0,0,data/videos/train/66. Brother/MVI_5244.MOV,0,
People/66. Brother/MVI_3929.MOV,66. Brother,train,People_2of5.zip,https://zenodo.org/api/records/4010759/files/People_2of5.zip/content,pending,0,0,0,0,0,data/videos/train/66. Brother/MVI_3929.MOV,0,
People/66. Brother/MVI_3780.MOV,66. Brother,train,People_2of5.zip,https://zenodo.org/api/records/4010759/files/People_2of5.zip/content,pending,0,0,0,0,0,data/videos/train/66. Brother/MVI_3780.MOV,0,
People/66. Brother/MVI_4955.MOV,66. Brother,train,People_2of5.zip,https://zenodo.org/api/records/4010759/files/People_2of5.zip/content,pending,0,0,0,0,0,data/videos/train/66. Brother/MVI_4955.MOV,0,
People/66. Brother/MVI_3927.MOV,66. Brother,train,People_2of5.zip,https://zenodo.org/api/records/4010759/files/People_2of5.zip/content,pending,0,0,0,0,0,data/videos/train/66. Brother/MVI_3927.MOV,0,
People/66. Brother/MVI_4077.MOV,66. Brother,train,People_2of5.zip,https://zenodo.org/api/records/4010759/files/People_2of5.zip/content,pending,0,0,0,0,0,data/videos/train/66. Brother/MVI_4077.MOV,0,
People/66. Brother/MVI_4230.MOV,66. Brother,val,People_2of5.zip,https://zenodo.org/api/records/4010759/files/People_2of5.zip/content,pending,0,0,0,0,0,data/videos/val/66. Brother/MVI_4230.MOV,0,
People/66. Brother/MVI_3928.MOV,66. Brother,val,People_2of5.zip,https://zenodo.org/api/records/4010759/files/People_2of5.zip/content,pending,0,0,0,0,0,data/videos/val/66. Brother/MVI_3928.MOV,0,
People/66. Brother/MVI_3779.MOV,66. Brother,val,People_2of5.zip,https://zenodo.org/api/records/4010759/files/People_2of5.zip/content,pending,0,0,0,0,0,data/videos/val/66. Brother/MVI_3779.MOV,0,
Days_and_Time/67. Monday/MVI_5447.MOV,67. Monday,train,Days_and_Time_1of3.zip,https://zenodo.org/api/records/4010759/files/Days_and_Time_1of3.zip/content,pending,0,0,0,0,0,data/videos/train/67. Monday/MVI_5447.MOV,0,
Days_and_Time/67. Monday/MVI_4592.MOV,67. Monday,train,Days_and_Time_1of3.zip,https://zenodo.org/api/records/4010759/files/Days_and_Time_1of3.zip/content,pending,0,0,0,0,0,data/videos/train/67. Monday/MVI_4592.MOV,0,
Days_and_Time/67. Monday/MVI_5449.MOV,67. Monday,train,Days_and_Time_1of3.zip,https://zenodo.org/api/records/4010759/files/Days_and_Time_1of3.zip/content,pending,0,0,0,0,0,data/videos/train/67. Monday/MVI_5449.MOV,0,
Days_and_Time/67. Monday/MVI_9144.MP4,67. Monday,train,Days_and_Time_1of3.zip,https://zenodo.org/api/records/4010759/files/Days_and_Time_1of3.zip/content,pending,0,0,0,0,0,data/videos/train/67. Monday/MVI_9144.MP4,0,
Days_and_Time/67. Monday/MVI_9142.MP4,67. Monday,train,Days_and_Time_1of3.zip,https://zenodo.org/api/records/4010759/files/Days_and_Time_1of3.zip/content,pending,0,0,0,0,0,data/videos/train/67. Monday/MVI_9142.MP4,0,
Days_and_Time/67. Monday/MVI_5009.MOV,67. Monday,train,Days_and_Time_1of3.zip,https://zenodo.org/api/records/4010759/files/Days_and_Time_1of3.zip/content,pending,0,0,0,0,0,data/videos/train/67. Monday/MVI_5009.MOV,0,
Days_and_Time/67. Monday/MVI_4594.MOV,67. Monday,train,Days_and_Time_1of3.zip,https://zenodo.org/api/records/4010759/files/Days_and_Time_1of3.zip/content,pending,0,0,0,0,0,data/videos/train/67. Monday/MVI_4594.MOV,0,
Days_and_Time/67. Monday/MVI_4593.MOV,67. Monday,train,Days_and_Time_1of3.zip,https://zenodo.org/api/records/4010759/files/Days_and_Time_1of3.zip/content,pending,0,0,0,0,0,data/videos/train/67. Monday/MVI_4593.MOV,0,
Days_and_Time/67. Monday/MVI_5446.MOV,67. Monday,train,Days_and_Time_1of3.zip,https://zenodo.org/api/records/4010759/files/Days_and_Time_1of3.zip/content,pending,0,0,0,0,0,data/videos/train/67. Monday/MVI_5446.MOV,0,
Days_and_Time/67. Monday/MVI_5011.MOV,67. Monday,train,Days_and_Time_1of3.zip,https://zenodo.org/api/records/4010759/files/Days_and_Time_1of3.zip/content,pending,0,0,0,0,0,data/videos/train/67. Monday/MVI_5011.MOV,0,
Days_and_Time/67. Monday/MVI_4591.MOV,67. Monday,val,Days_and_Time_1of3.zip,https://zenodo.org/api/records/4010759/files/Days_and_Time_1of3.zip/content,pending,0,0,0,0,0,data/videos/val/67. Monday/MVI_4591.MOV,0,
Days_and_Time/67. Monday/MVI_5010.MOV,67. Monday,val,Days_and_Time_1of3.zip,https://zenodo.org/api/records/4010759/files/Days_and_Time_1of3.zip/content,pending,0,0,0,0,0,data/videos/val/67. Monday/MVI_5010.MOV,0,
Days_and_Time/67. Monday/MVI_9143.MP4,67. Monday,val,Days_and_Time_1of3.zip,https://zenodo.org/api/records/4010759/files/Days_and_Time_1of3.zip/content,pending,0,0,0,0,0,data/videos/val/67. Monday/MVI_9143.MP4,0,
People/77. Boy/MVI_3814.MOV,77. Boy,train,People_4of5.zip,https://zenodo.org/api/records/4010759/files/People_4of5.zip/content,pending,0,0,0,0,0,data/videos/train/77. Boy/MVI_3814.MOV,0,
People/77. Boy/MVI_4981.MOV,77. Boy,train,People_4of5.zip,https://zenodo.org/api/records/4010759/files/People_4of5.zip/content,pending,0,0,0,0,0,data/videos/train/77. Boy/MVI_4981.MOV,0,
People/77. Boy/MVI_4242.MOV,77. Boy,train,People_4of5.zip,https://zenodo.org/api/records/4010759/files/People_4of5.zip/content,pending,0,0,0,0,0,data/videos/train/77. Boy/MVI_4242.MOV,0,
People/77. Boy/MVI_3816.MOV,77. Boy,train,People_4of5.zip,https://zenodo.org/api/records/4010759/files/People_4of5.zip/content,pending,0,0,0,0,0,data/videos/train/77. Boy/MVI_3816.MOV,0,
People/77. Boy/MVI_4983.MOV,77. Boy,train,People_4of5.zip,https://zenodo.org/api/records/4010759/files/People_4of5.zip/content,pending,0,0,0,0,0,data/videos/train/77. Boy/MVI_4983.MOV,0,
People/77. Boy/MVI_5134.MOV,77. Boy,train,People_4of5.zip,https://zenodo.org/api/records/4010759/files/People_4of5.zip/content,pending,0,0,0,0,0,data/videos/train/77. Boy/MVI_5134.MOV,0,
People/77. Boy/MVI_5285.MOV,77. Boy,train,People_4of5.zip,https://zenodo.org/api/records/4010759/files/People_4of5.zip/content,pending,0,0,0,0,0,data/videos/train/77. Boy/MVI_5285.MOV,0,
People/77. Boy/MVI_4112.MOV,77. Boy,train,People_4of5.zip,https://zenodo.org/api/records/4010759/files/People_4of5.zip/content,pending,0,0,0,0,0,data/videos/train/77. Boy/MVI_4112.MOV,0,
People/77. Boy/MVI_4111.MOV,77. Boy,train,People_4of5.zip,https://zenodo.org/api/records/4010759/files/People_4of5.zip/content,pending,0,0,0,0,0,data/videos/train/77. Boy/MVI_4111.MOV,0,
People/77. Boy/MVI_8644.MP4,77. Boy,train,People_4of5.zip,https://zenodo.org/api/records/4010759/files/People_4of5.zip/content,pending,0,0,0,0,0,data/videos/train/77. Boy/MVI_8644.MP4,0,
People/77. Boy/MVI_5286.MOV,77. Boy,val,People_4of5.zip,https://zenodo.org/api/records/4010759/files/People_4of5.zip/content,pending,0,0,0,0,0,data/videos/val/77. Boy/MVI_5286.MOV,0,
People/77. Boy/MVI_3964.MOV,77. Boy,val,People_4of5.zip,https://zenodo.org/api/records/4010759/files/People_4of5.zip/content,pending,0,0,0,0,0,data/videos/val/77. Boy/MVI_3964.MOV,0,
People/77. Boy/MVI_5287.MOV,77. Boy,val,People_4of5.zip,https://zenodo.org/api/records/4010759/files/People_4of5.zip/content,pending,0,0,0,0,0,data/videos/val/77. Boy/MVI_5287.MOV,0,
People/78. Girl/MVI_4243.MOV,78. Girl,train,People_4of5.zip,https://zenodo.org/api/records/4010759/files/People_4of5.zip/content,pending,0,0,0,0,0,data/videos/train/78. Girl/MVI_4243.MOV,0,
People/78. Girl/MVI_3818.MOV,78. Girl,train,People_4of5.zip,https://zenodo.org/api/records/4010759/files/People_4of5.zip/content,pending,0,0,0,0,0,data/videos/train/78. Girl/MVI_3818.MOV,0,
People/78. Girl/MVI_5135.MOV,78. Girl,train,People_4of5.zip,https://zenodo.org/api/records/4010759/files/People_4of5.zip/content,pending,0,0,0,0,0,data/videos/train/78. Girl/MVI_5135.MOV,0,
People/78. Girl/MVI_3965.MOV,78. Girl,train,People_4of5.zip,https://zenodo.org/api/records/4010759/files/People_4of5.zip/content,pending,0,0,0,0,0,data/videos/train/78. Girl/MVI_3965.MOV,0,
People/78. Girl/MVI_3817.MOV,78. Girl,train,People_4of5.zip,https://zenodo.org/api/records/4010759/files/People_4of5.zip/content,pending,0,0,0,0,0,data/videos/train/78. Girl/MVI_3817.MOV,0,
People/78. Girl/MVI_5137.MOV,78. Girl,train,People_4of5.zip,https://zenodo.org/api/records/4010759/files/People_4of5.zip/content,pending,0,0,0,0,0,data/videos/train/78. Girl/MVI_5137.MOV,0,
People/78. Girl/MVI_4985.MOV,78. Girl,train,People_4of5.zip,https://zenodo.org/api/records/4010759/files/People_4of5.zip/content,pending,0,0,0,0,0,data/videos/train/78. Girl/MVI_4985.MOV,0,
People/78. Girl/MVI_4114.MOV,78. Girl,train,People_4of5.zip,https://zenodo.org/api/records/4010759/files/People_4of5.zip/content,pending,0,0,0,0,0,data/videos/train/78. Girl/MVI_4114.MOV,0,
People/78. Girl/MVI_4984.MOV,78. Girl,train,People_4of5.zip,https://zenodo.org/api/records/4010759/files/People_4of5.zip/content,pending,0,0,0,0,0,data/videos/train/78. Girl/MVI_4984.MOV,0,
People/78. Girl/MVI_8645.MP4,78. Girl,train,People_4of5.zip,https://zenodo.org/api/records/4010759/files/People_4of5.zip/content,pending,0,0,0,0,0,data/videos/train/78. Girl/MVI_8645.MP4,0,
People/78. Girl/MVI_4113.MOV,78. Girl,val,People_4of5.zip,https://zenodo.org/api/records/4010759/files/People_4of5.zip/content,pending,0,0,0,0,0,data/videos/val/78. Girl/MVI_4113.MOV,0,
People/78. Girl/MVI_5136.MOV,78. Girl,val,People_4of5.zip,https://zenodo.org/api/records/4010759/files/People_4of5.zip/content,pending,0,0,0,0,0,data/videos/val/78. Girl/MVI_5136.MOV,0,
People/78. Girl/MVI_5288.MOV,78. Girl,val,People_4of5.zip,https://zenodo.org/api/records/4010759/files/People_4of5.zip/content,pending,0,0,0,0,0,data/videos/val/78. Girl/MVI_5288.MOV,0,
Days_and_Time/78. Year/MVI_4636.MOV,78. Year,train,Days_and_Time_2of3.zip,https://zenodo.org/api/records/4010759/files/Days_and_Time_2of3.zip/content,pending,0,0,0,0,0,data/videos/train/78. Year/MVI_4636.MOV,0,
Days_and_Time/78. Year/MVI_4637.MOV,78. Year,train,Days_and_Time_2of3.zip,https://zenodo.org/api/records/4010759/files/Days_and_Time_2of3.zip/content,pending,0,0,0,0,0,data/videos/train/78. Year/MVI_4637.MOV,0,
Days_and_Time/78. Year/MVI_5491.MOV,78. Year,train,Days_and_Time_2of3.zip,https://zenodo.org/api/records/4010759/files/Days_and_Time_2of3.zip/content,pending,0,0,0,0,0,data/videos/train/78. Year/MVI_5491.MOV,0,
Days_and_Time/78. Year/MVI_9177.MP4,78. Year,train,Days_and_Time_2of3.zip,https://zenodo.org/api/records/4010759/files/Days_and_Time_2of3.zip/content,pending,0,0,0,0,0,data/videos/train/78. Year/MVI_9177.MP4,0,
Days_and_Time/78. Year/MVI_5047.MOV,78. Year,train,Days_and_Time_2of3.zip,https://zenodo.org/api/records/4010759/files/Days_and_Time_2of3.zip/content,pending,0,0,0,0,0,data/videos/train/78. Year/MVI_5047.MOV,0,
Days_and_Time/78. Year/MVI_5494.MOV,78. Year,train,Days_and_Time_2of3.zip,https://zenodo.org/api/records/4010759/files/Days_and_Time_2of3.zip/content,pending,0,0,0,0,0,data/videos/train/78. Year/MVI_5494.MOV,0,
Days_and_Time/78. Year/MVI_5048.MOV,78. Year,train,Days_and_Time_2of3.zip,https://zenodo.org/api/records/4010759/files/Days_and_Time_2of3.zip/content,pending,0,0,0,0,0,data/videos/train/78. Year/MVI_5048.MOV,0,
Days_and_Time/78. Year/MVI_9176.MP4,78. Year,train,Days_and_Time_2of3.zip,https://zenodo.org/api/records/4010759/files/Days_and_Time_2of3.zip/content,pending,0,0,0,0,0,data/videos/train/78. Year/MVI_9176.MP4,0,
Days_and_Time/78. Year/MVI_5049.MOV,78. Year,train,Days_and_Time_2of3.zip,https://zenodo.org/api/records/4010759/files/Days_and_Time_2of3.zip/content,pending,0,0,0,0,0,data/videos/train/78. Year/MVI_5049.MOV,0,
Days_and_Time/78. Year/MVI_9178.MP4,78. Year,train,Days_and_Time_2of3.zip,https://zenodo.org/api/records/4010759/files/Days_and_Time_2of3.zip/content,pending,0,0,0,0,0,data/videos/train/78. Year/MVI_9178.MP4,0,
Days_and_Time/78. Year/MVI_4638.MOV,78. Year,val,Days_and_Time_2of3.zip,https://zenodo.org/api/records/4010759/files/Days_and_Time_2of3.zip/content,pending,0,0,0,0,0,data/videos/val/78. Year/MVI_4638.MOV,0,
Days_and_Time/78. Year/MVI_4635.MOV,78. Year,val,Days_and_Time_2of3.zip,https://zenodo.org/api/records/4010759/files/Days_and_Time_2of3.zip/content,pending,0,0,0,0,0,data/videos/val/78. Year/MVI_4635.MOV,0,
Days_and_Time/78. Year/MVI_5493.MOV,78. Year,val,Days_and_Time_2of3.zip,https://zenodo.org/api/records/4010759/files/Days_and_Time_2of3.zip/content,pending,0,0,0,0,0,data/videos/val/78. Year/MVI_5493.MOV,0,
Adjectives/78. long/MVI_5186.MOV,78. long,train,Adjectives_4of8.zip,https://zenodo.org/api/records/4010759/files/Adjectives_4of8.zip/content,pending,0,0,0,0,0,data/videos/train/78. long/MVI_5186.MOV,0,
Adjectives/78. long/MVI_5268.MOV,78. long,train,Adjectives_4of8.zip,https://zenodo.org/api/records/4010759/files/Adjectives_4of8.zip/content,pending,0,0,0,0,0,data/videos/train/78. long/MVI_5268.MOV,0,
Adjectives/78. long/MVI_9219.MOV,78. long,train,Adjectives_4of8.zip,https://zenodo.org/api/records/4010759/files/Adjectives_4of8.zip/content,pending,0,0,0,0,0,data/videos/train/78. long/MVI_9219.MOV,0,
Adjectives/78. long/MVI_5108.MOV,78. long,train,Adjectives_4of8.zip,https://zenodo.org/api/records/4010759/files/Adjectives_4of8.zip/content,pending,0,0,0,0,0,data/videos/train/78. long/MVI_5108.MOV,0,
Adjectives/78. long/MVI_9378.MOV,78. long,train,Adjectives_4of8.zip,https://zenodo.org/api/records/4010759/files/Adjectives_4of8.zip/content,pending,0,0,0,0,0,data/videos/train/78. long/MVI_9378.MOV,0,
Adjectives/78. long/MVI_5187.MOV,78. long,train,Adjectives_4of8.zip,https://zenodo.org/api/records/4010759/files/Adjectives_4of8.zip/content,pending,0,0,0,0,0,data/videos/train/78. long/MVI_5187.MOV,0,
Adjectives/78. long/MVI_9459.MOV,78. long,train,Adjectives_4of8.zip,https://zenodo.org/api/records/4010759/files/Adjectives_4of8.zip/content,pending,0,0,0,0,0,data/videos/train/78. long/MVI_9459.MOV,0,
Adjectives/78. long/MVI_5188.MOV,78. long,train,Adjectives_4of8.zip,https://zenodo.org/api/records/4010759/files/Adjectives_4of8.zip/content,pending,0,0,0,0,0,data/videos/train/78. long/MVI_5188.MOV,0,
Adjectives/78. long/MVI_5106.MOV,78. long,train,Adjectives_4of8.zip,https://zenodo.org/api/records/4010759/files/Adjectives_4of8.zip/content,pending,0,0,0,0,0,data/videos/train/78. long/MVI_5106.MOV,0,
Adjectives/78. long/MVI_9300.MOV,78. long,train,Adjectives_4of8.zip,https://zenodo.org/api/records/4010759/files/Adjectives_4of8.zip/content,pending,0,0,0,0,0,data/videos/train/78. long/MVI_9300.MOV,0,
Adjectives/78. long/MVI_9458.MOV,78. long,val,Adjectives_4of8.zip,https://zenodo.org/api/records/4010759/files/Adjectives_4of8.zip/content,pending,0,0,0,0,0,data/videos/val/78. long/MVI_9458.MOV,0,
Adjectives/78. long/MVI_5266.MOV,78. long,val,Adjectives_4of8.zip,https://zenodo.org/api/records/4010759/files/Adjectives_4of8.zip/content,pending,0,0,0,0,0,data/videos/val/78. long/MVI_5266.MOV,0,
Adjectives/78. long/MVI_9217.MOV,78. long,val,Adjectives_4of8.zip,https://zenodo.org/api/records/4010759/files/Adjectives_4of8.zip/content,pending,0,0,0,0,0,data/videos/val/78. long/MVI_9217.MOV,0,
Adjectives/79. short/MVI_9380.MOV,79. short,train,Adjectives_4of8.zip,https://zenodo.org/api/records/4010759/files/Adjectives_4of8.zip/content,pending,0,0,0,0,0,data/videos/train/79. short/MVI_9380.MOV,0,
Adjectives/79. short/MVI_5110.MOV,79. short,train,Adjectives_4of8.zip,https://zenodo.org/api/records/4010759/files/Adjectives_4of8.zip/content,pending,0,0,0,0,0,data/videos/train/79. short/MVI_5110.MOV,0,
Adjectives/79. short/MVI_9461.MOV,79. short,train,Adjectives_4of8.zip,https://zenodo.org/api/records/4010759/files/Adjectives_4of8.zip/content,pending,0,0,0,0,0,data/videos/train/79. short/MVI_9461.MOV,0,
Adjectives/79. short/MVI_5270.MOV,79. short,train,Adjectives_4of8.zip,https://zenodo.org/api/records/4010759/files/Adjectives_4of8.zip/content,pending,0,0,0,0,0,data/videos/train/79. short/MVI_5270.MOV,0,
Adjectives/79. short/MVI_5269.MOV,79. short,train,Adjectives_4of8.zip,https://zenodo.org/api/records/4010759/files/Adjectives_4of8.zip/content,pending,0,0,0,0,0,data/videos/train/79. short/MVI_5269.MOV,0,
Adjectives/79. short/MVI_5271.MOV,79. short,train,Adjectives_4of8.zip,https://zenodo.org/api/records/4010759/files/Adjectives_4of8.zip/content,pending,0,0,0,0,0,data/videos/train/79. short/MVI_5271.MOV,0,
Adjectives/79. short/MVI_5112.MOV,79. short,train,Adjectives_4of8.zip,https://zenodo.org/api/records/4010759/files/Adjectives_4of8.zip/content,pending,0,0,0,0,0,data/videos/train/79. short/MVI_5112.MOV,0,
Adjectives/79. short/MVI_9303.MOV,79. short,train,Adjectives_4of8.zip,https://zenodo.org/api/records/4010759/files/Adjectives_4of8.zip/content,pending,0,0,0,0,0,data/videos/train/79. short/MVI_9303.MOV,0,
Adjectives/79. short/MVI_9220.MOV,79. short,train,Adjectives_4of8.zip,https://zenodo.org/api/records/4010759/files/Adjectives_4of8.zip/content,pending,0,0,0,0,0,data/videos/train/79. short/MVI_9220.MOV,0,
Adjectives/79. short/MVI_9462.MOV,79. short,train,Adjectives_4of8.zip,https://zenodo.org/api/records/4010759/files/Adjectives_4of8.zip/content,pending,0,0,0,0,0,data/videos/train/79. short/MVI_9462.MOV,0,
Adjectives/79. short/MVI_9382.MOV,79. short,val,Adjectives_4of8.zip,https://zenodo.org/api/records/4010759/files/Adjectives_4of8.zip/content,pending,0,0,0,0,0,data/videos/val/79. short/MVI_9382.MOV,0,
Adjectives/79. short/MVI_9301.MOV,79. short,val,Adjectives_4of8.zip,https://zenodo.org/api/records/4010759/files/Adjectives_4of8.zip/content,pending,0,0,0,0,0,data/videos/val/79. short/MVI_9301.MOV,0,
Adjectives/79. short/MVI_9222.MOV,79. short,val,Adjectives_4of8.zip,https://zenodo.org/api/records/4010759/files/Adjectives_4of8.zip/content,pending,0,0,0,0,0,data/videos/val/79. short/MVI_9222.MOV,0,
Adjectives/83. big large/MVI_5204.MOV,83. big large,train,Adjectives_5of8.zip,https://zenodo.org/api/records/4010759/files/Adjectives_5of8.zip/content,pending,0,0,0,0,0,data/videos/train/83. big large/MVI_5204.MOV,0,
Adjectives/83. big large/MVI_5123.MOV,83. big large,train,Adjectives_5of8.zip,https://zenodo.org/api/records/4010759/files/Adjectives_5of8.zip/content,pending,0,0,0,0,0,data/videos/train/83. big large/MVI_5123.MOV,0,
Adjectives/83. big large/MVI_9477.MOV,83. big large,train,Adjectives_5of8.zip,https://zenodo.org/api/records/4010759/files/Adjectives_5of8.zip/content,pending,0,0,0,0,0,data/videos/train/83. big large/MVI_9477.MOV,0,
Adjectives/83. big large/MVI_9317.MOV,83. big large,train,Adjectives_5of8.zip,https://zenodo.org/api/records/4010759/files/Adjectives_5of8.zip/content,pending,0,0,0,0,0,data/videos/train/83. big large/MVI_9317.MOV,0,
Adjectives/83. big large/MVI_9233.MOV,83. big large,train,Adjectives_5of8.zip,https://zenodo.org/api/records/4010759/files/Adjectives_5of8.zip/content,pending,0,0,0,0,0,data/videos/train/83. big large/MVI_9233.MOV,0,
Adjectives/83. big large/MVI_9475.MOV,83. big large,train,Adjectives_5of8.zip,https://zenodo.org/api/records/4010759/files/Adjectives_5of8.zip/content,pending,0,0,0,0,0,data/videos/train/83. big large/MVI_9475.MOV,0,
Adjectives/83. big large/MVI_9234.MOV,83. big large,train,Adjectives_5of8.zip,https://zenodo.org/api/records/4010759/files/Adjectives_5of8.zip/content,pending,0,0,0,0,0,data/videos/train/83. big large/MVI_9234.MOV,0,
Adjectives/83. big large/MVI_9235.MOV,83. big large,train,Adjectives_5of8.zip,https://zenodo.org/api/records/4010759/files/Adjectives_5of8.zip/content,pending,0,0,0,0,0,data/videos/train/83. big large/MVI_9235.MOV,0,
Adjectives/83. big large/MVI_5283.MOV,83. big large,train,Adjectives_5of8.zip,https://zenodo.org/api/records/4010759/files/Adjectives_5of8.zip/content,pending,0,0,0,0,0,data/videos/train/83. big large/MVI_5283.MOV,0,
Adjectives/83. big large/MVI_5203.MOV,83. big large,train,Adjectives_5of8.zip,https://zenodo.org/api/records/4010759/files/Adjectives_5of8.zip/content,pending,0,0,0,0,0,data/videos/train/83. big large/MVI_5203.MOV,0,
Adjectives/83. big large/MVI_5284.MOV,83. big large,val,Adjectives_5of8.zip,https://zenodo.org/api/records/4010759/files/Adjectives_5of8.zip/content,pending,0,0,0,0,0,data/videos/val/83. big large/MVI_5284.MOV,0,
Adjectives/83. big large/MVI_5205.MOV,83. big large,val,Adjectives_5of8.zip,https://zenodo.org/api/records/4010759/files/Adjectives_5of8.zip/content,pending,0,0,0,0,0,data/videos/val/83. big large/MVI_5205.MOV,0,
Adjectives/83. big large/MVI_9395.MOV,83. big large,val,Adjectives_5of8.zip,https://zenodo.org/api/records/4010759/files/Adjectives_5of8.zip/content,pending,0,0,0,0,0,data/videos/val/83. big large/MVI_9395.MOV,0,
Jobs/84. Teacher/MVI_4460.MOV,84. Teacher,train,Jobs_1of2.zip,https://zenodo.org/api/records/4010759/files/Jobs_1of2.zip/content,pending,0,0,0,0,0,data/videos/train/84. Teacher/MVI_4460.MOV,0,
Jobs/84. Teacher/MVI_5310.MOV,84. Teacher,train,Jobs_1of2.zip,https://zenodo.org/api/records/4010759/files/Jobs_1of2.zip/content,pending,0,0,0,0,0,data/videos/train/84. Teacher/MVI_5310.MOV,0,
Jobs/84. Teacher/MVI_8866.MP4,84. Teacher,train,Jobs_1of2.zip,https://zenodo.org/api/records/4010759/files/Jobs_1of2.zip/content,pending,0,0,0,0,0,data/videos/train/84. Teacher/MVI_8866.MP4,0,
Jobs/84. Teacher/MVI_5311.MOV,84. Teacher,train,Jobs_1of2.zip,https://zenodo.org/api/records/4010759/files/Jobs_1of2.zip/content,pending,0,0,0,0,0,data/videos/train/84. Teacher/MVI_5311.MOV,0,
Jobs/84. Teacher/MVI_5312.MOV,84. Teacher,train,Jobs_1of2.zip,https://zenodo.org/api/records/4010759/files/Jobs_1of2.zip/content,pending,0,0,0,0,0,data/videos/train/84. Teacher/MVI_5312.MOV,0,
Jobs/84. Teacher/MVI_4459.MOV,84. Teacher,train,Jobs_1of2.zip,https://zenodo.org/api/records/4010759/files/Jobs_1of2.zip/content,pending,0,0,0,0,0,data/videos/train/84. Teacher/MVI_4459.MOV,0,
Jobs/84. Teacher/MVI_4744.MOV,84. Teacher,train,Jobs_1of2.zip,https://zenodo.org/api/records/4010759/files/Jobs_1of2.zip/content,pending,0,0,0,0,0,data/videos/train/84. Teacher/MVI_4744.MOV,0,
Jobs/84. Teacher/MVI_4457.MOV,84. Teacher,train,Jobs_1of2.zip,https://zenodo.org/api/records/4010759/files/Jobs_1of2.zip/content,pending,0,0,0,0,0,data/videos/train/84. Teacher/MVI_4457.MOV,0,
Jobs/84. Teacher/MVI_8865.MP4,84. Teacher,train,Jobs_1of2.zip,https://zenodo.org/api/records/4010759/files/Jobs_1of2.zip/content,pending,0,0,0,0,0,data/videos/train/84. Teacher/MVI_8865.MP4,0,
Jobs/84. Teacher/MVI_4458.MOV,84. Teacher,train,Jobs_1of2.zip,https://zenodo.org/api/records/4010759/files/Jobs_1of2.zip/content,pending,0,0,0,0,0,data/videos/train/84. Teacher/MVI_4458.MOV,0,
Jobs/84. Teacher/MVI_5313.MOV,84. Teacher,val,Jobs_1of2.zip,https://zenodo.org/api/records/4010759/files/Jobs_1of2.zip/content,pending,0,0,0,0,0,data/videos/val/84. Teacher/MVI_5313.MOV,0,
Jobs/84. Teacher/MVI_8864.MP4,84. Teacher,val,Jobs_1of2.zip,https://zenodo.org/api/records/4010759/files/Jobs_1of2.zip/content,pending,0,0,0,0,0,data/videos/val/84. Teacher/MVI_8864.MP4,0,
Jobs/84. Teacher/MVI_4746.MOV,84. Teacher,val,Jobs_1of2.zip,https://zenodo.org/api/records/4010759/files/Jobs_1of2.zip/content,pending,0,0,0,0,0,data/videos/val/84. Teacher/MVI_4746.MOV,0,
Adjectives/84. small little/MVI_9236.MOV,84. small little,train,Adjectives_5of8.zip,https://zenodo.org/api/records/4010759/files/Adjectives_5of8.zip/content,pending,0,0,0,0,0,data/videos/train/84. small little/MVI_9236.MOV,0,
Adjectives/84. small little/MVI_5126.MOV,84. small little,train,Adjectives_5of8.zip,https://zenodo.org/api/records/4010759/files/Adjectives_5of8.zip/content,pending,0,0,0,0,0,data/videos/train/84. small little/MVI_5126.MOV,0,
Adjectives/84. small little/MVI_9400.MOV,84. small little,train,Adjectives_5of8.zip,https://zenodo.org/api/records/4010759/files/Adjectives_5of8.zip/content,pending,0,0,0,0,0,data/videos/train/84. small little/MVI_9400.MOV,0,
Adjectives/84. small little/MVI_5287.MOV,84. small little,train,Adjectives_5of8.zip,https://zenodo.org/api/records/4010759/files/Adjectives_5of8.zip/content,pending,0,0,0,0,0,data/videos/train/84. small little/MVI_5287.MOV,0,
Adjectives/84. small little/MVI_9479.MOV,84. small little,train,Adjectives_5of8.zip,https://zenodo.org/api/records/4010759/files/Adjectives_5of8.zip/content,pending,0,0,0,0,0,data/videos/train/84. small little/MVI_9479.MOV,0,
Adjectives/84. small little/MVI_5127.MOV,84. small little,train,Adjectives_5of8.zip,https://zenodo.org/api/records/4010759/files/Adjectives_5of8.zip/content,pending,0,0,0,0,0,data/videos/train/84. small little/MVI_5127.MOV,0,
Adjectives/84. small little/MVI_5286.MOV,84. small little,train,Adjectives_5of8.zip,https://zenodo.org/api/records/4010759/files/Adjectives_5of8.zip/content,pending,0,0,0,0,0,data/videos/train/84. small little/MVI_5286.MOV,0,
Adjectives/84. small little/MVI_5207.MOV,84. small little,train,Adjectives_5of8.zip,https://zenodo.org/api/records/4010759/files/Adjectives_5of8.zip/content,pending,0,0,0,0,0,data/videos/train/84. small little/MVI_5207.MOV,0,
Adjectives/84. small little/MVI_9320.MOV,84. small little,train,Adjectives_5of8.zip,https://zenodo.org/api/records/4010759/files/Adjectives_5of8.zip/content,pending,0,0,0,0,0,data/videos/train/84. small little/MVI_9320.MOV,0,
Adjectives/84. small little/MVI_5206.MOV,84. small little,train,Adjectives_5of8.zip,https://zenodo.org/api/records/4010759/files/Adjectives_5of8.zip/content,pending,0,0,0,0,0,data/videos/train/84. small little/MVI_5206.MOV,0,
Adjectives/84. small little/MVI_5288.MOV,84. small little,val,Adjectives_5of8.zip,https://zenodo.org/api/records/4010759/files/Adjectives_5of8.zip/content,pending,0,0,0,0,0,data/videos/val/84. small little/MVI_5288.MOV,0,
Adjectives/84. small little/MVI_9321.MOV,84. small little,val,Adjectives_5of8.zip,https://zenodo.org/api/records/4010759/files/Adjectives_5of8.zip/content,pending,0,0,0,0,0,data/videos/val/84. small little/MVI_9321.MOV,0,
Adjectives/84. small little/MVI_9397.MOV,84. small little,val,Adjectives_5of8.zip,https://zenodo.org/api/records/4010759/files/Adjectives_5of8.zip/content,pending,0,0,0,0,0,data/videos/val/84. small little/MVI_9397.MOV,0,
Days_and_Time/86. Time/MVI_9202.MP4,86. Time,train,Days_and_Time_3of3.zip,https://zenodo.org/api/records/4010759/files/Days_and_Time_3of3.zip/content,pending,0,0,0,0,0,data/videos/train/86. Time/MVI_9202.MP4,0,
Days_and_Time/86. Time/MVI_5527.MOV,86. Time,train,Days_and_Time_3of3.zip,https://zenodo.org/api/records/4010759/files/Days_and_Time_3of3.zip/content,pending,0,0,0,0,0,data/videos/train/86. Time/MVI_5527.MOV,0,
Days_and_Time/86. Time/MVI_5524.MOV,86. Time,train,Days_and_Time_3of3.zip,https://zenodo.org/api/records/4010759/files/Days_and_Time_3of3.zip/content,pending,0,0,0,0,0,data/videos/train/86. Time/MVI_5524.MOV,0,
Days_and_Time/86. Time/MVI_5525.MOV,86. Time,train,Days_and_Time_3of3.zip,https://zenodo.org/api/records/4010759/files/Days_and_Time_3of3.zip/content,pending,0,0,0,0,0,data/videos/train/86. Time/MVI_5525.MOV,0,
Days_and_Time/86. Time/MVI_5078.MOV,86. Time,train,Days_and_Time_3of3.zip,https://zenodo.org/api/records/4010759/files/Days_and_Time_3of3.zip/content,pending,0,0,0,0,0,data/videos/train/86. Time/MVI_5078.MOV,0,
Days_and_Time/86. Time/MVI_9203.MP4,86. Time,train,Days_and_Time_3of3.zip,https://zenodo.org/api/records/4010759/files/Days_and_Time_3of3.zip/content,pending,0,0,0,0,0,data/videos/train/86. Time/MVI_9203.MP4,0,
Days_and_Time/86. Time/MVI_5079.MOV,86. Time,train,Days_and_Time_3of3.zip,https://zenodo.org/api/records/4010759/files/Days_and_Time_3of3.zip/content,pending,0,0,0,0,0,data/videos/train/86. Time/MVI_5079.MOV,0,
Days_and_Time/86. Time/MVI_4667.MOV,86. Time,train,Days_and_Time_3of3.zip,https://zenodo.org/api/records/4010759/files/Days_and_Time_3of3.zip/content,pending,0,0,0,0,0,data/videos/train/86. Time/MVI_4667.MOV,0,
Days_and_Time/86. Time/MVI_5077.MOV,86. Time,train,Days_and_Time_3of3.zip,https://zenodo.org/api/records/4010759/files/Days_and_Time_3of3.zip/content,pending,0,0,0,0,0,data/videos/train/86. Time/MVI_5077.MOV,0,
Days_and_Time/86. Time/MVI_4668.MOV,86. Time,train,Days_and_Time_3of3.zip,https://zenodo.org/api/records/4010759/files/Days_and_Time_3of3.zip/content,pending,0,0,0,0,0,data/videos/train/86. Time/MVI_4668.MOV,0,
Days_and_Time/86. Time/MVI_9201.MP4,86. Time,val,Days_and_Time_3of3.zip,https://zenodo.org/api/records/4010759/files/Days_and_Time_3of3.zip/content,pending,0,0,0,0,0,data/videos/val/86. Time/MVI_9201.MP4,0,
Days_and_Time/86. Time/MVI_5526.MOV,86. Time,val,Days_and_Time_3of3.zip,https://zenodo.org/api/records/4010759/files/Days_and_Time_3of3.zip/content,pending,0,0,0,0,0,data/videos/val/86. Time/MVI_5526.MOV,0,
Days_and_Time/86. Time/MVI_4670.MOV,86. Time,val,Days_and_Time_3of3.zip,https://zenodo.org/api/records/4010759/files/Days_and_Time_3of3.zip/content,pending,0,0,0,0,0,data/videos/val/86. Time/MVI_4670.MOV,0,
Adjectives/87. hot/MVI_5136.MOV,87. hot,train,Adjectives_6of8.zip,https://zenodo.org/api/records/4010759/files/Adjectives_6of8.zip/content,pending,0,0,0,0,0,data/videos/train/87. hot/MVI_5136.MOV,0,
Adjectives/87. hot/MVI_9408.MOV,87. hot,train,Adjectives_6of8.zip,https://zenodo.org/api/records/4010759/files/Adjectives_6of8.zip/content,pending,0,0,0,0,0,data/videos/train/87. hot/MVI_9408.MOV,0,
Adjectives/87. hot/MVI_9489.MOV,87. hot,train,Adjectives_6of8.zip,https://zenodo.org/api/records/4010759/files/Adjectives_6of8.zip/content,pending,0,0,0,0,0,data/videos/train/87. hot/MVI_9489.MOV,0,
Adjectives/87. hot/MVI_9409.MOV,87. hot,train,Adjectives_6of8.zip,https://zenodo.org/api/records/4010759/files/Adjectives_6of8.zip/content,pending,0,0,0,0,0,data/videos/train/87. hot/MVI_9409.MOV,0,
Adjectives/87. hot/MVI_9488.MOV,87. hot,train,Adjectives_6of8.zip,https://zenodo.org/api/records/4010759/files/Adjectives_6of8.zip/content,pending,0,0,0,0,0,data/videos/train/87. hot/MVI_9488.MOV,0,
Adjectives/87. hot/MVI_5296.MOV,87. hot,train,Adjectives_6of8.zip,https://zenodo.org/api/records/4010759/files/Adjectives_6of8.zip/content,pending,0,0,0,0,0,data/videos/train/87. hot/MVI_5296.MOV,0,
Adjectives/87. hot/MVI_9330.MOV,87. hot,train,Adjectives_6of8.zip,https://zenodo.org/api/records/4010759/files/Adjectives_6of8.zip/content,pending,0,0,0,0,0,data/videos/train/87. hot/MVI_9330.MOV,0,
Adjectives/87. hot/MVI_5217.MOV,87. hot,train,Adjectives_6of8.zip,https://zenodo.org/api/records/4010759/files/Adjectives_6of8.zip/content,pending,0,0,0,0,0,data/videos/train/87. hot/MVI_5217.MOV,0,
Adjectives/87. hot/MVI_5216.MOV,87. hot,train,Adjectives_6of8.zip,https://zenodo.org/api/records/4010759/files/Adjectives_6of8.zip/content,pending,0,0,0,0,0,data/videos/train/87. hot/MVI_5216.MOV,0,
Adjectives/87. hot/MVI_9487.MOV,87. hot,train,Adjectives_6of8.zip,https://zenodo.org/api/records/4010759/files/Adjectives_6of8.zip/content,pending,0,0,0,0,0,data/videos/train/87. hot/MVI_9487.MOV,0,
Adjectives/87. hot/MVI_9247.MOV,87. hot,val,Adjectives_6of8.zip,https://zenodo.org/api/records/4010759/files/Adjectives_6of8.zip/content,pending,0,0,0,0,0,data/videos/val/87. hot/MVI_9247.MOV,0,
Adjectives/87. hot/MVI_9328.MOV,87. hot,val,Adjectives_6of8.zip,https://zenodo.org/api/records/4010759/files/Adjectives_6of8.zip/content,pending,0,0,0,0,0,data/videos/val/87. hot/MVI_9328.MOV,0,
Adjectives/87. hot/MVI_5218.MOV,87. hot,val,Adjectives_6of8.zip,https://zenodo.org/api/records/4010759/files/Adjectives_6of8.zip/content,pending,0,0,0,0,0,data/videos/val/87. hot/MVI_5218.MOV,0,
Jobs/91. Priest/MVI_5343.MOV,91. Priest,train,Jobs_1of2.zip,https://zenodo.org/api/records/4010759/files/Jobs_1of2.zip/content,pending,0,0,0,0,0,data/videos/train/91. Priest/MVI_5343.MOV,0,
Jobs/91. Priest/MVI_4770.MOV,91. Priest,train,Jobs_1of2.zip,https://zenodo.org/api/records/4010759/files/Jobs_1of2.zip/content,pending,0,0,0,0,0,data/videos/train/91. Priest/MVI_4770.MOV,0,
Jobs/91. Priest/MVI_5345.MOV,91. Priest,train,Jobs_1of2.zip,https://zenodo.org/api/records/4010759/files/Jobs_1of2.zip/content,pending,0,0,0,0,0,data/videos/train/91. Priest/MVI_5345.MOV,0,
Jobs/91. Priest/MVI_4486.MOV,91. Priest,train,Jobs_1of2.zip,https://zenodo.org/api/records/4010759/files/Jobs_1of2.zip/content,pending,0,0,0,0,0,data/videos/train/91. Priest/MVI_4486.MOV,0,
Jobs/91. Priest/MVI_4489.MOV,91. Priest,train,Jobs_1of2.zip,https://zenodo.org/api/records/4010759/files/Jobs_1of2.zip/content,pending,0,0,0,0,0,data/videos/train/91. Priest/MVI_4489.MOV,0,
Jobs/91. Priest/MVI_4490.MOV,91. Priest,train,Jobs_1of2.zip,https://zenodo.org/api/records/4010759/files/Jobs_1of2.zip/content,pending,0,0,0,0,0,data/videos/train/91. Priest/MVI_4490.MOV,0,
Jobs/91. Priest/MVI_8889.MP4,91. Priest,train,Jobs_1of2.zip,https://zenodo.org/api/records/4010759/files/Jobs_1of2.zip/content,pending,0,0,0,0,0,data/videos/train/91. Priest/MVI_8889.MP4,0,
Jobs/91. Priest/MVI_8887.MP4,91. Priest,train,Jobs_1of2.zip,https://zenodo.org/api/records/4010759/files/Jobs_1of2.zip/content,pending,0,0,0,0,0,data/videos/train/91. Priest/MVI_8887.MP4,0,
Jobs/91. Priest/MVI_4772.MOV,91. Priest,train,Jobs_1of2.zip,https://zenodo.org/api/records/4010759/files/Jobs_1of2.zip/content,pending,0,0,0,0,0,data/videos/train/91. Priest/MVI_4772.MOV,0,
Jobs/91. Priest/MVI_4488.MOV,91. Priest,train,Jobs_1of2.zip,https://zenodo.org/api/records/4010759/files/Jobs_1of2.zip/content,pending,0,0,0,0,0,data/videos/train/91. Priest/MVI_4488.MOV,0,
Jobs/91. Priest/MVI_5342.MOV,91. Priest,val,Jobs_1of2.zip,https://zenodo.org/api/records/4010759/files/Jobs_1of2.zip/content,pending,0,0,0,0,0,data/videos/val/91. Priest/MVI_5342.MOV,0,
Jobs/91. Priest/MVI_4771.MOV,91. Priest,val,Jobs_1of2.zip,https://zenodo.org/api/records/4010759/files/Jobs_1of2.zip/content,pending,0,0,0,0,0,data/videos/val/91. Priest/MVI_4771.MOV,0,
Jobs/91. Priest/MVI_5344.MOV,91. Priest,val,Jobs_1of2.zip,https://zenodo.org/api/records/4010759/files/Jobs_1of2.zip/content,pending,0,0,0,0,0,data/videos/val/91. Priest/MVI_5344.MOV,0,
Adjectives/91. new/MVI_9502.MOV,91. new,train,Adjectives_6of8.zip,https://zenodo.org/api/records/4010759/files/Adjectives_6of8.zip/content,pending,0,0,0,0,0,data/videos/train/91. new/MVI_9502.MOV,0,
Adjectives/91. new/MVI_5229.MOV,91. new,train,Adjectives_6of8.zip,https://zenodo.org/api/records/4010759/files/Adjectives_6of8.zip/content,pending,0,0,0,0,0,data/videos/train/91. new/MVI_5229.MOV,0,
Adjectives/91. new/MVI_5308.MOV,91. new,train,Adjectives_6of8.zip,https://zenodo.org/api/records/4010759/files/Adjectives_6of8.zip/content,pending,0,0,0,0,0,data/videos/train/91. new/MVI_5308.MOV,0,
Adjectives/91. new/MVI_9421.MOV,91. new,train,Adjectives_6of8.zip,https://zenodo.org/api/records/4010759/files/Adjectives_6of8.zip/content,pending,0,0,0,0,0,data/videos/train/91. new/MVI_9421.MOV,0,
Adjectives/91. new/MVI_9341.MOV,91. new,train,Adjectives_6of8.zip,https://zenodo.org/api/records/4010759/files/Adjectives_6of8.zip/content,pending,0,0,0,0,0,data/videos/train/91. new/MVI_9341.MOV,0,
Adjectives/91. new/MVI_5230.MOV,91. new,train,Adjectives_6of8.zip,https://zenodo.org/api/records/4010759/files/Adjectives_6of8.zip/content,pending,0,0,0,0,0,data/videos/train/91. new/MVI_5230.MOV,0,
Adjectives/91. new/MVI_9500.MOV,91. new,train,Adjectives_6of8.zip,https://zenodo.org/api/records/4010759/files/Adjectives_6of8.zip/content,pending,0,0,0,0,0,data/videos/train/91. new/MVI_9500.MOV,0,
Adjectives/91. new/MVI_5151.MOV,91. new,train,Adjectives_6of8.zip,https://zenodo.org/api/records/4010759/files/Adjectives_6of8.zip/content,pending,0,0,0,0,0,data/videos/train/91. new/MVI_5151.MOV,0,
Adjectives/91. new/MVI_9340.MOV,91. new,train,Adjectives_6of8.zip,https://zenodo.org/api/records/4010759/files/Adjectives_6of8.zip/content,pending,0,0,0,0,0,data/videos/train/91. new/MVI_9340.MOV,0,
Adjectives/91. new/MVI_5150.MOV,91. new,train,Adjectives_6of8.zip,https://zenodo.org/api/records/4010759/files/Adjectives_6of8.zip/content,pending,0,0,0,0,0,data/videos/train/91. new/MVI_5150.MOV,0,
Adjectives/91. new/MVI_5309.MOV,91. new,val,Adjectives_6of8.zip,https://zenodo.org/api/records/4010759/files/Adjectives_6of8.zip/content,pending,0,0,0,0,0,data/videos/val/91. new/MVI_5309.MOV,0,
Adjectives/91. new/MVI_9342.MOV,91. new,val,Adjectives_6of8.zip,https://zenodo.org/api/records/4010759/files/Adjectives_6of8.zip/content,pending,0,0,0,0,0,data/videos/val/91. new/MVI_9342.MOV,0,
Adjectives/91. new/MVI_9501.MOV,91. new,val,Adjectives_6of8.zip,https://zenodo.org/api/records/4010759/files/Adjectives_6of8.zip/content,pending,0,0,0,0,0,data/videos/val/91. new/MVI_9501.MOV,0,
Adjectives/94. good/MVI_5240.MOV,94. good,train,Adjectives_7of8.zip,https://zenodo.org/api/records/4010759/files/Adjectives_7of8.zip/content,pending,0,0,0,0,0,data/videos/train/94. good/MVI_5240.MOV,0,
Adjectives/94. good/MVI_9511.MOV,94. good,train,Adjectives_7of8.zip,https://zenodo.org/api/records/4010759/files/Adjectives_7of8.zip/content,pending,0,0,0,0,0,data/videos/train/94. good/MVI_9511.MOV,0,
Adjectives/94. good/MVI_9510.MOV,94. good,train,Adjectives_7of8.zip,https://zenodo.org/api/records/4010759/files/Adjectives_7of8.zip/content,pending,0,0,0,0,0,data/videos/train/94. good/MVI_9510.MOV,0,
Adjectives/94. good/MVI_9432.MOV,94. good,train,Adjectives_7of8.zip,https://zenodo.org/api/records/4010759/files/Adjectives_7of8.zip/content,pending,0,0,0,0,0,data/videos/train/94. good/MVI_9432.MOV,0,
Adjectives/94. good/MVI_5318.MOV,94. good,train,Adjectives_7of8.zip,https://zenodo.org/api/records/4010759/files/Adjectives_7of8.zip/content,pending,0,0,0,0,0,data/videos/train/94. good/MVI_5318.MOV,0,
Adjectives/94. good/MVI_9430.MOV,94. good,train,Adjectives_7of8.zip,https://zenodo.org/api/records/4010759/files/Adjectives_7of8.zip/content,pending,0,0,0,0,0,data/videos/train/94. good/MVI_9430.MOV,0,
Adjectives/94. good/MVI_9431.MOV,94. good,train,Adjectives_7of8.zip,https://zenodo.org/api/records/4010759/files/Adjectives_7of8.zip/content,pending,0,0,0,0,0,data/videos/train/94. good/MVI_9431.MOV,0,
Adjectives/94. good/MVI_5160.MOV,94. good,train,Adjectives_7of8.zip,https://zenodo.org/api/records/4010759/files/Adjectives_7of8.zip/content,pending,0,0,0,0,0,data/videos/train/94. good/MVI_5160.MOV,0,
Adjectives/94. good/MVI_9268.MOV,94. good,train,Adjectives_7of8.zip,https://zenodo.org/api/records/4010759/files/Adjectives_7of8.zip/content,pending,0,0,0,0,0,data/videos/train/94. good/MVI_9268.MOV,0,
Adjectives/94. good/MVI_5158.MOV,94. good,train,Adjectives_7of8.zip,https://zenodo.org/api/records/4010759/files/Adjectives_7of8.zip/content,pending,0,0,0,0,0,data/videos/train/94. good/MVI_5158.MOV,0,
Adjectives/94. good/MVI_9349.MOV,94. good,val,Adjectives_7of8.zip,https://zenodo.org/api/records/4010759/files/Adjectives_7of8.zip/content,pending,0,0,0,0,0,data/videos/val/94. good/MVI_9349.MOV,0,
Adjectives/94. good/MVI_5316.MOV,94. good,val,Adjectives_7of8.zip,https://zenodo.org/api/records/4010759/files/Adjectives_7of8.zip/content,pending,0,0,0,0,0,data/videos/val/94. good/MVI_5316.MOV,0,
Adjectives/94. good/MVI_5239.MOV,94. good,val,Adjectives_7of8.zip,https://zenodo.org/api/records/4010759/files/Adjectives_7of8.zip/content,pending,0,0,0,0,0,data/videos/val/94. good/MVI_5239.MOV,0,
Adjectives/97. dry/MVI_5328.MOV,97. dry,train,Adjectives_8of8.zip,https://zenodo.org/api/records/4010759/files/Adjectives_8of8.zip/content,pending,0,0,0,0,0,data/videos/train/97. dry/MVI_5328.MOV,0,
Adjectives/97. dry/MVI_5168.MOV,97. dry,train,Adjectives_8of8.zip,https://zenodo.org/api/records/4010759/files/Adjectives_8of8.zip/content,pending,0,0,0,0,0,data/videos/train/97. dry/MVI_5168.MOV,0,
Adjectives/97. dry/MVI_9278.MOV,97. dry,train,Adjectives_8of8.zip,https://zenodo.org/api/records/4010759/files/Adjectives_8of8.zip/content,pending,0,0,0,0,0,data/videos/train/97. dry/MVI_9278.MOV,0,
Adjectives/97. dry/MVI_9523.MOV,97. dry,train,Adjectives_8of8.zip,https://zenodo.org/api/records/4010759/files/Adjectives_8of8.zip/content,pending,0,0,0,0,0,data/videos/train/97. dry/MVI_9523.MOV,0,
Adjectives/97. dry/MVI_9439.MOV,97. dry,train,Adjectives_8of8.zip,https://zenodo.org/api/records/4010759/files/Adjectives_8of8.zip/content,pending,0,0,0,0,0,data/videos/train/97. dry/MVI_9439.MOV,0,
Adjectives/97. dry/MVI_9360.MOV,97. dry,train,Adjectives_8of8.zip,https://zenodo.org/api/records/4010759/files/Adjectives_8of8.zip/content,pending,0,0,0,0,0,data/videos/train/97. dry/MVI_9360.MOV,0,
Adjectives/97. dry/MVI_9521.MOV,97. dry,train,Adjectives_8of8.zip,https://zenodo.org/api/records/4010759/files/Adjectives_8of8.zip/content,pending,0,0,0,0,0,data/videos/train/97. dry/MVI_9521.MOV,0,
Adjectives/97. dry/MVI_5327.MOV,97. dry,train,Adjectives_8of8.zip,https://zenodo.org/api/records/4010759/files/Adjectives_8of8.zip/content,pending,0,0,0,0,0,data/videos/train/97. dry/MVI_5327.MOV,0,
Adjectives/97. dry/MVI_5249.MOV,97. dry,train,Adjectives_8of8.zip,https://zenodo.org/api/records/4010759/files/Adjectives_8of8.zip/content,pending,0,0,0,0,0,data/videos/train/97. dry/MVI_5249.MOV,0,
Adjectives/97. dry/MVI_9359.MOV,97. dry,train,Adjectives_8of8.zip,https://zenodo.org/api/records/4010759/files/Adjectives_8of8.zip/content,pending,0,0,0,0,0,data/videos/train/97. dry/MVI_9359.MOV,0,
Adjectives/97. dry/MVI_5167.MOV,97. dry,val,Adjectives_8of8.zip,https://zenodo.org/api/records/4010759/files/Adjectives_8of8.zip/content,pending,0,0,0,0,0,data/videos/val/97. dry/MVI_5167.MOV,0,
Adjectives/97. dry/MVI_5326.MOV,97. dry,val,Adjectives_8of8.zip,https://zenodo.org/api/records/4010759/files/Adjectives_8of8.zip/content,pending,0,0,0,0,0,data/videos/val/97. dry/MVI_5326.MOV,0,
Adjectives/97. dry/MVI_9522.MOV,97. dry,val,Adjectives_8of8.zip,https://zenodo.org/api/records/4010759/files/Adjectives_8of8.zip/content,pending,0,0,0,0,0,data/videos/val/97. dry/MVI_9522.MOV,0,
