video_path,archive,archive_url
Adjectives/78. long/MVI_5106.MOV,Adjectives_4of8.zip,https://zenodo.org/api/records/4010759/files/Adjectives_4of8.zip/content
Adjectives/78. long/MVI_5107.MOV,Adjectives_4of8.zip,https://zenodo.org/api/records/4010759/files/Adjectives_4of8.zip/content
Adjectives/78. long/MVI_5108.MOV,Adjectives_4of8.zip,https://zenodo.org/api/records/4010759/files/Adjectives_4of8.zip/content
Adjectives/78. long/MVI_5186.MOV,Adjectives_4of8.zip,https://zenodo.org/api/records/4010759/files/Adjectives_4of8.zip/content
Adjectives/78. long/MVI_5187.MOV,Adjectives_4of8.zip,https://zenodo.org/api/records/4010759/files/Adjectives_4of8.zip/content
Adjectives/78. long/MVI_5188.MOV,Adjectives_4of8.zip,https://zenodo.org/api/records/4010759/files/Adjectives_4of8.zip/content
Adjectives/78. long/MVI_5266.MOV,Adjectives_4of8.zip,https://zenodo.org/api/records/4010759/files/Adjectives_4of8.zip/content
Adjectives/78. long/MVI_5268.MOV,Adjectives_4of8.zip,https://zenodo.org/api/records/4010759/files/Adjectives_4of8.zip/content
Adjectives/78. long/MVI_9217.MOV,Adjectives_4of8.zip,https://zenodo.org/api/records/4010759/files/Adjectives_4of8.zip/content
Adjectives/78. long/MVI_9218.MOV,Adjectives_4of8.zip,https://zenodo.org/api/records/4010759/files/Adjectives_4of8.zip/content
Adjectives/78. long/MVI_9219.MOV,Adjectives_4of8.zip,https://zenodo.org/api/records/4010759/files/Adjectives_4of8.zip/content
Adjectives/78. long/MVI_9298.MOV,Adjectives_4of8.zip,https://zenodo.org/api/records/4010759/files/Adjectives_4of8.zip/content
Adjectives/78. long/MVI_9299.MOV,Adjectives_4of8.zip,https://zenodo.org/api/records/4010759/files/Adjectives_4of8.zip/content
Adjectives/78. long/MVI_9300.MOV,Adjectives_4of8.zip,https://zenodo.org/api/records/4010759/files/Adjectives_4of8.zip/content
Adjectives/78. long/MVI_9377.MOV,Adjectives_4of8.zip,https://zenodo.org/api/records/4010759/files/Adjectives_4of8.zip/content
Adjectives/78. long/MVI_9378.MOV,Adjectives_4of8.zip,https://zenodo.org/api/records/4010759/files/Adjectives_4of8.zip/content
Adjectives/78. long/MVI_9379.MOV,Adjectives_4of8.zip,https://zenodo.org/api/records/4010759/files/Adjectives_4of8.zip/content
Adjectives/78. long/MVI_9458.MOV,Adjectives_4of8.zip,https://zenodo.org/api/records/4010759/files/Adjectives_4of8.zip/content
Adjectives/78. long/MVI_9459.MOV,Adjectives_4of8.zip,https://zenodo.org/api/records/4010759/files/Adjectives_4of8.zip/content
Adjectives/78. long/MVI_9460.MOV,Adjectives_4of8.zip,https://zenodo.org/api/records/4010759/files/Adjectives_4of8.zip/content
Adjectives/79. short/MVI_5110.MOV,Adjectives_4of8.zip,https://zenodo.org/api/records/4010759/files/Adjectives_4of8.zip/content
Adjectives/79. short/MVI_5111.MOV,Adjectives_4of8.zip,https://zenodo.org/api/records/4010759/files/Adjectives_4of8.zip/content
Adjectives/79. short/MVI_5112.MOV,Adjectives_4of8.zip,https://zenodo.org/api/records/4010759/files/Adjectives_4of8.zip/content
Adjectives/79. short/MVI_5189.MOV,Adjectives_4of8.zip,https://zenodo.org/api/records/4010759/files/Adjectives_4of8.zip/content
Adjectives/79. short/MVI_5191.MOV,Adjectives_4of8.zip,https://zenodo.org/api/records/4010759/files/Adjectives_4of8.zip/content
Adjectives/79. short/MVI_5269.MOV,Adjectives_4of8.zip,https://zenodo.org/api/records/4010759/files/Adjectives_4of8.zip/content
Adjectives/79. short/MVI_5270.MOV,Adjectives_4of8.zip,https://zenodo.org/api/records/4010759/files/Adjectives_4of8.zip/content
Adjectives/79. short/MVI_5271.MOV,Adjectives_4of8.zip,https://zenodo.org/api/records/4010759/files/Adjectives_4of8.zip/content
Adjectives/79. short/MVI_9220.MOV,Adjectives_4of8.zip,https://zenodo.org/api/records/4010759/files/Adjectives_4of8.zip/content
Adjectives/79. short/MVI_9221.MOV,Adjectives_4of8.zip,https://zenodo.org/api/records/4010759/files/Adjectives_4of8.zip/content
Adjectives/79. short/MVI_9222.MOV,Adjectives_4of8.zip,https://zenodo.org/api/records/4010759/files/Adjectives_4of8.zip/content
Adjectives/79. short/MVI_9301.MOV,Adjectives_4of8.zip,https://zenodo.org/api/records/4010759/files/Adjectives_4of8.zip/content
Adjectives/79. short/MVI_9303.MOV,Adjectives_4of8.zip,https://zenodo.org/api/records/4010759/files/Adjectives_4of8.zip/content
Adjectives/79. short/MVI_9380.MOV,Adjectives_4of8.zip,https://zenodo.org/api/records/4010759/files/Adjectives_4of8.zip/content
Adjectives/79. short/MVI_9381.MOV,Adjectives_4of8.zip,https://zenodo.org/api/records/4010759/files/Adjectives_4of8.zip/content
Adjectives/79. short/MVI_9382.MOV,Adjectives_4of8.zip,https://zenodo.org/api/records/4010759/files/Adjectives_4of8.zip/content
Adjectives/79. short/MVI_9461.MOV,Adjectives_4of8.zip,https://zenodo.org/api/records/4010759/files/Adjectives_4of8.zip/content
Adjectives/79. short/MVI_9462.MOV,Adjectives_4of8.zip,https://zenodo.org/api/records/4010759/files/Adjectives_4of8.zip/content
Adjectives/79. short/MVI_9463.MOV,Adjectives_4of8.zip,https://zenodo.org/api/records/4010759/files/Adjectives_4of8.zip/content
Adjectives/97. dry/MVI_5167.MOV,Adjectives_8of8.zip,https://zenodo.org/api/records/4010759/files/Adjectives_8of8.zip/content
Adjectives/97. dry/MVI_5168.MOV,Adjectives_8of8.zip,https://zenodo.org/api/records/4010759/files/Adjectives_8of8.zip/content
Adjectives/97. dry/MVI_5169.MOV,Adjectives_8of8.zip,https://zenodo.org/api/records/4010759/files/Adjectives_8of8.zip/content
Adjectives/97. dry/MVI_5249.MOV,Adjectives_8of8.zip,https://zenodo.org/api/records/4010759/files/Adjectives_8of8.zip/content
Adjectives/97. dry/MVI_5250.MOV,Adjectives_8of8.zip,https://zenodo.org/api/records/4010759/files/Adjectives_8of8.zip/content
Adjectives/97. dry/MVI_5326.MOV,Adjectives_8of8.zip,https://zenodo.org/api/records/4010759/files/Adjectives_8of8.zip/content
Adjectives/97. dry/MVI_5327.MOV,Adjectives_8of8.zip,https://zenodo.org/api/records/4010759/files/Adjectives_8of8.zip/content
Adjectives/97. dry/MVI_5328.MOV,Adjectives_8of8.zip,https://zenodo.org/api/records/4010759/files/Adjectives_8of8.zip/content
Adjectives/97. dry/MVI_9277.MOV,Adjectives_8of8.zip,https://zenodo.org/api/records/4010759/files/Adjectives_8of8.zip/content
Adjectives/97. dry/MVI_9278.MOV,Adjectives_8of8.zip,https://zenodo.org/api/records/4010759/files/Adjectives_8of8.zip/content
Adjectives/97. dry/MVI_9279.MOV,Adjectives_8of8.zip,https://zenodo.org/api/records/4010759/files/Adjectives_8of8.zip/content
Adjectives/97. dry/MVI_9359.MOV,Adjectives_8of8.zip,https://zenodo.org/api/records/4010759/files/Adjectives_8of8.zip/content
Adjectives/97. dry/MVI_9360.MOV,Adjectives_8of8.zip,https://zenodo.org/api/records/4010759/files/Adjectives_8of8.zip/content
Adjectives/97. dry/MVI_9439.MOV,Adjectives_8of8.zip,https://zenodo.org/api/records/4010759/files/Adjectives_8of8.zip/content
Adjectives/97. dry/MVI_9440.MOV,Adjectives_8of8.zip,https://zenodo.org/api/records/4010759/files/Adjectives_8of8.zip/content
Adjectives/97. dry/MVI_9441.MOV,Adjectives_8of8.zip,https://zenodo.org/api/records/4010759/files/Adjectives_8of8.zip/content
Adjectives/97. dry/MVI_9521.MOV,Adjectives_8of8.zip,https://zenodo.org/api/records/4010759/files/Adjectives_8of8.zip/content
Adjectives/97. dry/MVI_9522.MOV,Adjectives_8of8.zip,https://zenodo.org/api/records/4010759/files/Adjectives_8of8.zip/content
Adjectives/97. dry/MVI_9523.MOV,Adjectives_8of8.zip,https://zenodo.org/api/records/4010759/files/Adjectives_8of8.zip/content
Adjectives/83. big large/MVI_5123.MOV,Adjectives_5of8.zip,https://zenodo.org/api/records/4010759/files/Adjectives_5of8.zip/content
Adjectives/83. big large/MVI_5124.MOV,Adjectives_5of8.zip,https://zenodo.org/api/records/4010759/files/Adjectives_5of8.zip/content
Adjectives/83. big large/MVI_5203.MOV,Adjectives_5of8.zip,https://zenodo.org/api/records/4010759/files/Adjectives_5of8.zip/content
Adjectives/83. big large/MVI_5204.MOV,Adjectives_5of8.zip,https://zenodo.org/api/records/4010759/files/Adjectives_5of8.zip/content
Adjectives/83. big large/MVI_5205.MOV,Adjectives_5of8.zip,https://zenodo.org/api/records/4010759/files/Adjectives_5of8.zip/content
Adjectives/83. big large/MVI_5283.MOV,Adjectives_5of8.zip,https://zenodo.org/api/records/4010759/files/Adjectives_5of8.zip/content
Adjectives/83. big large/MVI_5284.MOV,Adjectives_5of8.zip,https://zenodo.org/api/records/4010759/files/Adjectives_5of8.zip/content
Adjectives/83. big large/MVI_5285.MOV,Adjectives_5of8.zip,https://zenodo.org/api/records/4010759/files/Adjectives_5of8.zip/content
Adjectives/83. big large/MVI_9233.MOV,Adjectives_5of8.zip,https://zenodo.org/api/records/4010759/files/Adjectives_5of8.zip/content
Adjectives/83. big large/MVI_9234.MOV,Adjectives_5of8.zip,https://zenodo.org/api/records/4010759/files/Adjectives_5of8.zip/content
Adjectives/83. big large/MVI_9235.MOV,Adjectives_5of8.zip,https://zenodo.org/api/records/4010759/files/Adjectives_5of8.zip/content
Adjectives/83. big large/MVI_9316.MOV,Adjectives_5of8.zip,https://zenodo.org/api/records/4010759/files/Adjectives_5of8.zip/content
Adjectives/83. big large/MVI_9317.MOV,Adjectives_5of8.zip,https://zenodo.org/api/records/4010759/files/Adjectives_5of8.zip/content
Adjectives/83. big large/MVI_9318.MOV,Adjectives_5of8.zip,https://zenodo.org/api/records/4010759/files/Adjectives_5of8.zip/content
Adjectives/83. big large/MVI_9394.MOV,Adjectives_5of8.zip,https://zenodo.org/api/records/4010759/files/Adjectives_5of8.zip/content
Adjectives/83. big large/MVI_9395.MOV,Adjectives_5of8.zip,https://zenodo.org/api/records/4010759/files/Adjectives_5of8.zip/content
Adjectives/83. big large/MVI_9475.MOV,Adjectives_5of8.zip,https://zenodo.org/api/records/4010759/files/Adjectives_5of8.zip/content
Adjectives/83. big large/MVI_9476.MOV,Adjectives_5of8.zip,https://zenodo.org/api/records/4010759/files/Adjectives_5of8.zip/content
Adjectives/83. big large/MVI_9477.MOV,Adjectives_5of8.zip,https://zenodo.org/api/records/4010759/files/Adjectives_5of8.zip/content
Adjectives/84. small little/MVI_5126.MOV,Adjectives_5of8.zip,https://zenodo.org/api/records/4010759/files/Adjectives_5of8.zip/content
Adjectives/84. small little/MVI_5127.MOV,Adjectives_5of8.zip,https://zenodo.org/api/records/4010759/files/Adjectives_5of8.zip/content
Adjectives/84. small little/MVI_5128.MOV,Adjectives_5of8.zip,https://zenodo.org/api/records/4010759/files/Adjectives_5of8.zip/content
Adjectives/84. small little/MVI_5206.MOV,Adjectives_5of8.zip,https://zenodo.org/api/records/4010759/files/Adjectives_5of8.zip/content
Adjectives/84. small little/MVI_5207.MOV,Adjectives_5of8.zip,https://zenodo.org/api/records/4010759/files/Adjectives_5of8.zip/content
Adjectives/84. small little/MVI_5286.MOV,Adjectives_5of8.zip,https://zenodo.org/api/records/4010759/files/Adjectives_5of8.zip/content
Adjectives/84. small little/MVI_5287.MOV,Adjectives_5of8.zip,https://zenodo.org/api/records/4010759/files/Adjectives_5of8.zip/content
Adjectives/84. small little/MVI_5288.MOV,Adjectives_5of8.zip,https://zenodo.org/api/records/4010759/files/Adjectives_5of8.zip/content
Adjectives/84. small little/MVI_9236.MOV,Adjectives_5of8.zip,https://zenodo.org/api/records/4010759/files/Adjectives_5of8.zip/content
Adjectives/84. small little/MVI_9238.MOV,Adjectives_5of8.zip,https://zenodo.org/api/records/4010759/files/Adjectives_5of8.zip/content
Adjectives/84. small little/MVI_9319.MOV,Adjectives_5of8.zip,https://zenodo.org/api/records/4010759/files/Adjectives_5of8.zip/content
Adjectives/84. small little/MVI_9320.MOV,Adjectives_5of8.zip,https://zenodo.org/api/records/4010759/files/Adjectives_5of8.zip/content
Adjectives/84. small little/MVI_9321.MOV,Adjectives_5of8.zip,https://zenodo.org/api/records/4010759/files/Adjectives_5of8.zip/content
Adjectives/84. small little/MVI_9397.MOV,Adjectives_5of8.zip,https://zenodo.org/api/records/4010759/files/Adjectives_5of8.zip/content
Adjectives/84. small little/MVI_9398.MOV,Adjectives_5of8.zip,https://zenodo.org/api/records/4010759/files/Adjectives_5of8.zip/content
Adjectives/84. small little/MVI_9400.MOV,Adjectives_5of8.zip,https://zenodo.org/api/records/4010759/files/Adjectives_5of8.zip/content
Adjectives/84. small little/MVI_9478.MOV,Adjectives_5of8.zip,https://zenodo.org/api/records/4010759/files/Adjectives_5of8.zip/content
Adjectives/84. small little/MVI_9479.MOV,Adjectives_5of8.zip,https://zenodo.org/api/records/4010759/files/Adjectives_5of8.zip/content
Adjectives/84. small little/MVI_9480.MOV,Adjectives_5of8.zip,https://zenodo.org/api/records/4010759/files/Adjectives_5of8.zip/content
Adjectives/87. hot/MVI_5136.MOV,Adjectives_6of8.zip,https://zenodo.org/api/records/4010759/files/Adjectives_6of8.zip/content
Adjectives/87. hot/MVI_5137.MOV,Adjectives_6of8.zip,https://zenodo.org/api/records/4010759/files/Adjectives_6of8.zip/content
Adjectives/87. hot/MVI_5138.MOV,Adjectives_6of8.zip,https://zenodo.org/api/records/4010759/files/Adjectives_6of8.zip/content
Adjectives/87. hot/MVI_5216.MOV,Adjectives_6of8.zip,https://zenodo.org/api/records/4010759/files/Adjectives_6of8.zip/content
Adjectives/87. hot/MVI_5217.MOV,Adjectives_6of8.zip,https://zenodo.org/api/records/4010759/files/Adjectives_6of8.zip/content
Adjectives/87. hot/MVI_5218.MOV,Adjectives_6of8.zip,https://zenodo.org/api/records/4010759/files/Adjectives_6of8.zip/content
Adjectives/87. hot/MVI_5295.MOV,Adjectives_6of8.zip,https://zenodo.org/api/records/4010759/files/Adjectives_6of8.zip/content
Adjectives/87. hot/MVI_5296.MOV,Adjectives_6of8.zip,https://zenodo.org/api/records/4010759/files/Adjectives_6of8.zip/content
Adjectives/87. hot/MVI_5297.MOV,Adjectives_6of8.zip,https://zenodo.org/api/records/4010759/files/Adjectives_6of8.zip/content
Adjectives/87. hot/MVI_9247.MOV,Adjectives_6of8.zip,https://zenodo.org/api/records/4010759/files/Adjectives_6of8.zip/content
Adjectives/87. hot/MVI_9248.MOV,Adjectives_6of8.zip,https://zenodo.org/api/records/4010759/files/Adjectives_6of8.zip/content
Adjectives/87. hot/MVI_9249.MOV,Adjectives_6of8.zip,https://zenodo.org/api/records/4010759/files/Adjectives_6of8.zip/content
Adjectives/87. hot/MVI_9328.MOV,Adjectives_6of8.zip,https://zenodo.org/api/records/4010759/files/Adjectives_6of8.zip/content
Adjectives/87. hot/MVI_9329.MOV,Adjectives_6of8.zip,https://zenodo.org/api/records/4010759/files/Adjectives_6of8.zip/content
Adjectives/87. hot/MVI_9330.MOV,Adjectives_6of8.zip,https://zenodo.org/api/records/4010759/files/Adjectives_6of8.zip/content
Adjectives/87. hot/MVI_9408.MOV,Adjectives_6of8.zip,https://zenodo.org/api/records/4010759/files/Adjectives_6of8.zip/content
Adjectives/87. hot/MVI_9409.MOV,Adjectives_6of8.zip,https://zenodo.org/api/records/4010759/files/Adjectives_6of8.zip/content
Adjectives/87. hot/MVI_9487.MOV,Adjectives_6of8.zip,https://zenodo.org/api/records/4010759/files/Adjectives_6of8.zip/content
Adjectives/87. hot/MVI_9488.MOV,Adjectives_6of8.zip,https://zenodo.org/api/records/4010759/files/Adjectives_6of8.zip/content
Adjectives/87. hot/MVI_9489.MOV,Adjectives_6of8.zip,https://zenodo.org/api/records/4010759/files/Adjectives_6of8.zip/content
Adjectives/91. new/MVI_5148.MOV,Adjectives_6of8.zip,https://zenodo.org/api/records/4010759/files/Adjectives_6of8.zip/content
Adjectives/91. new/MVI_5150.MOV,Adjectives_6of8.zip,https://zenodo.org/api/records/4010759/files/Adjectives_6of8.zip/content
Adjectives/91. new/MVI_5151.MOV,Adjectives_6of8.zip,https://zenodo.org/api/records/4010759/files/Adjectives_6of8.zip/content
Adjectives/91. new/MVI_5229.MOV,Adjectives_6of8.zip,https://zenodo.org/api/records/4010759/files/Adjectives_6of8.zip/content
Adjectives/91. new/MVI_5230.MOV,Adjectives_6of8.zip,https://zenodo.org/api/records/4010759/files/Adjectives_6of8.zip/content
Adjectives/91. new/MVI_5231.MOV,Adjectives_6of8.zip,https://zenodo.org/api/records/4010759/files/Adjectives_6of8.zip/content
Adjectives/91. new/MVI_5307.MOV,Adjectives_6of8.zip,https://zenodo.org/api/records/4010759/files/Adjectives_6of8.zip/content
Adjectives/91. new/MVI_5308.MOV,Adjectives_6of8.zip,https://zenodo.org/api/records/4010759/files/Adjectives_6of8.zip/content
Adjectives/91. new/MVI_5309.MOV,Adjectives_6of8.zip,https://zenodo.org/api/records/4010759/files/Adjectives_6of8.zip/content
Adjectives/91. new/MVI_9259.MOV,Adjectives_6of8.zip,https://zenodo.org/api/records/4010759/files/Adjectives_6of8.zip/content
Adjectives/91. new/MVI_9260.MOV,Adjectives_6of8.zip,https://zenodo.org/api/records/4010759/files/Adjectives_6of8.zip/content
Adjectives/91. new/MVI_9340.MOV,Adjectives_6of8.zip,https://zenodo.org/api/records/4010759/files/Adjectives_6of8.zip/content
Adjectives/91. new/MVI_9341.MOV,Adjectives_6of8.zip,https://zenodo.org/api/records/4010759/files/Adjectives_6of8.zip/content
Adjectives/91. new/MVI_9342.MOV,Adjectives_6of8.zip,https://zenodo.org/api/records/4010759/files/Adjectives_6of8.zip/content
Adjectives/91. new/MVI_9421.MOV,Adjectives_6of8.zip,https://zenodo.org/api/records/4010759/files/Adjectives_6of8.zip/content
Adjectives/91. new/MVI_9422.MOV,Adjectives_6of8.zip,https://zenodo.org/api/records/4010759/files/Adjectives_6of8.zip/content
Adjectives/91. new/MVI_9500.MOV,Adjectives_6of8.zip,https://zenodo.org/api/records/4010759/files/Adjectives_6of8.zip/content
Adjectives/91. new/MVI_9501.MOV,Adjectives_6of8.zip,https://zenodo.org/api/records/4010759/files/Adjectives_6of8.zip/content
Adjectives/91. new/MVI_9502.MOV,Adjectives_6of8.zip,https://zenodo.org/api/records/4010759/files/Adjectives_6of8.zip/content
Adjectives/94. good/MVI_5158.MOV,Adjectives_7of8.zip,https://zenodo.org/api/records/4010759/files/Adjectives_7of8.zip/content
Adjectives/94. good/MVI_5160.MOV,Adjectives_7of8.zip,https://zenodo.org/api/records/4010759/files/Adjectives_7of8.zip/content
Adjectives/94. good/MVI_5238.MOV,Adjectives_7of8.zip,https://zenodo.org/api/records/4010759/files/Adjectives_7of8.zip/content
Adjectives/94. good/MVI_5239.MOV,Adjectives_7of8.zip,https://zenodo.org/api/records/4010759/files/Adjectives_7of8.zip/content
Adjectives/94. good/MVI_5240.MOV,Adjectives_7of8.zip,https://zenodo.org/api/records/4010759/files/Adjectives_7of8.zip/content
Adjectives/94. good/MVI_5316.MOV,Adjectives_7of8.zip,https://zenodo.org/api/records/4010759/files/Adjectives_7of8.zip/content
Adjectives/94. good/MVI_5317.MOV,Adjectives_7of8.zip,https://zenodo.org/api/records/4010759/files/Adjectives_7of8.zip/content
Adjectives/94. good/MVI_5318.MOV,Adjectives_7of8.zip,https://zenodo.org/api/records/4010759/files/Adjectives_7of8.zip/content
Adjectives/94. good/MVI_9268.MOV,Adjectives_7of8.zip,https://zenodo.org/api/records/4010759/files/Adjectives_7of8.zip/content
Adjectives/94. good/MVI_9269.MOV,Adjectives_7of8.zip,https://zenodo.org/api/records/4010759/files/Adjectives_7of8.zip/content
Adjectives/94. good/MVI_9270.MOV,Adjectives_7of8.zip,https://zenodo.org/api/records/4010759/files/Adjectives_7of8.zip/content
Adjectives/94. good/MVI_9349.MOV,Adjectives_7of8.zip,https://zenodo.org/api/records/4010759/files/Adjectives_7of8.zip/content
Adjectives/94. good/MVI_9351.MOV,Adjectives_7of8.zip,https://zenodo.org/api/records/4010759/files/Adjectives_7of8.zip/content
Adjectives/94. good/MVI_9430.MOV,Adjectives_7of8.zip,https://zenodo.org/api/records/4010759/files/Adjectives_7of8.zip/content
Adjectives/94. good/MVI_9431.MOV,Adjectives_7of8.zip,https://zenodo.org/api/records/4010759/files/Adjectives_7of8.zip/content
Adjectives/94. good/MVI_9432.MOV,Adjectives_7of8.zip,https://zenodo.org/api/records/4010759/files/Adjectives_7of8.zip/content
Adjectives/94. good/MVI_9510.MOV,Adjectives_7of8.zip,https://zenodo.org/api/records/4010759/files/Adjectives_7of8.zip/content
Adjectives/94. good/MVI_9511.MOV,Adjectives_7of8.zip,https://zenodo.org/api/records/4010759/files/Adjectives_7of8.zip/content
Adjectives/94. good/MVI_9512.MOV,Adjectives_7of8.zip,https://zenodo.org/api/records/4010759/files/Adjectives_7of8.zip/content
Pronouns/46. you (plural)/MVI_0021.MOV,Pronouns_2of2.zip,https://zenodo.org/api/records/4010759/files/Pronouns_2of2.zip/content
Pronouns/46. you (plural)/MVI_0022.MOV,Pronouns_2of2.zip,https://zenodo.org/api/records/4010759/files/Pronouns_2of2.zip/content
Pronouns/46. you (plural)/MVI_0023.MOV,Pronouns_2of2.zip,https://zenodo.org/api/records/4010759/files/Pronouns_2of2.zip/content
Pronouns/46. you (plural)/MVI_0024.MOV,Pronouns_2of2.zip,https://zenodo.org/api/records/4010759/files/Pronouns_2of2.zip/content
Pronouns/46. you (plural)/MVI_0030.MOV,Pronouns_2of2.zip,https://zenodo.org/api/records/4010759/files/Pronouns_2of2.zip/content
Pronouns/46. you (plural)/MVI_0031.MOV,Pronouns_2of2.zip,https://zenodo.org/api/records/4010759/files/Pronouns_2of2.zip/content
Pronouns/46. you (plural)/MVI_0082.MOV,Pronouns_2of2.zip,https://zenodo.org/api/records/4010759/files/Pronouns_2of2.zip/content
Pronouns/46. you (plural)/MVI_0083.MOV,Pronouns_2of2.zip,https://zenodo.org/api/records/4010759/files/Pronouns_2of2.zip/content
Pronouns/46. you (plural)/MVI_0084.MOV,Pronouns_2of2.zip,https://zenodo.org/api/records/4010759/files/Pronouns_2of2.zip/content
Pronouns/46. you (plural)/MVI_9905.MOV,Pronouns_2of2.zip,https://zenodo.org/api/records/4010759/files/Pronouns_2of2.zip/content
Pronouns/46. you (plural)/MVI_9907.MOV,Pronouns_2of2.zip,https://zenodo.org/api/records/4010759/files/Pronouns_2of2.zip/content
Pronouns/46. you (plural)/MVI_9908.MOV,Pronouns_2of2.zip,https://zenodo.org/api/records/4010759/files/Pronouns_2of2.zip/content
Pronouns/46. you (plural)/MVI_9909.MOV,Pronouns_2of2.zip,https://zenodo.org/api/records/4010759/files/Pronouns_2of2.zip/content
Pronouns/46. you (plural)/MVI_9946.MOV,Pronouns_2of2.zip,https://zenodo.org/api/records/4010759/files/Pronouns_2of2.zip/content
Pronouns/46. you (plural)/MVI_9947.MOV,Pronouns_2of2.zip,https://zenodo.org/api/records/4010759/files/Pronouns_2of2.zip/content
Pronouns/46. you (plural)/MVI_9948.MOV,Pronouns_2of2.zip,https://zenodo.org/api/records/4010759/files/Pronouns_2of2.zip/content
Pronouns/46. you (plural)/MVI_9975.MOV,Pronouns_2of2.zip,https://zenodo.org/api/records/4010759/files/Pronouns_2of2.zip/content
Pronouns/46. you (plural)/MVI_9976.MOV,Pronouns_2of2.zip,https://zenodo.org/api/records/4010759/files/Pronouns_2of2.zip/content
Pronouns/46. you (plural)/MVI_9977.MOV,Pronouns_2of2.zip,https://zenodo.org/api/records/4010759/files/Pronouns_2of2.zip/content
Pronouns/40. I/MVI_0001.MOV,Pronouns_1of2.zip,https://zenodo.org/api/records/4010759/files/Pronouns_1of2.zip/content
Pronouns/40. I/MVI_0002.MOV,Pronouns_1of2.zip,https://zenodo.org/api/records/4010759/files/Pronouns_1of2.zip/content
Pronouns/40. I/MVI_0012.MOV,Pronouns_1of2.zip,https://zenodo.org/api/records/4010759/files/Pronouns_1of2.zip/content
Pronouns/40. I/MVI_0013.MOV,Pronouns_1of2.zip,https://zenodo.org/api/records/4010759/files/Pronouns_1of2.zip/content
Pronouns/40. I/MVI_0014.MOV,Pronouns_1of2.zip,https://zenodo.org/api/records/4010759/files/Pronouns_1of2.zip/content
Pronouns/40. I/MVI_0064.MOV,Pronouns_1of2.zip,https://zenodo.org/api/records/4010759/files/Pronouns_1of2.zip/content
Pronouns/40. I/MVI_0065.MOV,Pronouns_1of2.zip,https://zenodo.org/api/records/4010759/files/Pronouns_1of2.zip/content
Pronouns/40. I/MVI_0066.MOV,Pronouns_1of2.zip,https://zenodo.org/api/records/4010759/files/Pronouns_1of2.zip/content
Pronouns/40. I/MVI_9878.MOV,Pronouns_1of2.zip,https://zenodo.org/api/records/4010759/files/Pronouns_1of2.zip/content
Pronouns/40. I/MVI_9879.MOV,Pronouns_1of2.zip,https://zenodo.org/api/records/4010759/files/Pronouns_1of2.zip/content
Pronouns/40. I/MVI_9880.MOV,Pronouns_1of2.zip,https://zenodo.org/api/records/4010759/files/Pronouns_1of2.zip/content
Pronouns/40. I/MVI_9881.MOV,Pronouns_1of2.zip,https://zenodo.org/api/records/4010759/files/Pronouns_1of2.zip/content
Pronouns/40. I/MVI_9918.MOV,Pronouns_1of2.zip,https://zenodo.org/api/records/4010759/files/Pronouns_1of2.zip/content
Pronouns/40. I/MVI_9919.MOV,Pronouns_1of2.zip,https://zenodo.org/api/records/4010759/files/Pronouns_1of2.zip/content
Pronouns/40. I/MVI_9920.MOV,Pronouns_1of2.zip,https://zenodo.org/api/records/4010759/files/Pronouns_1of2.zip/content
Pronouns/40. I/MVI_9957.MOV,Pronouns_1of2.zip,https://zenodo.org/api/records/4010759/files/Pronouns_1of2.zip/content
Pronouns/40. I/MVI_9958.MOV,Pronouns_1of2.zip,https://zenodo.org/api/records/4010759/files/Pronouns_1of2.zip/content
Pronouns/40. I/MVI_9959.MOV,Pronouns_1of2.zip,https://zenodo.org/api/records/4010759/files/Pronouns_1of2.zip/content
Pronouns/40. I/MVI_9995.MOV,Pronouns_1of2.zip,https://zenodo.org/api/records/4010759/files/Pronouns_1of2.zip/content
Pronouns/44. it/MVI_0013.MOV,Pronouns_1of2.zip,https://zenodo.org/api/records/4010759/files/Pronouns_1of2.zip/content
Pronouns/44. it/MVI_0014.MOV,Pronouns_1of2.zip,https://zenodo.org/api/records/4010759/files/Pronouns_1of2.zip/content
Pronouns/44. it/MVI_0015.MOV,Pronouns_1of2.zip,https://zenodo.org/api/records/4010759/files/Pronouns_1of2.zip/content
Pronouns/44. it/MVI_0016.MOV,Pronouns_1of2.zip,https://zenodo.org/api/records/4010759/files/Pronouns_1of2.zip/content
Pronouns/44. it/MVI_0024.MOV,Pronouns_1of2.zip,https://zenodo.org/api/records/4010759/files/Pronouns_1of2.zip/content
Pronouns/44. it/MVI_0025.MOV,Pronouns_1of2.zip,https://zenodo.org/api/records/4010759/files/Pronouns_1of2.zip/content
Pronouns/44. it/MVI_0026.MOV,Pronouns_1of2.zip,https://zenodo.org/api/records/4010759/files/Pronouns_1of2.zip/content
Pronouns/44. it/MVI_0076.MOV,Pronouns_1of2.zip,https://zenodo.org/api/records/4010759/files/Pronouns_1of2.zip/content
Pronouns/44. it/MVI_0077.MOV,Pronouns_1of2.zip,https://zenodo.org/api/records/4010759/files/Pronouns_1of2.zip/content
Pronouns/44. it/MVI_0078.MOV,Pronouns_1of2.zip,https://zenodo.org/api/records/4010759/files/Pronouns_1of2.zip/content
Pronouns/44. it/MVI_9897.MOV,Pronouns_1of2.zip,https://zenodo.org/api/records/4010759/files/Pronouns_1of2.zip/content
Pronouns/44. it/MVI_9898.MOV,Pronouns_1of2.zip,https://zenodo.org/api/records/4010759/files/Pronouns_1of2.zip/content
Pronouns/44. it/MVI_9899.MOV,Pronouns_1of2.zip,https://zenodo.org/api/records/4010759/files/Pronouns_1of2.zip/content
Pronouns/44. it/MVI_9900.MOV,Pronouns_1of2.zip,https://zenodo.org/api/records/4010759/files/Pronouns_1of2.zip/content
Pronouns/44. it/MVI_9936.MOV,Pronouns_1of2.zip,https://zenodo.org/api/records/4010759/files/Pronouns_1of2.zip/content
Pronouns/44. it/MVI_9937.MOV,Pronouns_1of2.zip,https://zenodo.org/api/records/4010759/files/Pronouns_1of2.zip/content
Pronouns/44. it/MVI_9938.MOV,Pronouns_1of2.zip,https://zenodo.org/api/records/4010759/files/Pronouns_1of2.zip/content
Pronouns/44. it/MVI_9969.MOV,Pronouns_1of2.zip,https://zenodo.org/api/records/4010759/files/Pronouns_1of2.zip/content
Pronouns/44. it/MVI_9970.MOV,Pronouns_1of2.zip,https://zenodo.org/api/records/4010759/files/Pronouns_1of2.zip/content
Pronouns/44. it/MVI_9971.MOV,Pronouns_1of2.zip,https://zenodo.org/api/records/4010759/files/Pronouns_1of2.zip/content
Society/14. Election/MVI_4304.MOV,Society_2of3.zip,https://zenodo.org/api/records/4010759/files/Society_2of3.zip/content
Society/14. Election/MVI_4305.MOV,Society_2of3.zip,https://zenodo.org/api/records/4010759/files/Society_2of3.zip/content
Society/14. Election/MVI_4307.MOV,Society_2of3.zip,https://zenodo.org/api/records/4010759/files/Society_2of3.zip/content
Society/14. Election/MVI_4839.MOV,Society_2of3.zip,https://zenodo.org/api/records/4010759/files/Society_2of3.zip/content
Society/14. Election/MVI_4840.MOV,Society_2of3.zip,https://zenodo.org/api/records/4010759/files/Society_2of3.zip/content
Society/14. Election/MVI_4841.MOV,Society_2of3.zip,https://zenodo.org/api/records/4010759/files/Society_2of3.zip/content
Society/14. Election/MVI_8710.MP4,Society_2of3.zip,https://zenodo.org/api/records/4010759/files/Society_2of3.zip/content
Society/14. Election/MVI_8711.MP4,Society_2of3.zip,https://zenodo.org/api/records/4010759/files/Society_2of3.zip/content
Society/14. Election/MVI_8712.MP4,Society_2of3.zip,https://zenodo.org/api/records/4010759/files/Society_2of3.zip/content
Society/14. Election/MVI_8713.MP4,Society_2of3.zip,https://zenodo.org/api/records/4010759/files/Society_2of3.zip/content
Society/14. Election/MVI_8967.MP4,Society_2of3.zip,https://zenodo.org/api/records/4010759/files/Society_2of3.zip/content
Society/14. Election/MVI_8968.MP4,Society_2of3.zip,https://zenodo.org/api/records/4010759/files/Society_2of3.zip/content
Society/14. Election/MVI_8969.MP4,Society_2of3.zip,https://zenodo.org/api/records/4010759/files/Society_2of3.zip/content
Places/35. Bank/MVI_3335.MOV,Places_4of4.zip,https://zenodo.org/api/records/4010759/files/Places_4of4.zip/content
Places/35. Bank/MVI_3336.MOV,Places_4of4.zip,https://zenodo.org/api/records/4010759/files/Places_4of4.zip/content
Places/35. Bank/MVI_3337.MOV,Places_4of4.zip,https://zenodo.org/api/records/4010759/files/Places_4of4.zip/content
Places/35. Bank/MVI_3338.MOV,Places_4of4.zip,https://zenodo.org/api/records/4010759/files/Places_4of4.zip/content
Places/35. Bank/MVI_3419.MOV,Places_4of4.zip,https://zenodo.org/api/records/4010759/files/Places_4of4.zip/content
Places/35. Bank/MVI_3422.MOV,Places_4of4.zip,https://zenodo.org/api/records/4010759/files/Places_4of4.zip/content
Places/35. Bank/MVI_3423.MOV,Places_4of4.zip,https://zenodo.org/api/records/4010759/files/Places_4of4.zip/content
Places/35. Bank/MVI_3500.MOV,Places_4of4.zip,https://zenodo.org/api/records/4010759/files/Places_4of4.zip/content
Places/35. Bank/MVI_3501.MOV,Places_4of4.zip,https://zenodo.org/api/records/4010759/files/Places_4of4.zip/content
Places/35. Bank/MVI_3502.MOV,Places_4of4.zip,https://zenodo.org/api/records/4010759/files/Places_4of4.zip/content
Places/35. Bank/MVI_3503.MOV,Places_4of4.zip,https://zenodo.org/api/records/4010759/files/Places_4of4.zip/content
Places/35. Bank/MVI_3581.MOV,Places_4of4.zip,https://zenodo.org/api/records/4010759/files/Places_4of4.zip/content
Places/35. Bank/MVI_3582.MOV,Places_4of4.zip,https://zenodo.org/api/records/4010759/files/Places_4of4.zip/content
Places/35. Bank/MVI_3583.MOV,Places_4of4.zip,https://zenodo.org/api/records/4010759/files/Places_4of4.zip/content
Places/35. Bank/MVI_3584.MOV,Places_4of4.zip,https://zenodo.org/api/records/4010759/files/Places_4of4.zip/content
Places/35. Bank/MVI_3662.MOV,Places_4of4.zip,https://zenodo.org/api/records/4010759/files/Places_4of4.zip/content
Places/35. Bank/MVI_3663.MOV,Places_4of4.zip,https://zenodo.org/api/records/4010759/files/Places_4of4.zip/content
Places/35. Bank/MVI_3664.MOV,Places_4of4.zip,https://zenodo.org/api/records/4010759/files/Places_4of4.zip/content
Places/28. Store or Shop/MVI_3308.MOV,Places_3of4.zip,https://zenodo.org/api/records/4010759/files/Places_3of4.zip/content
Places/28. Store or Shop/MVI_3309.MOV,Places_3of4.zip,https://zenodo.org/api/records/4010759/files/Places_3of4.zip/content
Places/28. Store or Shop/MVI_3310.MOV,Places_3of4.zip,https://zenodo.org/api/records/4010759/files/Places_3of4.zip/content
Places/28. Store or Shop/MVI_3384.MOV,Places_3of4.zip,https://zenodo.org/api/records/4010759/files/Places_3of4.zip/content
Places/28. Store or Shop/MVI_3385.MOV,Places_3of4.zip,https://zenodo.org/api/records/4010759/files/Places_3of4.zip/content
Places/28. Store or Shop/MVI_3386.MOV,Places_3of4.zip,https://zenodo.org/api/records/4010759/files/Places_3of4.zip/content
Places/28. Store or Shop/MVI_3387.MOV,Places_3of4.zip,https://zenodo.org/api/records/4010759/files/Places_3of4.zip/content
Places/28. Store or Shop/MVI_3472.MOV,Places_3of4.zip,https://zenodo.org/api/records/4010759/files/Places_3of4.zip/content
Places/28. Store or Shop/MVI_3473.MOV,Places_3of4.zip,https://zenodo.org/api/records/4010759/files/Places_3of4.zip/content
Places/28. Store or Shop/MVI_3474.MOV,Places_3of4.zip,https://zenodo.org/api/records/4010759/files/Places_3of4.zip/content
Places/28. Store or Shop/MVI_3475.MOV,Places_3of4.zip,https://zenodo.org/api/records/4010759/files/Places_3of4.zip/content
Places/28. Store or Shop/MVI_3552.MOV,Places_3of4.zip,https://zenodo.org/api/records/4010759/files/Places_3of4.zip/content
Places/28. Store or Shop/MVI_3553.MOV,Places_3of4.zip,https://zenodo.org/api/records/4010759/files/Places_3of4.zip/content
Places/28. Store or Shop/MVI_3554.MOV,Places_3of4.zip,https://zenodo.org/api/records/4010759/files/Places_3of4.zip/content
Places/28. Store or Shop/MVI_3555.MOV,Places_3of4.zip,https://zenodo.org/api/records/4010759/files/Places_3of4.zip/content
Places/28. Store or Shop/MVI_3632.MOV,Places_3of4.zip,https://zenodo.org/api/records/4010759/files/Places_3of4.zip/content
Places/28. Store or Shop/MVI_3634.MOV,Places_3of4.zip,https://zenodo.org/api/records/4010759/files/Places_3of4.zip/content
Places/28. Store or Shop/MVI_3635.MOV,Places_3of4.zip,https://zenodo.org/api/records/4010759/files/Places_3of4.zip/content
Society/2. Death/MVI_4255.MOV,Society_1of3.zip,https://zenodo.org/api/records/4010759/files/Society_1of3.zip/content
Society/2. Death/MVI_4256.MOV,Society_1of3.zip,https://zenodo.org/api/records/4010759/files/Society_1of3.zip/content
Society/2. Death/MVI_4257.MOV,Society_1of3.zip,https://zenodo.org/api/records/4010759/files/Society_1of3.zip/content
Society/2. Death/MVI_4258.MOV,Society_1of3.zip,https://zenodo.org/api/records/4010759/files/Society_1of3.zip/content
Society/2. Death/MVI_4800.MOV,Society_1of3.zip,https://zenodo.org/api/records/4010759/files/Society_1of3.zip/content
Society/2. Death/MVI_4801.MOV,Society_1of3.zip,https://zenodo.org/api/records/4010759/files/Society_1of3.zip/content
Society/2. Death/MVI_4802.MOV,Society_1of3.zip,https://zenodo.org/api/records/4010759/files/Society_1of3.zip/content
Society/2. Death/MVI_8661.MP4,Society_1of3.zip,https://zenodo.org/api/records/4010759/files/Society_1of3.zip/content
Society/2. Death/MVI_8662.MP4,Society_1of3.zip,https://zenodo.org/api/records/4010759/files/Society_1of3.zip/content
Society/2. Death/MVI_8664.MP4,Society_1of3.zip,https://zenodo.org/api/records/4010759/files/Society_1of3.zip/content
Society/2. Death/MVI_8930.MP4,Society_1of3.zip,https://zenodo.org/api/records/4010759/files/Society_1of3.zip/content
Society/2. Death/MVI_8931.MP4,Society_1of3.zip,https://zenodo.org/api/records/4010759/files/Society_1of3.zip/content
Society/2. Death/MVI_8932.MP4,Society_1of3.zip,https://zenodo.org/api/records/4010759/files/Society_1of3.zip/content
Seasons/61. Summer/MVI_4565.MOV,Seasons_1of1.zip,https://zenodo.org/api/records/4010759/files/Seasons_1of1.zip/content
Seasons/61. Summer/MVI_4566.MOV,Seasons_1of1.zip,https://zenodo.org/api/records/4010759/files/Seasons_1of1.zip/content
Seasons/61. Summer/MVI_4567.MOV,Seasons_1of1.zip,https://zenodo.org/api/records/4010759/files/Seasons_1of1.zip/content
Seasons/61. Summer/MVI_4568.MOV,Seasons_1of1.zip,https://zenodo.org/api/records/4010759/files/Seasons_1of1.zip/content
Seasons/61. Summer/MVI_4990.MOV,Seasons_1of1.zip,https://zenodo.org/api/records/4010759/files/Seasons_1of1.zip/content
Seasons/61. Summer/MVI_4991.MOV,Seasons_1of1.zip,https://zenodo.org/api/records/4010759/files/Seasons_1of1.zip/content
Seasons/61. Summer/MVI_4992.MOV,Seasons_1of1.zip,https://zenodo.org/api/records/4010759/files/Seasons_1of1.zip/content
Seasons/61. Summer/MVI_5420.MOV,Seasons_1of1.zip,https://zenodo.org/api/records/4010759/files/Seasons_1of1.zip/content
Seasons/61. Summer/MVI_5421.MOV,Seasons_1of1.zip,https://zenodo.org/api/records/4010759/files/Seasons_1of1.zip/content
Seasons/61. Summer/MVI_5424.MOV,Seasons_1of1.zip,https://zenodo.org/api/records/4010759/files/Seasons_1of1.zip/content
Seasons/61. Summer/MVI_9122.MP4,Seasons_1of1.zip,https://zenodo.org/api/records/4010759/files/Seasons_1of1.zip/content
Seasons/61. Summer/MVI_9123.MP4,Seasons_1of1.zip,https://zenodo.org/api/records/4010759/files/Seasons_1of1.zip/content
Seasons/61. Summer/MVI_9124.MP4,Seasons_1of1.zip,https://zenodo.org/api/records/4010759/files/Seasons_1of1.zip/content
Seasons/64. Fall/MVI_4577.MOV,Seasons_1of1.zip,https://zenodo.org/api/records/4010759/files/Seasons_1of1.zip/content
Seasons/64. Fall/MVI_4578.MOV,Seasons_1of1.zip,https://zenodo.org/api/records/4010759/files/Seasons_1of1.zip/content
Seasons/64. Fall/MVI_4579.MOV,Seasons_1of1.zip,https://zenodo.org/api/records/4010759/files/Seasons_1of1.zip/content
Seasons/64. Fall/MVI_4580.MOV,Seasons_1of1.zip,https://zenodo.org/api/records/4010759/files/Seasons_1of1.zip/content
Seasons/64. Fall/MVI_4999.MOV,Seasons_1of1.zip,https://zenodo.org/api/records/4010759/files/Seasons_1of1.zip/content
Seasons/64. Fall/MVI_5000.MOV,Seasons_1of1.zip,https://zenodo.org/api/records/4010759/files/Seasons_1of1.zip/content
Seasons/64. Fall/MVI_5001.MOV,Seasons_1of1.zip,https://zenodo.org/api/records/4010759/files/Seasons_1of1.zip/content
Seasons/64. Fall/MVI_5434.MOV,Seasons_1of1.zip,https://zenodo.org/api/records/4010759/files/Seasons_1of1.zip/content
Seasons/64. Fall/MVI_5435.MOV,Seasons_1of1.zip,https://zenodo.org/api/records/4010759/files/Seasons_1of1.zip/content
Seasons/64. Fall/MVI_5436.MOV,Seasons_1of1.zip,https://zenodo.org/api/records/4010759/files/Seasons_1of1.zip/content
Seasons/64. Fall/MVI_9132.MP4,Seasons_1of1.zip,https://zenodo.org/api/records/4010759/files/Seasons_1of1.zip/content
Seasons/64. Fall/MVI_9133.MP4,Seasons_1of1.zip,https://zenodo.org/api/records/4010759/files/Seasons_1of1.zip/content
Seasons/64. Fall/MVI_9134.MP4,Seasons_1of1.zip,https://zenodo.org/api/records/4010759/files/Seasons_1of1.zip/content
Seasons/64. Fall/MVI_9135.MP4,Seasons_1of1.zip,https://zenodo.org/api/records/4010759/files/Seasons_1of1.zip/content
Places/23. Court/MVI_3285.MOV,Places_2of4.zip,https://zenodo.org/api/records/4010759/files/Places_2of4.zip/content
Places/23. Court/MVI_3286.MOV,Places_2of4.zip,https://zenodo.org/api/records/4010759/files/Places_2of4.zip/content
Places/23. Court/MVI_3287.MOV,Places_2of4.zip,https://zenodo.org/api/records/4010759/files/Places_2of4.zip/content
Places/23. Court/MVI_3365.MOV,Places_2of4.zip,https://zenodo.org/api/records/4010759/files/Places_2of4.zip/content
Places/23. Court/MVI_3366.MOV,Places_2of4.zip,https://zenodo.org/api/records/4010759/files/Places_2of4.zip/content
Places/23. Court/MVI_3367.MOV,Places_2of4.zip,https://zenodo.org/api/records/4010759/files/Places_2of4.zip/content
Places/23. Court/MVI_3370.MOV,Places_2of4.zip,https://zenodo.org/api/records/4010759/files/Places_2of4.zip/content
Places/23. Court/MVI_3452.MOV,Places_2of4.zip,https://zenodo.org/api/records/4010759/files/Places_2of4.zip/content
Places/23. Court/MVI_3453.MOV,Places_2of4.zip,https://zenodo.org/api/records/4010759/files/Places_2of4.zip/content
Places/23. Court/MVI_3454.MOV,Places_2of4.zip,https://zenodo.org/api/records/4010759/files/Places_2of4.zip/content
Places/23. Court/MVI_3455.MOV,Places_2of4.zip,https://zenodo.org/api/records/4010759/files/Places_2of4.zip/content
Places/23. Court/MVI_3531.MOV,Places_2of4.zip,https://zenodo.org/api/records/4010759/files/Places_2of4.zip/content
Places/23. Court/MVI_3533.MOV,Places_2of4.zip,https://zenodo.org/api/records/4010759/files/Places_2of4.zip/content
Places/23. Court/MVI_3534.MOV,Places_2of4.zip,https://zenodo.org/api/records/4010759/files/Places_2of4.zip/content
Places/23. Court/MVI_3609.MOV,Places_2of4.zip,https://zenodo.org/api/records/4010759/files/Places_2of4.zip/content
Places/23. Court/MVI_3610.MOV,Places_2of4.zip,https://zenodo.org/api/records/4010759/files/Places_2of4.zip/content
Places/23. Court/MVI_3611.MOV,Places_2of4.zip,https://zenodo.org/api/records/4010759/files/Places_2of4.zip/content
Places/23. Court/MVI_3612.MOV,Places_2of4.zip,https://zenodo.org/api/records/4010759/files/Places_2of4.zip/content
Places/19. House/MVI_3267.MOV,Places_1of4.zip,https://zenodo.org/api/records/4010759/files/Places_1of4.zip/content
Places/19. House/MVI_3268.MOV,Places_1of4.zip,https://zenodo.org/api/records/4010759/files/Places_1of4.zip/content
Places/19. House/MVI_3270.MOV,Places_1of4.zip,https://zenodo.org/api/records/4010759/files/Places_1of4.zip/content
Places/19. House/MVI_3349.MOV,Places_1of4.zip,https://zenodo.org/api/records/4010759/files/Places_1of4.zip/content
Places/19. House/MVI_3350.MOV,Places_1of4.zip,https://zenodo.org/api/records/4010759/files/Places_1of4.zip/content
Places/19. House/MVI_3351.MOV,Places_1of4.zip,https://zenodo.org/api/records/4010759/files/Places_1of4.zip/content
Places/19. House/MVI_3352.MOV,Places_1of4.zip,https://zenodo.org/api/records/4010759/files/Places_1of4.zip/content
Places/19. House/MVI_3435.MOV,Places_1of4.zip,https://zenodo.org/api/records/4010759/files/Places_1of4.zip/content
Places/19. House/MVI_3436.MOV,Places_1of4.zip,https://zenodo.org/api/records/4010759/files/Places_1of4.zip/content
Places/19. House/MVI_3437.MOV,Places_1of4.zip,https://zenodo.org/api/records/4010759/files/Places_1of4.zip/content
Places/19. House/MVI_3438.MOV,Places_1of4.zip,https://zenodo.org/api/records/4010759/files/Places_1of4.zip/content
Places/19. House/MVI_3513.MOV,Places_1of4.zip,https://zenodo.org/api/records/4010759/files/Places_1of4.zip/content
Places/19. House/MVI_3515.MOV,Places_1of4.zip,https://zenodo.org/api/records/4010759/files/Places_1of4.zip/content
Places/19. House/MVI_3516.MOV,Places_1of4.zip,https://zenodo.org/api/records/4010759/files/Places_1of4.zip/content
Places/19. House/MVI_3593.MOV,Places_1of4.zip,https://zenodo.org/api/records/4010759/files/Places_1of4.zip/content
Places/19. House/MVI_3594.MOV,Places_1of4.zip,https://zenodo.org/api/records/4010759/files/Places_1of4.zip/content
Places/19. House/MVI_3595.MOV,Places_1of4.zip,https://zenodo.org/api/records/4010759/files/Places_1of4.zip/content
Places/19. House/MVI_3596.MOV,Places_1of4.zip,https://zenodo.org/api/records/4010759/files/Places_1of4.zip/content
Days_and_Time/86. Time/MVI_4667.MOV,Days_and_Time_3of3.zip,https://zenodo.org/api/records/4010759/files/Days_and_Time_3of3.zip/content
Days_and_Time/86. Time/MVI_4668.MOV,Days_and_Time_3of3.zip,https://zenodo.org/api/records/4010759/files/Days_and_Time_3of3.zip/content
Days_and_Time/86. Time/MVI_4669.MOV,Days_and_Time_3of3.zip,https://zenodo.org/api/records/4010759/files/Days_and_Time_3of3.zip/content
Days_and_Time/86. Time/MVI_4670.MOV,Days_and_Time_3of3.zip,https://zenodo.org/api/records/4010759/files/Days_and_Time_3of3.zip/content
Days_and_Time/86. Time/MVI_5077.MOV,Days_and_Time_3of3.zip,https://zenodo.org/api/records/4010759/files/Days_and_Time_3of3.zip/content
Days_and_Time/86. Time/MVI_5078.MOV,Days_and_Time_3of3.zip,https://zenodo.org/api/records/4010759/files/Days_and_Time_3of3.zip/content
Days_and_Time/86. Time/MVI_5079.MOV,Days_and_Time_3of3.zip,https://zenodo.org/api/records/4010759/files/Days_and_Time_3of3.zip/content
Days_and_Time/86. Time/MVI_5524.MOV,Days_and_Time_3of3.zip,https://zenodo.org/api/records/4010759/files/Days_and_Time_3of3.zip/content
Days_and_Time/86. Time/MVI_5525.MOV,Days_and_Time_3of3.zip,https://zenodo.org/api/records/4010759/files/Days_and_Time_3of3.zip/content
Days_and_Time/86. Time/MVI_5526.MOV,Days_and_Time_3of3.zip,https://zenodo.org/api/records/4010759/files/Days_and_Time_3of3.zip/content
Days_and_Time/86. Time/MVI_5527.MOV,Days_and_Time_3of3.zip,https://zenodo.org/api/records/4010759/files/Days_and_Time_3of3.zip/content
Days_and_Time/86. Time/MVI_9201.MP4,Days_and_Time_3of3.zip,https://zenodo.org/api/records/4010759/files/Days_and_Time_3of3.zip/content
Days_and_Time/86. Time/MVI_9202.MP4,Days_and_Time_3of3.zip,https://zenodo.org/api/records/4010759/files/Days_and_Time_3of3.zip/content
Days_and_Time/86. Time/MVI_9203.MP4,Days_and_Time_3of3.zip,https://zenodo.org/api/records/4010759/files/Days_and_Time_3of3.zip/content
People/77. Boy/MVI_3814.MOV,People_4of5.zip,https://zenodo.org/api/records/4010759/files/People_4of5.zip/content
People/77. Boy/MVI_3816.MOV,People_4of5.zip,https://zenodo.org/api/records/4010759/files/People_4of5.zip/content
People/77. Boy/MVI_3963.MOV,People_4of5.zip,https://zenodo.org/api/records/4010759/files/People_4of5.zip/content
People/77. Boy/MVI_3964.MOV,People_4of5.zip,https://zenodo.org/api/records/4010759/files/People_4of5.zip/content
People/77. Boy/MVI_4109.MOV,People_4of5.zip,https://zenodo.org/api/records/4010759/files/People_4of5.zip/content
People/77. Boy/MVI_4110.MOV,People_4of5.zip,https://zenodo.org/api/records/4010759/files/People_4of5.zip/content
People/77. Boy/MVI_4111.MOV,People_4of5.zip,https://zenodo.org/api/records/4010759/files/People_4of5.zip/content
People/77. Boy/MVI_4112.MOV,People_4of5.zip,https://zenodo.org/api/records/4010759/files/People_4of5.zip/content
People/77. Boy/MVI_4242.MOV,People_4of5.zip,https://zenodo.org/api/records/4010759/files/People_4of5.zip/content
People/77. Boy/MVI_4981.MOV,People_4of5.zip,https://zenodo.org/api/records/4010759/files/People_4of5.zip/content
People/77. Boy/MVI_4982.MOV,People_4of5.zip,https://zenodo.org/api/records/4010759/files/People_4of5.zip/content
People/77. Boy/MVI_4983.MOV,People_4of5.zip,https://zenodo.org/api/records/4010759/files/People_4of5.zip/content
People/77. Boy/MVI_5132.MOV,People_4of5.zip,https://zenodo.org/api/records/4010759/files/People_4of5.zip/content
People/77. Boy/MVI_5133.MOV,People_4of5.zip,https://zenodo.org/api/records/4010759/files/People_4of5.zip/content
People/77. Boy/MVI_5134.MOV,People_4of5.zip,https://zenodo.org/api/records/4010759/files/People_4of5.zip/content
People/77. Boy/MVI_5285.MOV,People_4of5.zip,https://zenodo.org/api/records/4010759/files/People_4of5.zip/content
People/77. Boy/MVI_5286.MOV,People_4of5.zip,https://zenodo.org/api/records/4010759/files/People_4of5.zip/content
People/77. Boy/MVI_5287.MOV,People_4of5.zip,https://zenodo.org/api/records/4010759/files/People_4of5.zip/content
People/77. Boy/MVI_8644.MP4,People_4of5.zip,https://zenodo.org/api/records/4010759/files/People_4of5.zip/content
People/78. Girl/MVI_3817.MOV,People_4of5.zip,https://zenodo.org/api/records/4010759/files/People_4of5.zip/content
People/78. Girl/MVI_3818.MOV,People_4of5.zip,https://zenodo.org/api/records/4010759/files/People_4of5.zip/content
People/78. Girl/MVI_3819.MOV,People_4of5.zip,https://zenodo.org/api/records/4010759/files/People_4of5.zip/content
People/78. Girl/MVI_3965.MOV,People_4of5.zip,https://zenodo.org/api/records/4010759/files/People_4of5.zip/content
People/78. Girl/MVI_3966.MOV,People_4of5.zip,https://zenodo.org/api/records/4010759/files/People_4of5.zip/content
People/78. Girl/MVI_3967.MOV,People_4of5.zip,https://zenodo.org/api/records/4010759/files/People_4of5.zip/content
People/78. Girl/MVI_4113.MOV,People_4of5.zip,https://zenodo.org/api/records/4010759/files/People_4of5.zip/content
People/78. Girl/MVI_4114.MOV,People_4of5.zip,https://zenodo.org/api/records/4010759/files/People_4of5.zip/content
People/78. Girl/MVI_4243.MOV,People_4of5.zip,https://zenodo.org/api/records/4010759/files/People_4of5.zip/content
People/78. Girl/MVI_4984.MOV,People_4of5.zip,https://zenodo.org/api/records/4010759/files/People_4of5.zip/content
People/78. Girl/MVI_4985.MOV,People_4of5.zip,https://zenodo.org/api/records/4010759/files/People_4of5.zip/content
People/78. Girl/MVI_5135.MOV,People_4of5.zip,https://zenodo.org/api/records/4010759/files/People_4of5.zip/content
People/78. Girl/MVI_5136.MOV,People_4of5.zip,https://zenodo.org/api/records/4010759/files/People_4of5.zip/content
People/78. Girl/MVI_5137.MOV,People_4of5.zip,https://zenodo.org/api/records/4010759/files/People_4of5.zip/content
People/78. Girl/MVI_5288.MOV,People_4of5.zip,https://zenodo.org/api/records/4010759/files/People_4of5.zip/content
People/78. Girl/MVI_5289.MOV,People_4of5.zip,https://zenodo.org/api/records/4010759/files/People_4of5.zip/content
People/78. Girl/MVI_5290.MOV,People_4of5.zip,https://zenodo.org/api/records/4010759/files/People_4of5.zip/content
People/78. Girl/MVI_8645.MP4,People_4of5.zip,https://zenodo.org/api/records/4010759/files/People_4of5.zip/content
Days_and_Time/78. Year/MVI_4635.MOV,Days_and_Time_2of3.zip,https://zenodo.org/api/records/4010759/files/Days_and_Time_2of3.zip/content
Days_and_Time/78. Year/MVI_4636.MOV,Days_and_Time_2of3.zip,https://zenodo.org/api/records/4010759/files/Days_and_Time_2of3.zip/content
Days_and_Time/78. Year/MVI_4637.MOV,Days_and_Time_2of3.zip,https://zenodo.org/api/records/4010759/files/Days_and_Time_2of3.zip/content
Days_and_Time/78. Year/MVI_4638.MOV,Days_and_Time_2of3.zip,https://zenodo.org/api/records/4010759/files/Days_and_Time_2of3.zip/content
Days_and_Time/78. Year/MVI_5047.MOV,Days_and_Time_2of3.zip,https://zenodo.org/api/records/4010759/files/Days_and_Time_2of3.zip/content
Days_and_Time/78. Year/MVI_5048.MOV,Days_and_Time_2of3.zip,https://zenodo.org/api/records/4010759/files/Days_and_Time_2of3.zip/content
Days_and_Time/78. Year/MVI_5049.MOV,Days_and_Time_2of3.zip,https://zenodo.org/api/records/4010759/files/Days_and_Time_2of3.zip/content
Days_and_Time/78. Year/MVI_5491.MOV,Days_and_Time_2of3.zip,https://zenodo.org/api/records/4010759/files/Days_and_Time_2of3.zip/content
Days_and_Time/78. Year/MVI_5492.MOV,Days_and_Time_2of3.zip,https://zenodo.org/api/records/4010759/files/Days_and_Time_2of3.zip/content
Days_and_Time/78. Year/MVI_5493.MOV,Days_and_Time_2of3.zip,https://zenodo.org/api/records/4010759/files/Days_and_Time_2of3.zip/content
Days_and_Time/78. Year/MVI_5494.MOV,Days_and_Time_2of3.zip,https://zenodo.org/api/records/4010759/files/Days_and_Time_2of3.zip/content
Days_and_Time/78. Year/MVI_9176.MP4,Days_and_Time_2of3.zip,https://zenodo.org/api/records/4010759/files/Days_and_Time_2of3.zip/content
Days_and_Time/78. Year/MVI_9177.MP4,Days_and_Time_2of3.zip,https://zenodo.org/api/records/4010759/files/Days_and_Time_2of3.zip/content
Days_and_Time/78. Year/MVI_9178.MP4,Days_and_Time_2of3.zip,https://zenodo.org/api/records/4010759/files/Days_and_Time_2of3.zip/content
Days_and_Time/67. Monday/MVI_4591.MOV,Days_and_Time_1of3.zip,https://zenodo.org/api/records/4010759/files/Days_and_Time_1of3.zip/content
Days_and_Time/67. Monday/MVI_4592.MOV,Days_and_Time_1of3.zip,https://zenodo.org/api/records/4010759/files/Days_and_Time_1of3.zip/content
Days_and_Time/67. Monday/MVI_4593.MOV,Days_and_Time_1of3.zip,https://zenodo.org/api/records/4010759/files/Days_and_Time_1of3.zip/content
Days_and_Time/67. Monday/MVI_4594.MOV,Days_and_Time_1of3.zip,https://zenodo.org/api/records/4010759/files/Days_and_Time_1of3.zip/content
Days_and_Time/67. Monday/MVI_5009.MOV,Days_and_Time_1of3.zip,https://zenodo.org/api/records/4010759/files/Days_and_Time_1of3.zip/content
Days_and_Time/67. Monday/MVI_5010.MOV,Days_and_Time_1of3.zip,https://zenodo.org/api/records/4010759/files/Days_and_Time_1of3.zip/content
Days_and_Time/67. Monday/MVI_5011.MOV,Days_and_Time_1of3.zip,https://zenodo.org/api/records/4010759/files/Days_and_Time_1of3.zip/content
Days_and_Time/67. Monday/MVI_5446.MOV,Days_and_Time_1of3.zip,https://zenodo.org/api/records/4010759/files/Days_and_Time_1of3.zip/content
Days_and_Time/67. Monday/MVI_5447.MOV,Days_and_Time_1of3.zip,https://zenodo.org/api/records/4010759/files/Days_and_Time_1of3.zip/content
Days_and_Time/67. Monday/MVI_5449.MOV,Days_and_Time_1of3.zip,https://zenodo.org/api/records/4010759/files/Days_and_Time_1of3.zip/content
Days_and_Time/67. Monday/MVI_9142.MP4,Days_and_Time_1of3.zip,https://zenodo.org/api/records/4010759/files/Days_and_Time_1of3.zip/content
Days_and_Time/67. Monday/MVI_9143.MP4,Days_and_Time_1of3.zip,https://zenodo.org/api/records/4010759/files/Days_and_Time_1of3.zip/content
Days_and_Time/67. Monday/MVI_9144.MP4,Days_and_Time_1of3.zip,https://zenodo.org/api/records/4010759/files/Days_and_Time_1of3.zip/content
People/66. Brother/MVI_3779.MOV,People_2of5.zip,https://zenodo.org/api/records/4010759/files/People_2of5.zip/content
People/66. Brother/MVI_3780.MOV,People_2of5.zip,https://zenodo.org/api/records/4010759/files/People_2of5.zip/content
People/66. Brother/MVI_3781.MOV,People_2of5.zip,https://zenodo.org/api/records/4010759/files/People_2of5.zip/content
People/66. Brother/MVI_3927.MOV,People_2of5.zip,https://zenodo.org/api/records/4010759/files/People_2of5.zip/content
People/66. Brother/MVI_3928.MOV,People_2of5.zip,https://zenodo.org/api/records/4010759/files/People_2of5.zip/content
People/66. Brother/MVI_3929.MOV,People_2of5.zip,https://zenodo.org/api/records/4010759/files/People_2of5.zip/content
People/66. Brother/MVI_4075.MOV,People_2of5.zip,https://zenodo.org/api/records/4010759/files/People_2of5.zip/content
People/66. Brother/MVI_4076.MOV,People_2of5.zip,https://zenodo.org/api/records/4010759/files/People_2of5.zip/content
People/66. Brother/MVI_4077.MOV,People_2of5.zip,https://zenodo.org/api/records/4010759/files/People_2of5.zip/content
People/66. Brother/MVI_4230.MOV,People_2of5.zip,https://zenodo.org/api/records/4010759/files/People_2of5.zip/content
People/66. Brother/MVI_4955.MOV,People_2of5.zip,https://zenodo.org/api/records/4010759/files/People_2of5.zip/content
People/66. Brother/MVI_4956.MOV,People_2of5.zip,https://zenodo.org/api/records/4010759/files/People_2of5.zip/content
People/66. Brother/MVI_4957.MOV,People_2of5.zip,https://zenodo.org/api/records/4010759/files/People_2of5.zip/content
People/66. Brother/MVI_5095.MOV,People_2of5.zip,https://zenodo.org/api/records/4010759/files/People_2of5.zip/content
People/66. Brother/MVI_5096.MOV,People_2of5.zip,https://zenodo.org/api/records/4010759/files/People_2of5.zip/content
People/66. Brother/MVI_5097.MOV,People_2of5.zip,https://zenodo.org/api/records/4010759/files/People_2of5.zip/content
People/66. Brother/MVI_5243.MOV,People_2of5.zip,https://zenodo.org/api/records/4010759/files/People_2of5.zip/content
People/66. Brother/MVI_5244.MOV,People_2of5.zip,https://zenodo.org/api/records/4010759/files/People_2of5.zip/content
People/66. Brother/MVI_8631.MP4,People_2of5.zip,https://zenodo.org/api/records/4010759/files/People_2of5.zip/content
Colours/54. Black/MVI_3740.MOV,Colours_2of2.zip,https://zenodo.org/api/records/4010759/files/Colours_2of2.zip/content
Colours/54. Black/MVI_3741.MOV,Colours_2of2.zip,https://zenodo.org/api/records/4010759/files/Colours_2of2.zip/content
Colours/54. Black/MVI_3742.MOV,Colours_2of2.zip,https://zenodo.org/api/records/4010759/files/Colours_2of2.zip/content
Colours/54. Black/MVI_3887.MOV,Colours_2of2.zip,https://zenodo.org/api/records/4010759/files/Colours_2of2.zip/content
Colours/54. Black/MVI_3888.MOV,Colours_2of2.zip,https://zenodo.org/api/records/4010759/files/Colours_2of2.zip/content
Colours/54. Black/MVI_3889.MOV,Colours_2of2.zip,https://zenodo.org/api/records/4010759/files/Colours_2of2.zip/content
Colours/54. Black/MVI_4040.MOV,Colours_2of2.zip,https://zenodo.org/api/records/4010759/files/Colours_2of2.zip/content
Colours/54. Black/MVI_4041.MOV,Colours_2of2.zip,https://zenodo.org/api/records/4010759/files/Colours_2of2.zip/content
Colours/54. Black/MVI_4215.MOV,Colours_2of2.zip,https://zenodo.org/api/records/4010759/files/Colours_2of2.zip/content
Colours/54. Black/MVI_4918.MOV,Colours_2of2.zip,https://zenodo.org/api/records/4010759/files/Colours_2of2.zip/content
Colours/54. Black/MVI_4919.MOV,Colours_2of2.zip,https://zenodo.org/api/records/4010759/files/Colours_2of2.zip/content
Colours/54. Black/MVI_4920.MOV,Colours_2of2.zip,https://zenodo.org/api/records/4010759/files/Colours_2of2.zip/content
Colours/54. Black/MVI_5058.MOV,Colours_2of2.zip,https://zenodo.org/api/records/4010759/files/Colours_2of2.zip/content
Colours/54. Black/MVI_5059.MOV,Colours_2of2.zip,https://zenodo.org/api/records/4010759/files/Colours_2of2.zip/content
Colours/54. Black/MVI_5060.MOV,Colours_2of2.zip,https://zenodo.org/api/records/4010759/files/Colours_2of2.zip/content
Colours/54. Black/MVI_5206.MOV,Colours_2of2.zip,https://zenodo.org/api/records/4010759/files/Colours_2of2.zip/content
Colours/54. Black/MVI_5207.MOV,Colours_2of2.zip,https://zenodo.org/api/records/4010759/files/Colours_2of2.zip/content
Colours/54. Black/MVI_5208.MOV,Colours_2of2.zip,https://zenodo.org/api/records/4010759/files/Colours_2of2.zip/content
Colours/54. Black/MVI_8619.MP4,Colours_2of2.zip,https://zenodo.org/api/records/4010759/files/Colours_2of2.zip/content
Colours/55. White/MVI_3743.MOV,Colours_2of2.zip,https://zenodo.org/api/records/4010759/files/Colours_2of2.zip/content
Colours/55. White/MVI_3745.MOV,Colours_2of2.zip,https://zenodo.org/api/records/4010759/files/Colours_2of2.zip/content
Colours/55. White/MVI_3890.MOV,Colours_2of2.zip,https://zenodo.org/api/records/4010759/files/Colours_2of2.zip/content
Colours/55. White/MVI_3891.MOV,Colours_2of2.zip,https://zenodo.org/api/records/4010759/files/Colours_2of2.zip/content
Colours/55. White/MVI_3892.MOV,Colours_2of2.zip,https://zenodo.org/api/records/4010759/files/Colours_2of2.zip/content
Colours/55. White/MVI_4042.MOV,Colours_2of2.zip,https://zenodo.org/api/records/4010759/files/Colours_2of2.zip/content
Colours/55. White/MVI_4043.MOV,Colours_2of2.zip,https://zenodo.org/api/records/4010759/files/Colours_2of2.zip/content
Colours/55. White/MVI_4044.MOV,Colours_2of2.zip,https://zenodo.org/api/records/4010759/files/Colours_2of2.zip/content
Colours/55. White/MVI_4216.MOV,Colours_2of2.zip,https://zenodo.org/api/records/4010759/files/Colours_2of2.zip/content
Colours/55. White/MVI_4921.MOV,Colours_2of2.zip,https://zenodo.org/api/records/4010759/files/Colours_2of2.zip/content
Colours/55. White/MVI_4922.MOV,Colours_2of2.zip,https://zenodo.org/api/records/4010759/files/Colours_2of2.zip/content
Colours/55. White/MVI_4923.MOV,Colours_2of2.zip,https://zenodo.org/api/records/4010759/files/Colours_2of2.zip/content
Colours/55. White/MVI_5061.MOV,Colours_2of2.zip,https://zenodo.org/api/records/4010759/files/Colours_2of2.zip/content
Colours/55. White/MVI_5062.MOV,Colours_2of2.zip,https://zenodo.org/api/records/4010759/files/Colours_2of2.zip/content
Colours/55. White/MVI_5209.MOV,Colours_2of2.zip,https://zenodo.org/api/records/4010759/files/Colours_2of2.zip/content
Colours/55. White/MVI_5210.MOV,Colours_2of2.zip,https://zenodo.org/api/records/4010759/files/Colours_2of2.zip/content
Colours/55. White/MVI_5211.MOV,Colours_2of2.zip,https://zenodo.org/api/records/4010759/files/Colours_2of2.zip/content
Colours/55. White/MVI_8620.MP4,Colours_2of2.zip,https://zenodo.org/api/records/4010759/files/Colours_2of2.zip/content
People/61. Father/MVI_3763.MOV,People_1of5.zip,https://zenodo.org/api/records/4010759/files/People_1of5.zip/content
People/61. Father/MVI_3764.MOV,People_1of5.zip,https://zenodo.org/api/records/4010759/files/People_1of5.zip/content
People/61. Father/MVI_3765.MOV,People_1of5.zip,https://zenodo.org/api/records/4010759/files/People_1of5.zip/content
People/61. Father/MVI_3910.MOV,People_1of5.zip,https://zenodo.org/api/records/4010759/files/People_1of5.zip/content
People/61. Father/MVI_3912.MOV,People_1of5.zip,https://zenodo.org/api/records/4010759/files/People_1of5.zip/content
People/61. Father/MVI_4060.MOV,People_1of5.zip,https://zenodo.org/api/records/4010759/files/People_1of5.zip/content
People/61. Father/MVI_4061.MOV,People_1of5.zip,https://zenodo.org/api/records/4010759/files/People_1of5.zip/content
People/61. Father/MVI_4062.MOV,People_1of5.zip,https://zenodo.org/api/records/4010759/files/People_1of5.zip/content
People/61. Father/MVI_4223.MOV,People_1of5.zip,https://zenodo.org/api/records/4010759/files/People_1of5.zip/content
People/61. Father/MVI_4940.MOV,People_1of5.zip,https://zenodo.org/api/records/4010759/files/People_1of5.zip/content
People/61. Father/MVI_4941.MOV,People_1of5.zip,https://zenodo.org/api/records/4010759/files/People_1of5.zip/content
People/61. Father/MVI_4942.MOV,People_1of5.zip,https://zenodo.org/api/records/4010759/files/People_1of5.zip/content
People/61. Father/MVI_5080.MOV,People_1of5.zip,https://zenodo.org/api/records/4010759/files/People_1of5.zip/content
People/61. Father/MVI_5081.MOV,People_1of5.zip,https://zenodo.org/api/records/4010759/files/People_1of5.zip/content
People/61. Father/MVI_5082.MOV,People_1of5.zip,https://zenodo.org/api/records/4010759/files/People_1of5.zip/content
People/61. Father/MVI_5227.MOV,People_1of5.zip,https://zenodo.org/api/records/4010759/files/People_1of5.zip/content
People/61. Father/MVI_5228.MOV,People_1of5.zip,https://zenodo.org/api/records/4010759/files/People_1of5.zip/content
People/61. Father/MVI_5229.MOV,People_1of5.zip,https://zenodo.org/api/records/4010759/files/People_1of5.zip/content
Electronics/53. Fan/MVI_4532.MOV,Electronics_1of2.zip,https://zenodo.org/api/records/4010759/files/Electronics_1of2.zip/content
Electronics/53. Fan/MVI_4533.MOV,Electronics_1of2.zip,https://zenodo.org/api/records/4010759/files/Electronics_1of2.zip/content
Electronics/53. Fan/MVI_4534.MOV,Electronics_1of2.zip,https://zenodo.org/api/records/4010759/files/Electronics_1of2.zip/content
Electronics/53. Fan/MVI_4535.MOV,Electronics_1of2.zip,https://zenodo.org/api/records/4010759/files/Electronics_1of2.zip/content
Electronics/53. Fan/MVI_4536.MOV,Electronics_1of2.zip,https://zenodo.org/api/records/4010759/files/Electronics_1of2.zip/content
Electronics/53. Fan/MVI_4965.MOV,Electronics_1of2.zip,https://zenodo.org/api/records/4010759/files/Electronics_1of2.zip/content
Electronics/53. Fan/MVI_4966.MOV,Electronics_1of2.zip,https://zenodo.org/api/records/4010759/files/Electronics_1of2.zip/content
Electronics/53. Fan/MVI_5387.MOV,Electronics_1of2.zip,https://zenodo.org/api/records/4010759/files/Electronics_1of2.zip/content
Electronics/53. Fan/MVI_5388.MOV,Electronics_1of2.zip,https://zenodo.org/api/records/4010759/files/Electronics_1of2.zip/content
Electronics/53. Fan/MVI_5389.MOV,Electronics_1of2.zip,https://zenodo.org/api/records/4010759/files/Electronics_1of2.zip/content
Electronics/53. Fan/MVI_5390.MOV,Electronics_1of2.zip,https://zenodo.org/api/records/4010759/files/Electronics_1of2.zip/content
Electronics/53. Fan/MVI_9097.MP4,Electronics_1of2.zip,https://zenodo.org/api/records/4010759/files/Electronics_1of2.zip/content
Electronics/53. Fan/MVI_9098.MP4,Electronics_1of2.zip,https://zenodo.org/api/records/4010759/files/Electronics_1of2.zip/content
Electronics/53. Fan/MVI_9099.MP4,Electronics_1of2.zip,https://zenodo.org/api/records/4010759/files/Electronics_1of2.zip/content
Electronics/54. Cell phone/MVI_4537.MOV,Electronics_1of2.zip,https://zenodo.org/api/records/4010759/files/Electronics_1of2.zip/content
Electronics/54. Cell phone/MVI_4538.MOV,Electronics_1of2.zip,https://zenodo.org/api/records/4010759/files/Electronics_1of2.zip/content
Electronics/54. Cell phone/MVI_4539.MOV,Electronics_1of2.zip,https://zenodo.org/api/records/4010759/files/Electronics_1of2.zip/content
Electronics/54. Cell phone/MVI_4540.MOV,Electronics_1of2.zip,https://zenodo.org/api/records/4010759/files/Electronics_1of2.zip/content
Electronics/54. Cell phone/MVI_4967.MOV,Electronics_1of2.zip,https://zenodo.org/api/records/4010759/files/Electronics_1of2.zip/content
Electronics/54. Cell phone/MVI_4968.MOV,Electronics_1of2.zip,https://zenodo.org/api/records/4010759/files/Electronics_1of2.zip/content
Electronics/54. Cell phone/MVI_4969.MOV,Electronics_1of2.zip,https://zenodo.org/api/records/4010759/files/Electronics_1of2.zip/content
Electronics/54. Cell phone/MVI_5391.MOV,Electronics_1of2.zip,https://zenodo.org/api/records/4010759/files/Electronics_1of2.zip/content
Electronics/54. Cell phone/MVI_5392.MOV,Electronics_1of2.zip,https://zenodo.org/api/records/4010759/files/Electronics_1of2.zip/content
Electronics/54. Cell phone/MVI_5393.MOV,Electronics_1of2.zip,https://zenodo.org/api/records/4010759/files/Electronics_1of2.zip/content
Electronics/54. Cell phone/MVI_9100.MP4,Electronics_1of2.zip,https://zenodo.org/api/records/4010759/files/Electronics_1of2.zip/content
Electronics/54. Cell phone/MVI_9101.MP4,Electronics_1of2.zip,https://zenodo.org/api/records/4010759/files/Electronics_1of2.zip/content
Electronics/54. Cell phone/MVI_9102.MP4,Electronics_1of2.zip,https://zenodo.org/api/records/4010759/files/Electronics_1of2.zip/content
Means_of_Transportation/16. train ticket/MVI_3132.MOV,Means_of_Transportation_2of2.zip,https://zenodo.org/api/records/4010759/files/Means_of_Transportation_2of2.zip/content
Means_of_Transportation/16. train ticket/MVI_3133.MOV,Means_of_Transportation_2of2.zip,https://zenodo.org/api/records/4010759/files/Means_of_Transportation_2of2.zip/content
Means_of_Transportation/16. train ticket/MVI_3134.MOV,Means_of_Transportation_2of2.zip,https://zenodo.org/api/records/4010759/files/Means_of_Transportation_2of2.zip/content
Means_of_Transportation/16. train ticket/MVI_3162.MOV,Means_of_Transportation_2of2.zip,https://zenodo.org/api/records/4010759/files/Means_of_Transportation_2of2.zip/content
Means_of_Transportation/16. train ticket/MVI_3163.MOV,Means_of_Transportation_2of2.zip,https://zenodo.org/api/records/4010759/files/Means_of_Transportation_2of2.zip/content
Means_of_Transportation/16. train ticket/MVI_3164.MOV,Means_of_Transportation_2of2.zip,https://zenodo.org/api/records/4010759/files/Means_of_Transportation_2of2.zip/content
Means_of_Transportation/16. train ticket/MVI_3194.MOV,Means_of_Transportation_2of2.zip,https://zenodo.org/api/records/4010759/files/Means_of_Transportation_2of2.zip/content
Means_of_Transportation/16. train ticket/MVI_3195.MOV,Means_of_Transportation_2of2.zip,https://zenodo.org/api/records/4010759/files/Means_of_Transportation_2of2.zip/content
Means_of_Transportation/16. train ticket/MVI_3196.MOV,Means_of_Transportation_2of2.zip,https://zenodo.org/api/records/4010759/files/Means_of_Transportation_2of2.zip/content
Means_of_Transportation/16. train ticket/MVI_3197.MOV,Means_of_Transportation_2of2.zip,https://zenodo.org/api/records/4010759/files/Means_of_Transportation_2of2.zip/content
Means_of_Transportation/16. train ticket/MVI_3224.MOV,Means_of_Transportation_2of2.zip,https://zenodo.org/api/records/4010759/files/Means_of_Transportation_2of2.zip/content
Means_of_Transportation/16. train ticket/MVI_3225.MOV,Means_of_Transportation_2of2.zip,https://zenodo.org/api/records/4010759/files/Means_of_Transportation_2of2.zip/content
Means_of_Transportation/16. train ticket/MVI_3226.MOV,Means_of_Transportation_2of2.zip,https://zenodo.org/api/records/4010759/files/Means_of_Transportation_2of2.zip/content
Means_of_Transportation/16. train ticket/MVI_3253.MOV,Means_of_Transportation_2of2.zip,https://zenodo.org/api/records/4010759/files/Means_of_Transportation_2of2.zip/content
Means_of_Transportation/16. train ticket/MVI_3254.MOV,Means_of_Transportation_2of2.zip,https://zenodo.org/api/records/4010759/files/Means_of_Transportation_2of2.zip/content
Means_of_Transportation/16. train ticket/MVI_3255.MOV,Means_of_Transportation_2of2.zip,https://zenodo.org/api/records/4010759/files/Means_of_Transportation_2of2.zip/content
Means_of_Transportation/16. train ticket/MVI_4191.MOV,Means_of_Transportation_2of2.zip,https://zenodo.org/api/records/4010759/files/Means_of_Transportation_2of2.zip/content
Means_of_Transportation/16. train ticket/MVI_4193.MOV,Means_of_Transportation_2of2.zip,https://zenodo.org/api/records/4010759/files/Means_of_Transportation_2of2.zip/content
Means_of_Transportation/16. train ticket/MVI_8596.MP4,Means_of_Transportation_2of2.zip,https://zenodo.org/api/records/4010759/files/Means_of_Transportation_2of2.zip/content
Means_of_Transportation/16. train ticket/MVI_8597.MP4,Means_of_Transportation_2of2.zip,https://zenodo.org/api/records/4010759/files/Means_of_Transportation_2of2.zip/content
Means_of_Transportation/11. Car/MVI_3116.MOV,Means_of_Transportation_1of2.zip,https://zenodo.org/api/records/4010759/files/Means_of_Transportation_1of2.zip/content
Means_of_Transportation/11. Car/MVI_3117.MOV,Means_of_Transportation_1of2.zip,https://zenodo.org/api/records/4010759/files/Means_of_Transportation_1of2.zip/content
Means_of_Transportation/11. Car/MVI_3145.MOV,Means_of_Transportation_1of2.zip,https://zenodo.org/api/records/4010759/files/Means_of_Transportation_1of2.zip/content
Means_of_Transportation/11. Car/MVI_3146.MOV,Means_of_Transportation_1of2.zip,https://zenodo.org/api/records/4010759/files/Means_of_Transportation_1of2.zip/content
Means_of_Transportation/11. Car/MVI_3147.MOV,Means_of_Transportation_1of2.zip,https://zenodo.org/api/records/4010759/files/Means_of_Transportation_1of2.zip/content
Means_of_Transportation/11. Car/MVI_3174.MOV,Means_of_Transportation_1of2.zip,https://zenodo.org/api/records/4010759/files/Means_of_Transportation_1of2.zip/content
Means_of_Transportation/11. Car/MVI_3175.MOV,Means_of_Transportation_1of2.zip,https://zenodo.org/api/records/4010759/files/Means_of_Transportation_1of2.zip/content
Means_of_Transportation/11. Car/MVI_3176.MOV,Means_of_Transportation_1of2.zip,https://zenodo.org/api/records/4010759/files/Means_of_Transportation_1of2.zip/content
Means_of_Transportation/11. Car/MVI_3209.MOV,Means_of_Transportation_1of2.zip,https://zenodo.org/api/records/4010759/files/Means_of_Transportation_1of2.zip/content
Means_of_Transportation/11. Car/MVI_3210.MOV,Means_of_Transportation_1of2.zip,https://zenodo.org/api/records/4010759/files/Means_of_Transportation_1of2.zip/content
Means_of_Transportation/11. Car/MVI_3211.MOV,Means_of_Transportation_1of2.zip,https://zenodo.org/api/records/4010759/files/Means_of_Transportation_1of2.zip/content
Means_of_Transportation/11. Car/MVI_3238.MOV,Means_of_Transportation_1of2.zip,https://zenodo.org/api/records/4010759/files/Means_of_Transportation_1of2.zip/content
Means_of_Transportation/11. Car/MVI_3239.MOV,Means_of_Transportation_1of2.zip,https://zenodo.org/api/records/4010759/files/Means_of_Transportation_1of2.zip/content
Means_of_Transportation/11. Car/MVI_4176.MOV,Means_of_Transportation_1of2.zip,https://zenodo.org/api/records/4010759/files/Means_of_Transportation_1of2.zip/content
Means_of_Transportation/11. Car/MVI_4177.MOV,Means_of_Transportation_1of2.zip,https://zenodo.org/api/records/4010759/files/Means_of_Transportation_1of2.zip/content
Means_of_Transportation/11. Car/MVI_4178.MOV,Means_of_Transportation_1of2.zip,https://zenodo.org/api/records/4010759/files/Means_of_Transportation_1of2.zip/content
Means_of_Transportation/11. Car/MVI_8583.MP4,Means_of_Transportation_1of2.zip,https://zenodo.org/api/records/4010759/files/Means_of_Transportation_1of2.zip/content
Means_of_Transportation/11. Car/MVI_8584.MP4,Means_of_Transportation_1of2.zip,https://zenodo.org/api/records/4010759/files/Means_of_Transportation_1of2.zip/content
Colours/47. Red/MVI_3719.MOV,Colours_1of2.zip,https://zenodo.org/api/records/4010759/files/Colours_1of2.zip/content
Colours/47. Red/MVI_3720.MOV,Colours_1of2.zip,https://zenodo.org/api/records/4010759/files/Colours_1of2.zip/content
Colours/47. Red/MVI_3721.MOV,Colours_1of2.zip,https://zenodo.org/api/records/4010759/files/Colours_1of2.zip/content
Colours/47. Red/MVI_3867.MOV,Colours_1of2.zip,https://zenodo.org/api/records/4010759/files/Colours_1of2.zip/content
Colours/47. Red/MVI_3868.MOV,Colours_1of2.zip,https://zenodo.org/api/records/4010759/files/Colours_1of2.zip/content
Colours/47. Red/MVI_4017.MOV,Colours_1of2.zip,https://zenodo.org/api/records/4010759/files/Colours_1of2.zip/content
Colours/47. Red/MVI_4018.MOV,Colours_1of2.zip,https://zenodo.org/api/records/4010759/files/Colours_1of2.zip/content
Colours/47. Red/MVI_4019.MOV,Colours_1of2.zip,https://zenodo.org/api/records/4010759/files/Colours_1of2.zip/content
Colours/47. Red/MVI_4207.MOV,Colours_1of2.zip,https://zenodo.org/api/records/4010759/files/Colours_1of2.zip/content
Colours/47. Red/MVI_4898.MOV,Colours_1of2.zip,https://zenodo.org/api/records/4010759/files/Colours_1of2.zip/content
Colours/47. Red/MVI_4899.MOV,Colours_1of2.zip,https://zenodo.org/api/records/4010759/files/Colours_1of2.zip/content
Colours/47. Red/MVI_5037.MOV,Colours_1of2.zip,https://zenodo.org/api/records/4010759/files/Colours_1of2.zip/content
Colours/47. Red/MVI_5038.MOV,Colours_1of2.zip,https://zenodo.org/api/records/4010759/files/Colours_1of2.zip/content
Colours/47. Red/MVI_5039.MOV,Colours_1of2.zip,https://zenodo.org/api/records/4010759/files/Colours_1of2.zip/content
Colours/47. Red/MVI_5184.MOV,Colours_1of2.zip,https://zenodo.org/api/records/4010759/files/Colours_1of2.zip/content
Colours/47. Red/MVI_5185.MOV,Colours_1of2.zip,https://zenodo.org/api/records/4010759/files/Colours_1of2.zip/content
Colours/47. Red/MVI_5186.MOV,Colours_1of2.zip,https://zenodo.org/api/records/4010759/files/Colours_1of2.zip/content
Colours/47. Red/MVI_8612.MP4,Colours_1of2.zip,https://zenodo.org/api/records/4010759/files/Colours_1of2.zip/content
Animals/1. Dog/MVI_2978.MOV,Animals_1of2.zip,https://zenodo.org/api/records/4010759/files/Animals_1of2.zip/content
Animals/1. Dog/MVI_2979.MOV,Animals_1of2.zip,https://zenodo.org/api/records/4010759/files/Animals_1of2.zip/content
Animals/1. Dog/MVI_2980.MOV,Animals_1of2.zip,https://zenodo.org/api/records/4010759/files/Animals_1of2.zip/content
Animals/1. Dog/MVI_3002.MOV,Animals_1of2.zip,https://zenodo.org/api/records/4010759/files/Animals_1of2.zip/content
Animals/1. Dog/MVI_3003.MOV,Animals_1of2.zip,https://zenodo.org/api/records/4010759/files/Animals_1of2.zip/content
Animals/1. Dog/MVI_3004.MOV,Animals_1of2.zip,https://zenodo.org/api/records/4010759/files/Animals_1of2.zip/content
Animals/1. Dog/MVI_3028.MOV,Animals_1of2.zip,https://zenodo.org/api/records/4010759/files/Animals_1of2.zip/content
Animals/1. Dog/MVI_3029.MOV,Animals_1of2.zip,https://zenodo.org/api/records/4010759/files/Animals_1of2.zip/content
Animals/1. Dog/MVI_3030.MOV,Animals_1of2.zip,https://zenodo.org/api/records/4010759/files/Animals_1of2.zip/content
Animals/1. Dog/MVI_3059.MOV,Animals_1of2.zip,https://zenodo.org/api/records/4010759/files/Animals_1of2.zip/content
Animals/1. Dog/MVI_3060.MOV,Animals_1of2.zip,https://zenodo.org/api/records/4010759/files/Animals_1of2.zip/content
Animals/1. Dog/MVI_3061.MOV,Animals_1of2.zip,https://zenodo.org/api/records/4010759/files/Animals_1of2.zip/content
Animals/1. Dog/MVI_3085.MOV,Animals_1of2.zip,https://zenodo.org/api/records/4010759/files/Animals_1of2.zip/content
Animals/1. Dog/MVI_3086.MOV,Animals_1of2.zip,https://zenodo.org/api/records/4010759/files/Animals_1of2.zip/content
Animals/1. Dog/MVI_3087.MOV,Animals_1of2.zip,https://zenodo.org/api/records/4010759/files/Animals_1of2.zip/content
Animals/1. Dog/MVI_4146.MOV,Animals_1of2.zip,https://zenodo.org/api/records/4010759/files/Animals_1of2.zip/content
Animals/1. Dog/MVI_4147.MOV,Animals_1of2.zip,https://zenodo.org/api/records/4010759/files/Animals_1of2.zip/content
Animals/1. Dog/MVI_4148.MOV,Animals_1of2.zip,https://zenodo.org/api/records/4010759/files/Animals_1of2.zip/content
Animals/1. Dog/MVI_8560.MP4,Animals_1of2.zip,https://zenodo.org/api/records/4010759/files/Animals_1of2.zip/content
Animals/4. Bird/MVI_2987.MOV,Animals_1of2.zip,https://zenodo.org/api/records/4010759/files/Animals_1of2.zip/content
Animals/4. Bird/MVI_2988.MOV,Animals_1of2.zip,https://zenodo.org/api/records/4010759/files/Animals_1of2.zip/content
Animals/4. Bird/MVI_2989.MOV,Animals_1of2.zip,https://zenodo.org/api/records/4010759/files/Animals_1of2.zip/content
Animals/4. Bird/MVI_3012.MOV,Animals_1of2.zip,https://zenodo.org/api/records/4010759/files/Animals_1of2.zip/content
Animals/4. Bird/MVI_3013.MOV,Animals_1of2.zip,https://zenodo.org/api/records/4010759/files/Animals_1of2.zip/content
Animals/4. Bird/MVI_3037.MOV,Animals_1of2.zip,https://zenodo.org/api/records/4010759/files/Animals_1of2.zip/content
Animals/4. Bird/MVI_3038.MOV,Animals_1of2.zip,https://zenodo.org/api/records/4010759/files/Animals_1of2.zip/content
Animals/4. Bird/MVI_3040.MOV,Animals_1of2.zip,https://zenodo.org/api/records/4010759/files/Animals_1of2.zip/content
Animals/4. Bird/MVI_3070.MOV,Animals_1of2.zip,https://zenodo.org/api/records/4010759/files/Animals_1of2.zip/content
Animals/4. Bird/MVI_3071.MOV,Animals_1of2.zip,https://zenodo.org/api/records/4010759/files/Animals_1of2.zip/content
Animals/4. Bird/MVI_3072.MOV,Animals_1of2.zip,https://zenodo.org/api/records/4010759/files/Animals_1of2.zip/content
Animals/4. Bird/MVI_3094.MOV,Animals_1of2.zip,https://zenodo.org/api/records/4010759/files/Animals_1of2.zip/content
Animals/4. Bird/MVI_3095.MOV,Animals_1of2.zip,https://zenodo.org/api/records/4010759/files/Animals_1of2.zip/content
Animals/4. Bird/MVI_3096.MOV,Animals_1of2.zip,https://zenodo.org/api/records/4010759/files/Animals_1of2.zip/content
Animals/4. Bird/MVI_4155.MOV,Animals_1of2.zip,https://zenodo.org/api/records/4010759/files/Animals_1of2.zip/content
Animals/4. Bird/MVI_4157.MOV,Animals_1of2.zip,https://zenodo.org/api/records/4010759/files/Animals_1of2.zip/content
Animals/4. Bird/MVI_8567.MP4,Animals_1of2.zip,https://zenodo.org/api/records/4010759/files/Animals_1of2.zip/content
Animals/4. Bird/MVI_8568.MP4,Animals_1of2.zip,https://zenodo.org/api/records/4010759/files/Animals_1of2.zip/content
Animals/5. Cow/MVI_2990.MOV,Animals_1of2.zip,https://zenodo.org/api/records/4010759/files/Animals_1of2.zip/content
Animals/5. Cow/MVI_2991.MOV,Animals_1of2.zip,https://zenodo.org/api/records/4010759/files/Animals_1of2.zip/content
Animals/5. Cow/MVI_2992.MOV,Animals_1of2.zip,https://zenodo.org/api/records/4010759/files/Animals_1of2.zip/content
Animals/5. Cow/MVI_3015.MOV,Animals_1of2.zip,https://zenodo.org/api/records/4010759/files/Animals_1of2.zip/content
Animals/5. Cow/MVI_3016.MOV,Animals_1of2.zip,https://zenodo.org/api/records/4010759/files/Animals_1of2.zip/content
Animals/5. Cow/MVI_3017.MOV,Animals_1of2.zip,https://zenodo.org/api/records/4010759/files/Animals_1of2.zip/content
Animals/5. Cow/MVI_3046.MOV,Animals_1of2.zip,https://zenodo.org/api/records/4010759/files/Animals_1of2.zip/content
Animals/5. Cow/MVI_3047.MOV,Animals_1of2.zip,https://zenodo.org/api/records/4010759/files/Animals_1of2.zip/content
Animals/5. Cow/MVI_3048.MOV,Animals_1of2.zip,https://zenodo.org/api/records/4010759/files/Animals_1of2.zip/content
Animals/5. Cow/MVI_3049.MOV,Animals_1of2.zip,https://zenodo.org/api/records/4010759/files/Animals_1of2.zip/content
Animals/5. Cow/MVI_3073.MOV,Animals_1of2.zip,https://zenodo.org/api/records/4010759/files/Animals_1of2.zip/content
Animals/5. Cow/MVI_3074.MOV,Animals_1of2.zip,https://zenodo.org/api/records/4010759/files/Animals_1of2.zip/content
Animals/5. Cow/MVI_3075.MOV,Animals_1of2.zip,https://zenodo.org/api/records/4010759/files/Animals_1of2.zip/content
Animals/5. Cow/MVI_3097.MOV,Animals_1of2.zip,https://zenodo.org/api/records/4010759/files/Animals_1of2.zip/content
Animals/5. Cow/MVI_3098.MOV,Animals_1of2.zip,https://zenodo.org/api/records/4010759/files/Animals_1of2.zip/content
Animals/5. Cow/MVI_3099.MOV,Animals_1of2.zip,https://zenodo.org/api/records/4010759/files/Animals_1of2.zip/content
Animals/5. Cow/MVI_4160.MOV,Animals_1of2.zip,https://zenodo.org/api/records/4010759/files/Animals_1of2.zip/content
Animals/5. Cow/MVI_8569.MP4,Animals_1of2.zip,https://zenodo.org/api/records/4010759/files/Animals_1of2.zip/content
Animals/5. Cow/MVI_8570.MP4,Animals_1of2.zip,https://zenodo.org/api/records/4010759/files/Animals_1of2.zip/content
Greetings/48. Hello/MVI_0029.MOV,Greetings_1of2.zip,https://zenodo.org/api/records/4010759/files/Greetings_1of2.zip/content
Greetings/48. Hello/MVI_0030.MOV,Greetings_1of2.zip,https://zenodo.org/api/records/4010759/files/Greetings_1of2.zip/content
Greetings/48. Hello/MVI_0031.MOV,Greetings_1of2.zip,https://zenodo.org/api/records/4010759/files/Greetings_1of2.zip/content
Greetings/48. Hello/MVI_0032.MOV,Greetings_1of2.zip,https://zenodo.org/api/records/4010759/files/Greetings_1of2.zip/content
Greetings/48. Hello/MVI_0037.MOV,Greetings_1of2.zip,https://zenodo.org/api/records/4010759/files/Greetings_1of2.zip/content
Greetings/48. Hello/MVI_0038.MOV,Greetings_1of2.zip,https://zenodo.org/api/records/4010759/files/Greetings_1of2.zip/content
Greetings/48. Hello/MVI_0089.MOV,Greetings_1of2.zip,https://zenodo.org/api/records/4010759/files/Greetings_1of2.zip/content
Greetings/48. Hello/MVI_0090.MOV,Greetings_1of2.zip,https://zenodo.org/api/records/4010759/files/Greetings_1of2.zip/content
Greetings/48. Hello/MVI_0091.MOV,Greetings_1of2.zip,https://zenodo.org/api/records/4010759/files/Greetings_1of2.zip/content
Greetings/48. Hello/MVI_9914.MOV,Greetings_1of2.zip,https://zenodo.org/api/records/4010759/files/Greetings_1of2.zip/content
Greetings/48. Hello/MVI_9915.MOV,Greetings_1of2.zip,https://zenodo.org/api/records/4010759/files/Greetings_1of2.zip/content
Greetings/48. Hello/MVI_9916.MOV,Greetings_1of2.zip,https://zenodo.org/api/records/4010759/files/Greetings_1of2.zip/content
Greetings/48. Hello/MVI_9917.MOV,Greetings_1of2.zip,https://zenodo.org/api/records/4010759/files/Greetings_1of2.zip/content
Greetings/48. Hello/MVI_9954.MOV,Greetings_1of2.zip,https://zenodo.org/api/records/4010759/files/Greetings_1of2.zip/content
Greetings/48. Hello/MVI_9955.MOV,Greetings_1of2.zip,https://zenodo.org/api/records/4010759/files/Greetings_1of2.zip/content
Greetings/48. Hello/MVI_9956.MOV,Greetings_1of2.zip,https://zenodo.org/api/records/4010759/files/Greetings_1of2.zip/content
Greetings/48. Hello/MVI_9957.MOV,Greetings_1of2.zip,https://zenodo.org/api/records/4010759/files/Greetings_1of2.zip/content
Greetings/48. Hello/MVI_9982.MOV,Greetings_1of2.zip,https://zenodo.org/api/records/4010759/files/Greetings_1of2.zip/content
Greetings/48. Hello/MVI_9983.MOV,Greetings_1of2.zip,https://zenodo.org/api/records/4010759/files/Greetings_1of2.zip/content
Greetings/48. Hello/MVI_9984.MOV,Greetings_1of2.zip,https://zenodo.org/api/records/4010759/files/Greetings_1of2.zip/content
Greetings/51. Good Morning/MVI_0042.MOV,Greetings_1of2.zip,https://zenodo.org/api/records/4010759/files/Greetings_1of2.zip/content
Greetings/51. Good Morning/MVI_0043.MOV,Greetings_1of2.zip,https://zenodo.org/api/records/4010759/files/Greetings_1of2.zip/content
Greetings/51. Good Morning/MVI_0045.MOV,Greetings_1of2.zip,https://zenodo.org/api/records/4010759/files/Greetings_1of2.zip/content
Greetings/51. Good Morning/MVI_0046.MOV,Greetings_1of2.zip,https://zenodo.org/api/records/4010759/files/Greetings_1of2.zip/content
Greetings/51. Good Morning/MVI_0047.MOV,Greetings_1of2.zip,https://zenodo.org/api/records/4010759/files/Greetings_1of2.zip/content
Greetings/51. Good Morning/MVI_0048.MOV,Greetings_1of2.zip,https://zenodo.org/api/records/4010759/files/Greetings_1of2.zip/content
Greetings/51. Good Morning/MVI_0098.MOV,Greetings_1of2.zip,https://zenodo.org/api/records/4010759/files/Greetings_1of2.zip/content
Greetings/51. Good Morning/MVI_0100.MOV,Greetings_1of2.zip,https://zenodo.org/api/records/4010759/files/Greetings_1of2.zip/content
Greetings/51. Good Morning/MVI_9932.MOV,Greetings_1of2.zip,https://zenodo.org/api/records/4010759/files/Greetings_1of2.zip/content
Greetings/51. Good Morning/MVI_9933.MOV,Greetings_1of2.zip,https://zenodo.org/api/records/4010759/files/Greetings_1of2.zip/content
Greetings/51. Good Morning/MVI_9934.MOV,Greetings_1of2.zip,https://zenodo.org/api/records/4010759/files/Greetings_1of2.zip/content
Greetings/51. Good Morning/MVI_9935.MOV,Greetings_1of2.zip,https://zenodo.org/api/records/4010759/files/Greetings_1of2.zip/content
Greetings/51. Good Morning/MVI_9968.MOV,Greetings_1of2.zip,https://zenodo.org/api/records/4010759/files/Greetings_1of2.zip/content
Greetings/51. Good Morning/MVI_9969.MOV,Greetings_1of2.zip,https://zenodo.org/api/records/4010759/files/Greetings_1of2.zip/content
Greetings/51. Good Morning/MVI_9970.MOV,Greetings_1of2.zip,https://zenodo.org/api/records/4010759/files/Greetings_1of2.zip/content
Greetings/51. Good Morning/MVI_9971.MOV,Greetings_1of2.zip,https://zenodo.org/api/records/4010759/files/Greetings_1of2.zip/content
Greetings/51. Good Morning/MVI_9991.MOV,Greetings_1of2.zip,https://zenodo.org/api/records/4010759/files/Greetings_1of2.zip/content
Greetings/51. Good Morning/MVI_9992.MOV,Greetings_1of2.zip,https://zenodo.org/api/records/4010759/files/Greetings_1of2.zip/content
Greetings/51. Good Morning/MVI_9993.MOV,Greetings_1of2.zip,https://zenodo.org/api/records/4010759/files/Greetings_1of2.zip/content
Clothes/42. T-Shirt/MVI_3704.MOV,Clothes_2of2.zip,https://zenodo.org/api/records/4010759/files/Clothes_2of2.zip/content
Clothes/42. T-Shirt/MVI_3705.MOV,Clothes_2of2.zip,https://zenodo.org/api/records/4010759/files/Clothes_2of2.zip/content
Clothes/42. T-Shirt/MVI_3706.MOV,Clothes_2of2.zip,https://zenodo.org/api/records/4010759/files/Clothes_2of2.zip/content
Clothes/42. T-Shirt/MVI_3850.MOV,Clothes_2of2.zip,https://zenodo.org/api/records/4010759/files/Clothes_2of2.zip/content
Clothes/42. T-Shirt/MVI_3851.MOV,Clothes_2of2.zip,https://zenodo.org/api/records/4010759/files/Clothes_2of2.zip/content
Clothes/42. T-Shirt/MVI_3852.MOV,Clothes_2of2.zip,https://zenodo.org/api/records/4010759/files/Clothes_2of2.zip/content
Clothes/42. T-Shirt/MVI_4002.MOV,Clothes_2of2.zip,https://zenodo.org/api/records/4010759/files/Clothes_2of2.zip/content
Clothes/42. T-Shirt/MVI_4003.MOV,Clothes_2of2.zip,https://zenodo.org/api/records/4010759/files/Clothes_2of2.zip/content
Clothes/42. T-Shirt/MVI_4004.MOV,Clothes_2of2.zip,https://zenodo.org/api/records/4010759/files/Clothes_2of2.zip/content
Clothes/42. T-Shirt/MVI_4202.MOV,Clothes_2of2.zip,https://zenodo.org/api/records/4010759/files/Clothes_2of2.zip/content
Clothes/42. T-Shirt/MVI_4881.MOV,Clothes_2of2.zip,https://zenodo.org/api/records/4010759/files/Clothes_2of2.zip/content
Clothes/42. T-Shirt/MVI_4882.MOV,Clothes_2of2.zip,https://zenodo.org/api/records/4010759/files/Clothes_2of2.zip/content
Clothes/42. T-Shirt/MVI_4883.MOV,Clothes_2of2.zip,https://zenodo.org/api/records/4010759/files/Clothes_2of2.zip/content
Clothes/42. T-Shirt/MVI_5021.MOV,Clothes_2of2.zip,https://zenodo.org/api/records/4010759/files/Clothes_2of2.zip/content
Clothes/42. T-Shirt/MVI_5022.MOV,Clothes_2of2.zip,https://zenodo.org/api/records/4010759/files/Clothes_2of2.zip/content
Clothes/42. T-Shirt/MVI_5169.MOV,Clothes_2of2.zip,https://zenodo.org/api/records/4010759/files/Clothes_2of2.zip/content
Clothes/42. T-Shirt/MVI_5170.MOV,Clothes_2of2.zip,https://zenodo.org/api/records/4010759/files/Clothes_2of2.zip/content
Clothes/42. T-Shirt/MVI_8606.MP4,Clothes_2of2.zip,https://zenodo.org/api/records/4010759/files/Clothes_2of2.zip/content
Clothes/44. Shoes/MVI_3710.MOV,Clothes_2of2.zip,https://zenodo.org/api/records/4010759/files/Clothes_2of2.zip/content
Clothes/44. Shoes/MVI_3711.MOV,Clothes_2of2.zip,https://zenodo.org/api/records/4010759/files/Clothes_2of2.zip/content
Clothes/44. Shoes/MVI_3712.MOV,Clothes_2of2.zip,https://zenodo.org/api/records/4010759/files/Clothes_2of2.zip/content
Clothes/44. Shoes/MVI_3857.MOV,Clothes_2of2.zip,https://zenodo.org/api/records/4010759/files/Clothes_2of2.zip/content
Clothes/44. Shoes/MVI_3858.MOV,Clothes_2of2.zip,https://zenodo.org/api/records/4010759/files/Clothes_2of2.zip/content
Clothes/44. Shoes/MVI_4009.MOV,Clothes_2of2.zip,https://zenodo.org/api/records/4010759/files/Clothes_2of2.zip/content
Clothes/44. Shoes/MVI_4010.MOV,Clothes_2of2.zip,https://zenodo.org/api/records/4010759/files/Clothes_2of2.zip/content
Clothes/44. Shoes/MVI_4204.MOV,Clothes_2of2.zip,https://zenodo.org/api/records/4010759/files/Clothes_2of2.zip/content
Clothes/44. Shoes/MVI_4887.MOV,Clothes_2of2.zip,https://zenodo.org/api/records/4010759/files/Clothes_2of2.zip/content
Clothes/44. Shoes/MVI_4888.MOV,Clothes_2of2.zip,https://zenodo.org/api/records/4010759/files/Clothes_2of2.zip/content
Clothes/44. Shoes/MVI_4889.MOV,Clothes_2of2.zip,https://zenodo.org/api/records/4010759/files/Clothes_2of2.zip/content
Clothes/44. Shoes/MVI_5028.MOV,Clothes_2of2.zip,https://zenodo.org/api/records/4010759/files/Clothes_2of2.zip/content
Clothes/44. Shoes/MVI_5029.MOV,Clothes_2of2.zip,https://zenodo.org/api/records/4010759/files/Clothes_2of2.zip/content
Clothes/44. Shoes/MVI_5030.MOV,Clothes_2of2.zip,https://zenodo.org/api/records/4010759/files/Clothes_2of2.zip/content
Clothes/44. Shoes/MVI_5175.MOV,Clothes_2of2.zip,https://zenodo.org/api/records/4010759/files/Clothes_2of2.zip/content
Clothes/44. Shoes/MVI_5176.MOV,Clothes_2of2.zip,https://zenodo.org/api/records/4010759/files/Clothes_2of2.zip/content
Clothes/44. Shoes/MVI_5177.MOV,Clothes_2of2.zip,https://zenodo.org/api/records/4010759/files/Clothes_2of2.zip/content
Clothes/44. Shoes/MVI_8608.MP4,Clothes_2of2.zip,https://zenodo.org/api/records/4010759/files/Clothes_2of2.zip/content
Jobs/84. Teacher/MVI_4457.MOV,Jobs_1of2.zip,https://zenodo.org/api/records/4010759/files/Jobs_1of2.zip/content
Jobs/84. Teacher/MVI_4458.MOV,Jobs_1of2.zip,https://zenodo.org/api/records/4010759/files/Jobs_1of2.zip/content
Jobs/84. Teacher/MVI_4459.MOV,Jobs_1of2.zip,https://zenodo.org/api/records/4010759/files/Jobs_1of2.zip/content
Jobs/84. Teacher/MVI_4460.MOV,Jobs_1of2.zip,https://zenodo.org/api/records/4010759/files/Jobs_1of2.zip/content
Jobs/84. Teacher/MVI_4744.MOV,Jobs_1of2.zip,https://zenodo.org/api/records/4010759/files/Jobs_1of2.zip/content
Jobs/84. Teacher/MVI_4746.MOV,Jobs_1of2.zip,https://zenodo.org/api/records/4010759/files/Jobs_1of2.zip/content
Jobs/84. Teacher/MVI_5310.MOV,Jobs_1of2.zip,https://zenodo.org/api/records/4010759/files/Jobs_1of2.zip/content
Jobs/84. Teacher/MVI_5311.MOV,Jobs_1of2.zip,https://zenodo.org/api/records/4010759/files/Jobs_1of2.zip/content
Jobs/84. Teacher/MVI_5312.MOV,Jobs_1of2.zip,https://zenodo.org/api/records/4010759/files/Jobs_1of2.zip/content
Jobs/84. Teacher/MVI_5313.MOV,Jobs_1of2.zip,https://zenodo.org/api/records/4010759/files/Jobs_1of2.zip/content
Jobs/84. Teacher/MVI_8864.MP4,Jobs_1of2.zip,https://zenodo.org/api/records/4010759/files/Jobs_1of2.zip/content
Jobs/84. Teacher/MVI_8865.MP4,Jobs_1of2.zip,https://zenodo.org/api/records/4010759/files/Jobs_1of2.zip/content
Jobs/84. Teacher/MVI_8866.MP4,Jobs_1of2.zip,https://zenodo.org/api/records/4010759/files/Jobs_1of2.zip/content
Jobs/91. Priest/MVI_4486.MOV,Jobs_1of2.zip,https://zenodo.org/api/records/4010759/files/Jobs_1of2.zip/content
Jobs/91. Priest/MVI_4487.MOV,Jobs_1of2.zip,https://zenodo.org/api/records/4010759/files/Jobs_1of2.zip/content
Jobs/91. Priest/MVI_4488.MOV,Jobs_1of2.zip,https://zenodo.org/api/records/4010759/files/Jobs_1of2.zip/content
Jobs/91. Priest/MVI_4489.MOV,Jobs_1of2.zip,https://zenodo.org/api/records/4010759/files/Jobs_1of2.zip/content
Jobs/91. Priest/MVI_4490.MOV,Jobs_1of2.zip,https://zenodo.org/api/records/4010759/files/Jobs_1of2.zip/content
Jobs/91. Priest/MVI_4770.MOV,Jobs_1of2.zip,https://zenodo.org/api/records/4010759/files/Jobs_1of2.zip/content
Jobs/91. Priest/MVI_4771.MOV,Jobs_1of2.zip,https://zenodo.org/api/records/4010759/files/Jobs_1of2.zip/content
Jobs/91. Priest/MVI_4772.MOV,Jobs_1of2.zip,https://zenodo.org/api/records/4010759/files/Jobs_1of2.zip/content
Jobs/91. Priest/MVI_5342.MOV,Jobs_1of2.zip,https://zenodo.org/api/records/4010759/files/Jobs_1of2.zip/content
Jobs/91. Priest/MVI_5343.MOV,Jobs_1of2.zip,https://zenodo.org/api/records/4010759/files/Jobs_1of2.zip/content
Jobs/91. Priest/MVI_5344.MOV,Jobs_1of2.zip,https://zenodo.org/api/records/4010759/files/Jobs_1of2.zip/content
Jobs/91. Priest/MVI_5345.MOV,Jobs_1of2.zip,https://zenodo.org/api/records/4010759/files/Jobs_1of2.zip/content
Jobs/91. Priest/MVI_8887.MP4,Jobs_1of2.zip,https://zenodo.org/api/records/4010759/files/Jobs_1of2.zip/content
Jobs/91. Priest/MVI_8889.MP4,Jobs_1of2.zip,https://zenodo.org/api/records/4010759/files/Jobs_1of2.zip/content
Clothes/37. Hat/MVI_3688.MOV,Clothes_1of2.zip,https://zenodo.org/api/records/4010759/files/Clothes_1of2.zip/content
Clothes/37. Hat/MVI_3690.MOV,Clothes_1of2.zip,https://zenodo.org/api/records/4010759/files/Clothes_1of2.zip/content
Clothes/37. Hat/MVI_3691.MOV,Clothes_1of2.zip,https://zenodo.org/api/records/4010759/files/Clothes_1of2.zip/content
Clothes/37. Hat/MVI_3835.MOV,Clothes_1of2.zip,https://zenodo.org/api/records/4010759/files/Clothes_1of2.zip/content
Clothes/37. Hat/MVI_3836.MOV,Clothes_1of2.zip,https://zenodo.org/api/records/4010759/files/Clothes_1of2.zip/content
Clothes/37. Hat/MVI_3984.MOV,Clothes_1of2.zip,https://zenodo.org/api/records/4010759/files/Clothes_1of2.zip/content
Clothes/37. Hat/MVI_3985.MOV,Clothes_1of2.zip,https://zenodo.org/api/records/4010759/files/Clothes_1of2.zip/content
Clothes/37. Hat/MVI_3986.MOV,Clothes_1of2.zip,https://zenodo.org/api/records/4010759/files/Clothes_1of2.zip/content
Clothes/37. Hat/MVI_4197.MOV,Clothes_1of2.zip,https://zenodo.org/api/records/4010759/files/Clothes_1of2.zip/content
Clothes/37. Hat/MVI_4865.MOV,Clothes_1of2.zip,https://zenodo.org/api/records/4010759/files/Clothes_1of2.zip/content
Clothes/37. Hat/MVI_4866.MOV,Clothes_1of2.zip,https://zenodo.org/api/records/4010759/files/Clothes_1of2.zip/content
Clothes/37. Hat/MVI_4867.MOV,Clothes_1of2.zip,https://zenodo.org/api/records/4010759/files/Clothes_1of2.zip/content
Clothes/37. Hat/MVI_5006.MOV,Clothes_1of2.zip,https://zenodo.org/api/records/4010759/files/Clothes_1of2.zip/content
Clothes/37. Hat/MVI_5007.MOV,Clothes_1of2.zip,https://zenodo.org/api/records/4010759/files/Clothes_1of2.zip/content
Clothes/37. Hat/MVI_5008.MOV,Clothes_1of2.zip,https://zenodo.org/api/records/4010759/files/Clothes_1of2.zip/content
Clothes/37. Hat/MVI_5154.MOV,Clothes_1of2.zip,https://zenodo.org/api/records/4010759/files/Clothes_1of2.zip/content
Clothes/37. Hat/MVI_5155.MOV,Clothes_1of2.zip,https://zenodo.org/api/records/4010759/files/Clothes_1of2.zip/content
Clothes/37. Hat/MVI_5156.MOV,Clothes_1of2.zip,https://zenodo.org/api/records/4010759/files/Clothes_1of2.zip/content
Clothes/37. Hat/MVI_8600.MP4,Clothes_1of2.zip,https://zenodo.org/api/records/4010759/files/Clothes_1of2.zip/content
Greetings/55. Thank you/MVI_0006.MOV,Greetings_2of2.zip,https://zenodo.org/api/records/4010759/files/Greetings_2of2.zip/content
Greetings/55. Thank you/MVI_0007.MOV,Greetings_2of2.zip,https://zenodo.org/api/records/4010759/files/Greetings_2of2.zip/content
Greetings/55. Thank you/MVI_0008.MOV,Greetings_2of2.zip,https://zenodo.org/api/records/4010759/files/Greetings_2of2.zip/content
Greetings/55. Thank you/MVI_0058.MOV,Greetings_2of2.zip,https://zenodo.org/api/records/4010759/files/Greetings_2of2.zip/content
Greetings/55. Thank you/MVI_0059.MOV,Greetings_2of2.zip,https://zenodo.org/api/records/4010759/files/Greetings_2of2.zip/content
Greetings/55. Thank you/MVI_0060.MOV,Greetings_2of2.zip,https://zenodo.org/api/records/4010759/files/Greetings_2of2.zip/content
Greetings/55. Thank you/MVI_0060_.MOV,Greetings_2of2.zip,https://zenodo.org/api/records/4010759/files/Greetings_2of2.zip/content
Greetings/55. Thank you/MVI_0061.MOV,Greetings_2of2.zip,https://zenodo.org/api/records/4010759/files/Greetings_2of2.zip/content
Greetings/55. Thank you/MVI_0062.MOV,Greetings_2of2.zip,https://zenodo.org/api/records/4010759/files/Greetings_2of2.zip/content
Greetings/55. Thank you/MVI_0063.MOV,Greetings_2of2.zip,https://zenodo.org/api/records/4010759/files/Greetings_2of2.zip/content
Greetings/55. Thank you/MVI_0111.MOV,Greetings_2of2.zip,https://zenodo.org/api/records/4010759/files/Greetings_2of2.zip/content
Greetings/55. Thank you/MVI_0113.MOV,Greetings_2of2.zip,https://zenodo.org/api/records/4010759/files/Greetings_2of2.zip/content
Greetings/55. Thank you/MVI_9948.MOV,Greetings_2of2.zip,https://zenodo.org/api/records/4010759/files/Greetings_2of2.zip/content
Greetings/55. Thank you/MVI_9949.MOV,Greetings_2of2.zip,https://zenodo.org/api/records/4010759/files/Greetings_2of2.zip/content
Greetings/55. Thank you/MVI_9950.MOV,Greetings_2of2.zip,https://zenodo.org/api/records/4010759/files/Greetings_2of2.zip/content
Greetings/55. Thank you/MVI_9951.MOV,Greetings_2of2.zip,https://zenodo.org/api/records/4010759/files/Greetings_2of2.zip/content
Greetings/55. Thank you/MVI_9984.MOV,Greetings_2of2.zip,https://zenodo.org/api/records/4010759/files/Greetings_2of2.zip/content
Greetings/55. Thank you/MVI_9985.MOV,Greetings_2of2.zip,https://zenodo.org/api/records/4010759/files/Greetings_2of2.zip/content
Greetings/55. Thank you/MVI_9986.MOV,Greetings_2of2.zip,https://zenodo.org/api/records/4010759/files/Greetings_2of2.zip/content
Greetings/55. Thank you/MVI_9987.MOV,Greetings_2of2.zip,https://zenodo.org/api/records/4010759/files/Greetings_2of2.zip/content
Home/28. Window/MVI_4362.MOV,Home_1of4.zip,https://zenodo.org/api/records/4010759/files/Home_1of4.zip/content
Home/28. Window/MVI_4363.MOV,Home_1of4.zip,https://zenodo.org/api/records/4010759/files/Home_1of4.zip/content
Home/28. Window/MVI_4364.MOV,Home_1of4.zip,https://zenodo.org/api/records/4010759/files/Home_1of4.zip/content
Home/28. Window/MVI_4365.MOV,Home_1of4.zip,https://zenodo.org/api/records/4010759/files/Home_1of4.zip/content
Home/28. Window/MVI_4881.MOV,Home_1of4.zip,https://zenodo.org/api/records/4010759/files/Home_1of4.zip/content
Home/28. Window/MVI_4882.MOV,Home_1of4.zip,https://zenodo.org/api/records/4010759/files/Home_1of4.zip/content
Home/28. Window/MVI_4883.MOV,Home_1of4.zip,https://zenodo.org/api/records/4010759/files/Home_1of4.zip/content
Home/28. Window/MVI_8766.MP4,Home_1of4.zip,https://zenodo.org/api/records/4010759/files/Home_1of4.zip/content
Home/28. Window/MVI_8767.MP4,Home_1of4.zip,https://zenodo.org/api/records/4010759/files/Home_1of4.zip/content
Home/28. Window/MVI_8768.MP4,Home_1of4.zip,https://zenodo.org/api/records/4010759/files/Home_1of4.zip/content
Home/28. Window/MVI_8769.MP4,Home_1of4.zip,https://zenodo.org/api/records/4010759/files/Home_1of4.zip/content
Home/28. Window/MVI_9014.MP4,Home_1of4.zip,https://zenodo.org/api/records/4010759/files/Home_1of4.zip/content
Home/28. Window/MVI_9015.MP4,Home_1of4.zip,https://zenodo.org/api/records/4010759/files/Home_1of4.zip/content
Home/34. Pen/MVI_4387.MOV,Home_2of4.zip,https://zenodo.org/api/records/4010759/files/Home_2of4.zip/content
Home/34. Pen/MVI_4388.MOV,Home_2of4.zip,https://zenodo.org/api/records/4010759/files/Home_2of4.zip/content
Home/34. Pen/MVI_4389.MOV,Home_2of4.zip,https://zenodo.org/api/records/4010759/files/Home_2of4.zip/content
Home/34. Pen/MVI_4390.MOV,Home_2of4.zip,https://zenodo.org/api/records/4010759/files/Home_2of4.zip/content
Home/34. Pen/MVI_4906.MOV,Home_2of4.zip,https://zenodo.org/api/records/4010759/files/Home_2of4.zip/content
Home/34. Pen/MVI_4907.MOV,Home_2of4.zip,https://zenodo.org/api/records/4010759/files/Home_2of4.zip/content
Home/34. Pen/MVI_4908.MOV,Home_2of4.zip,https://zenodo.org/api/records/4010759/files/Home_2of4.zip/content
Home/34. Pen/MVI_8791.MP4,Home_2of4.zip,https://zenodo.org/api/records/4010759/files/Home_2of4.zip/content
Home/34. Pen/MVI_8793.MP4,Home_2of4.zip,https://zenodo.org/api/records/4010759/files/Home_2of4.zip/content
Home/34. Pen/MVI_8794.MP4,Home_2of4.zip,https://zenodo.org/api/records/4010759/files/Home_2of4.zip/content
Home/34. Pen/MVI_9032.MP4,Home_2of4.zip,https://zenodo.org/api/records/4010759/files/Home_2of4.zip/content
Home/34. Pen/MVI_9033.MP4,Home_2of4.zip,https://zenodo.org/api/records/4010759/files/Home_2of4.zip/content
Home/34. Pen/MVI_9034.MP4,Home_2of4.zip,https://zenodo.org/api/records/4010759/files/Home_2of4.zip/content
Home/40. Paint/MVI_4412.MOV,Home_3of4.zip,https://zenodo.org/api/records/4010759/files/Home_3of4.zip/content
Home/40. Paint/MVI_4413.MOV,Home_3of4.zip,https://zenodo.org/api/records/4010759/files/Home_3of4.zip/content
Home/40. Paint/MVI_4414.MOV,Home_3of4.zip,https://zenodo.org/api/records/4010759/files/Home_3of4.zip/content
Home/40. Paint/MVI_4415.MOV,Home_3of4.zip,https://zenodo.org/api/records/4010759/files/Home_3of4.zip/content
Home/40. Paint/MVI_4926.MOV,Home_3of4.zip,https://zenodo.org/api/records/4010759/files/Home_3of4.zip/content
Home/40. Paint/MVI_4927.MOV,Home_3of4.zip,https://zenodo.org/api/records/4010759/files/Home_3of4.zip/content
Home/40. Paint/MVI_4928.MOV,Home_3of4.zip,https://zenodo.org/api/records/4010759/files/Home_3of4.zip/content
Home/40. Paint/MVI_8817.MP4,Home_3of4.zip,https://zenodo.org/api/records/4010759/files/Home_3of4.zip/content
Home/40. Paint/MVI_8818.MP4,Home_3of4.zip,https://zenodo.org/api/records/4010759/files/Home_3of4.zip/content
Home/40. Paint/MVI_8819.MP4,Home_3of4.zip,https://zenodo.org/api/records/4010759/files/Home_3of4.zip/content
Home/40. Paint/MVI_8821.MP4,Home_3of4.zip,https://zenodo.org/api/records/4010759/files/Home_3of4.zip/content
Home/40. Paint/MVI_9051.MP4,Home_3of4.zip,https://zenodo.org/api/records/4010759/files/Home_3of4.zip/content
Home/40. Paint/MVI_9052.MP4,Home_3of4.zip,https://zenodo.org/api/records/4010759/files/Home_3of4.zip/content
Home/40. Paint/MVI_9053.MP4,Home_3of4.zip,https://zenodo.org/api/records/4010759/files/Home_3of4.zip/content
Adjectives/1. loud/MVI_5177.MOV,Adjectives_1of8.zip,https://zenodo.org/api/records/4010759/files/Adjectives_1of8.zip/content
Adjectives/1. loud/MVI_5179.MOV,Adjectives_1of8.zip,https://zenodo.org/api/records/4010759/files/Adjectives_1of8.zip/content
Adjectives/1. loud/MVI_5257.MOV,Adjectives_1of8.zip,https://zenodo.org/api/records/4010759/files/Adjectives_1of8.zip/content
Adjectives/1. loud/MVI_5258.MOV,Adjectives_1of8.zip,https://zenodo.org/api/records/4010759/files/Adjectives_1of8.zip/content
Adjectives/1. loud/MVI_5259.MOV,Adjectives_1of8.zip,https://zenodo.org/api/records/4010759/files/Adjectives_1of8.zip/content
Adjectives/1. loud/MVI_5335.MOV,Adjectives_1of8.zip,https://zenodo.org/api/records/4010759/files/Adjectives_1of8.zip/content
Adjectives/1. loud/MVI_5336.MOV,Adjectives_1of8.zip,https://zenodo.org/api/records/4010759/files/Adjectives_1of8.zip/content
Adjectives/1. loud/MVI_5337.MOV,Adjectives_1of8.zip,https://zenodo.org/api/records/4010759/files/Adjectives_1of8.zip/content
Adjectives/1. loud/MVI_9289.MOV,Adjectives_1of8.zip,https://zenodo.org/api/records/4010759/files/Adjectives_1of8.zip/content
Adjectives/1. loud/MVI_9290.MOV,Adjectives_1of8.zip,https://zenodo.org/api/records/4010759/files/Adjectives_1of8.zip/content
Adjectives/1. loud/MVI_9291.MOV,Adjectives_1of8.zip,https://zenodo.org/api/records/4010759/files/Adjectives_1of8.zip/content
Adjectives/1. loud/MVI_9368.MOV,Adjectives_1of8.zip,https://zenodo.org/api/records/4010759/files/Adjectives_1of8.zip/content
Adjectives/1. loud/MVI_9369.MOV,Adjectives_1of8.zip,https://zenodo.org/api/records/4010759/files/Adjectives_1of8.zip/content
Adjectives/1. loud/MVI_9370.MOV,Adjectives_1of8.zip,https://zenodo.org/api/records/4010759/files/Adjectives_1of8.zip/content
Adjectives/1. loud/MVI_9448.MOV,Adjectives_1of8.zip,https://zenodo.org/api/records/4010759/files/Adjectives_1of8.zip/content
Adjectives/1. loud/MVI_9449.MOV,Adjectives_1of8.zip,https://zenodo.org/api/records/4010759/files/Adjectives_1of8.zip/content
Adjectives/1. loud/MVI_9450.MOV,Adjectives_1of8.zip,https://zenodo.org/api/records/4010759/files/Adjectives_1of8.zip/content
Adjectives/1. loud/MVI_9535.MOV,Adjectives_1of8.zip,https://zenodo.org/api/records/4010759/files/Adjectives_1of8.zip/content
Adjectives/1. loud/MVI_9536.MOV,Adjectives_1of8.zip,https://zenodo.org/api/records/4010759/files/Adjectives_1of8.zip/content
Adjectives/2. quiet/MVI_5180.MOV,Adjectives_1of8.zip,https://zenodo.org/api/records/4010759/files/Adjectives_1of8.zip/content
Adjectives/2. quiet/MVI_5181.MOV,Adjectives_1of8.zip,https://zenodo.org/api/records/4010759/files/Adjectives_1of8.zip/content
Adjectives/2. quiet/MVI_5182.MOV,Adjectives_1of8.zip,https://zenodo.org/api/records/4010759/files/Adjectives_1of8.zip/content
Adjectives/2. quiet/MVI_5260.MOV,Adjectives_1of8.zip,https://zenodo.org/api/records/4010759/files/Adjectives_1of8.zip/content
Adjectives/2. quiet/MVI_5261.MOV,Adjectives_1of8.zip,https://zenodo.org/api/records/4010759/files/Adjectives_1of8.zip/content
Adjectives/2. quiet/MVI_5262.MOV,Adjectives_1of8.zip,https://zenodo.org/api/records/4010759/files/Adjectives_1of8.zip/content
Adjectives/2. quiet/MVI_5338.MOV,Adjectives_1of8.zip,https://zenodo.org/api/records/4010759/files/Adjectives_1of8.zip/content
Adjectives/2. quiet/MVI_5339.MOV,Adjectives_1of8.zip,https://zenodo.org/api/records/4010759/files/Adjectives_1of8.zip/content
Adjectives/2. quiet/MVI_9292.MOV,Adjectives_1of8.zip,https://zenodo.org/api/records/4010759/files/Adjectives_1of8.zip/content
Adjectives/2. quiet/MVI_9293.MOV,Adjectives_1of8.zip,https://zenodo.org/api/records/4010759/files/Adjectives_1of8.zip/content
Adjectives/2. quiet/MVI_9294.MOV,Adjectives_1of8.zip,https://zenodo.org/api/records/4010759/files/Adjectives_1of8.zip/content
Adjectives/2. quiet/MVI_9371.MOV,Adjectives_1of8.zip,https://zenodo.org/api/records/4010759/files/Adjectives_1of8.zip/content
Adjectives/2. quiet/MVI_9372.MOV,Adjectives_1of8.zip,https://zenodo.org/api/records/4010759/files/Adjectives_1of8.zip/content
Adjectives/2. quiet/MVI_9373.MOV,Adjectives_1of8.zip,https://zenodo.org/api/records/4010759/files/Adjectives_1of8.zip/content
Adjectives/2. quiet/MVI_9451.MOV,Adjectives_1of8.zip,https://zenodo.org/api/records/4010759/files/Adjectives_1of8.zip/content
Adjectives/2. quiet/MVI_9452.MOV,Adjectives_1of8.zip,https://zenodo.org/api/records/4010759/files/Adjectives_1of8.zip/content
Adjectives/2. quiet/MVI_9453.MOV,Adjectives_1of8.zip,https://zenodo.org/api/records/4010759/files/Adjectives_1of8.zip/content
Adjectives/2. quiet/MVI_9538.MOV,Adjectives_1of8.zip,https://zenodo.org/api/records/4010759/files/Adjectives_1of8.zip/content
Adjectives/2. quiet/MVI_9539.MOV,Adjectives_1of8.zip,https://zenodo.org/api/records/4010759/files/Adjectives_1of8.zip/content
Adjectives/3. happy/MVI_5183.MOV,Adjectives_1of8.zip,https://zenodo.org/api/records/4010759/files/Adjectives_1of8.zip/content
Adjectives/3. happy/MVI_5184.MOV,Adjectives_1of8.zip,https://zenodo.org/api/records/4010759/files/Adjectives_1of8.zip/content
Adjectives/3. happy/MVI_5185.MOV,Adjectives_1of8.zip,https://zenodo.org/api/records/4010759/files/Adjectives_1of8.zip/content
Adjectives/3. happy/MVI_5263.MOV,Adjectives_1of8.zip,https://zenodo.org/api/records/4010759/files/Adjectives_1of8.zip/content
Adjectives/3. happy/MVI_5264.MOV,Adjectives_1of8.zip,https://zenodo.org/api/records/4010759/files/Adjectives_1of8.zip/content
Adjectives/3. happy/MVI_5265.MOV,Adjectives_1of8.zip,https://zenodo.org/api/records/4010759/files/Adjectives_1of8.zip/content
Adjectives/3. happy/MVI_5341.MOV,Adjectives_1of8.zip,https://zenodo.org/api/records/4010759/files/Adjectives_1of8.zip/content
Adjectives/3. happy/MVI_5342.MOV,Adjectives_1of8.zip,https://zenodo.org/api/records/4010759/files/Adjectives_1of8.zip/content
Adjectives/3. happy/MVI_5343.MOV,Adjectives_1of8.zip,https://zenodo.org/api/records/4010759/files/Adjectives_1of8.zip/content
Adjectives/3. happy/MVI_9295.MOV,Adjectives_1of8.zip,https://zenodo.org/api/records/4010759/files/Adjectives_1of8.zip/content
Adjectives/3. happy/MVI_9296.MOV,Adjectives_1of8.zip,https://zenodo.org/api/records/4010759/files/Adjectives_1of8.zip/content
Adjectives/3. happy/MVI_9297.MOV,Adjectives_1of8.zip,https://zenodo.org/api/records/4010759/files/Adjectives_1of8.zip/content
Adjectives/3. happy/MVI_9374.MOV,Adjectives_1of8.zip,https://zenodo.org/api/records/4010759/files/Adjectives_1of8.zip/content
Adjectives/3. happy/MVI_9375.MOV,Adjectives_1of8.zip,https://zenodo.org/api/records/4010759/files/Adjectives_1of8.zip/content
Adjectives/3. happy/MVI_9454.MOV,Adjectives_1of8.zip,https://zenodo.org/api/records/4010759/files/Adjectives_1of8.zip/content
Adjectives/3. happy/MVI_9455.MOV,Adjectives_1of8.zip,https://zenodo.org/api/records/4010759/files/Adjectives_1of8.zip/content
Adjectives/3. happy/MVI_9540.MOV,Adjectives_1of8.zip,https://zenodo.org/api/records/4010759/files/Adjectives_1of8.zip/content
Adjectives/3. happy/MVI_9541.MOV,Adjectives_1of8.zip,https://zenodo.org/api/records/4010759/files/Adjectives_1of8.zip/content
Adjectives/3. happy/MVI_9542.MOV,Adjectives_1of8.zip,https://zenodo.org/api/records/4010759/files/Adjectives_1of8.zip/content
